,album,album,album,album,album,album,album,album,album,album,album,album,album,artist,artist,artist,artist,artist,artist,artist,artist,artist,artist,artist,artist,artist,artist,artist,artist,artist,set,set,track,track,track,track,track,track,track,track,track,track,track,track,track,track,track,track,track,track,track,track
,comments,date_created,date_released,engineer,favorites,id,information,listens,producer,tags,title,tracks,type,active_year_begin,active_year_end,associated_labels,bio,comments,date_created,favorites,id,latitude,location,longitude,members,name,related_projects,tags,website,wikipedia_page,split,subset,bit_rate,comments,composer,date_created,date_recorded,duration,favorites,genre_top,genres,genres_all,information,interest,language_code,license,listens,lyricist,number,publisher,tags,title
track_id,,,,,,,,,,,,,,,,,,,,,,,,,,,,,,,,,,,,,,,,,,,,,,,,,,,,
2,0,2008-11-26 01:44:45,2009-01-05 00:00:00,,4,1,<p></p>,6073,,[],AWOL - A Way Of Life,7,Album,2006-01-01 00:00:00,,,"<p>A Way Of Life, A Collective of Hip-Hop from NJ...................</p>",0,2008-11-26 01:42:32,9,1,40.0583238,New Jersey,-74.4056612,"Sajje Morocco,Brownbum,ZawidaGod,Custodian of Records,Zooberelli the Don,F.A.H,MadSicka,Damien Omenicci..and a van load more...",AWOL,The list of past projects is 2 long but every1 and every style from Tabby Bonet 2 M.O.P..Azillion Records Flagship trackmaster DJ BrownBum is a beat Wizard.....A-2-Z..illion....(right now working with JerseyBlock Ent),['awol'],http://www.AzillionRecords.blogspot.com,,training,small,256000,0,,2008-11-26 01:48:12,2008-11-26 00:00:00,168,2,Hip-Hop,[21],[21],,4656,en,Attribution-NonCommercial-ShareAlike 3.0 International,1293,,3,,[],Food
3,0,2008-11-26 01:44:45,2009-01-05 00:00:00,,4,1,<p></p>,6073,,[],AWOL - A Way Of Life,7,Album,2006-01-01 00:00:00,,,"<p>A Way Of Life, A Collective of Hip-Hop from NJ...................</p>",0,2008-11-26 01:42:32,9,1,40.0583238,New Jersey,-74.4056612,"Sajje Morocco,Brownbum,ZawidaGod,Custodian of Records,Zooberelli the Don,F.A.H,MadSicka,Damien Omenicci..and a van load more...",AWOL,The list of past projects is 2 long but every1 and every style from Tabby Bonet 2 M.O.P..Azillion Records Flagship trackmaster DJ BrownBum is a beat Wizard.....A-2-Z..illion....(right now working with JerseyBlock Ent),['awol'],http://www.AzillionRecords.blogspot.com,,training,medium,256000,0,,2008-11-26 01:48:14,2008-11-26 00:00:00,237,1,Hip-Hop,[21],[21],,1470,en,Attribution-NonCommercial-ShareAlike 3.0 International,514,,4,,[],Electric Ave
5,0,2008-11-26 01:44:45,2009-01-05 00:00:00,,4,1,<p></p>,6073,,[],AWOL - A Way Of Life,7,Album,2006-01-01 00:00:00,,,"<p>A Way Of Life, A Collective of Hip-Hop from NJ...................</p>",0,2008-11-26 01:42:32,9,1,40.0583238,New Jersey,-74.4056612,"Sajje Morocco,Brownbum,ZawidaGod,Custodian of Records,Zooberelli the Don,F.A.H,MadSicka,Damien Omenicci..and a van load more...",AWOL,The list of past projects is 2 long but every1 and every style from Tabby Bonet 2 M.O.P..Azillion Records Flagship trackmaster DJ BrownBum is a beat Wizard.....A-2-Z..illion....(right now working with JerseyBlock Ent),['awol'],http://www.AzillionRecords.blogspot.com,,training,small,256000,0,,2008-11-26 01:48:20,2008-11-26 00:00:00,206,6,Hip-Hop,[21],[21],,1933,en,Attribution-NonCommercial-ShareAlike 3.0 International,1151,,6,,[],This World
10,0,2008-11-26 01:45:08,2008-02-06 00:00:00,,4,6,,47632,,[],Constant Hitmaker,2,Album,,,"Mexican Summer, Richie Records, Woodsist, Skulltones","<p><span style=""font-family:Verdana, Geneva, Arial;font-size:xx-small;"">""Philly's Constant Hitmaker"" Kurt Vile plays psychedelic experimental pop infused with a classic, folksy directness. 2008's Gulcher Records release <i>Constant Hitmaker</i> more than lives up to the name. Vile's a consistent live performer who's shared the stage with a range of sonic adventurers and avant pop-stars including Sonic Youth, Big Star, Blues Control, Magik Markers, and Ariel Pink's Haunted Graffiti.</span></p><p><span style=""font-family:Verdana, Geneva, Arial;font-size:xx-small;"">After a slew of limited releases on labels like Mexican Summer, Richie Records, Woodsist, and Skulltones,</span><span style=""font-family:Verdana, Geneva, Arial;font-size:xx-small;""> Kurt Vile signed to Matador Records who released his first proper full-length (the Gulcher release was more of a ""greatest hits""), <a title=""Childish Prodigy"" href=""http://www.matadorrecords.com/store/index.php?catalog_id=387"">Childish Prodigy</a>.<br /></span></p>",3,2008-11-26 01:42:55,74,6,,,,"Kurt Vile, the Violators",Kurt Vile,,"['philly', 'kurt vile']",http://kurtvile.com,,training,small,192000,0,Kurt Vile,2008-11-25 17:49:06,2008-11-26 00:00:00,161,178,Pop,[10],[10],,54881,en,Attribution-NonCommercial-NoDerivatives (aka Music Sharing) 3.0 International,50135,,1,,[],Freeway
20,0,2008-11-26 01:45:05,2009-01-06 00:00:00,,2,4,"<p> ""spiritual songs"" from Nicky Cook</p>",2710,,[],Niris,13,Album,1990-01-01 00:00:00,2011-01-01 00:00:00,,"<p>Songs written by: Nicky Cook</p>
<p>VOCALS, CAJON AND TABLA+ UKELELE</p>",2,2008-11-26 01:42:52,10,4,51.895927,Colchester England,0.891874,"Nicky Cook
",Nicky Cook,,"['instrumentals', 'experimental pop', 'post punk', 'experimental rock', 'soundtracks', 'lo fi', 'nicky', 'impro', 'cook', 'nicky andrews', 'ukelele', 'nicky cook', 'singer songwriter', 'tabla']",,,training,large,256000,0,,2008-11-26 01:48:56,2008-01-01 00:00:00,311,0,,"[76, 103]","[17, 10, 76, 103]",,978,en,Attribution-NonCommercial-NoDerivatives (aka Music Sharing) 3.0 International,361,,3,,[],Spiritual Level
26,0,2008-11-26 01:45:05,2009-01-06 00:00:00,,2,4,"<p> ""spiritual songs"" from Nicky Cook</p>",2710,,[],Niris,13,Album,1990-01-01 00:00:00,2011-01-01 00:00:00,,"<p>Songs written by: Nicky Cook</p>
<p>VOCALS, CAJON AND TABLA+ UKELELE</p>",2,2008-11-26 01:42:52,10,4,51.895927,Colchester England,0.891874,"Nicky Cook
",Nicky Cook,,"['instrumentals', 'experimental pop', 'post punk', 'experimental rock', 'soundtracks', 'lo fi', 'nicky', 'impro', 'cook', 'nicky andrews', 'ukelele', 'nicky cook', 'singer songwriter', 'tabla']",,,training,large,256000,0,,2008-11-26 01:49:05,2008-01-01 00:00:00,181,0,,"[76, 103]","[17, 10, 76, 103]",,1060,en,Attribution-NonCommercial-NoDerivatives (aka Music Sharing) 3.0 International,193,,4,,[],Where is your Love?
30,0,2008-11-26 01:45:05,2009-01-06 00:00:00,,2,4,"<p> ""spiritual songs"" from Nicky Cook</p>",2710,,[],Niris,13,Album,1990-01-01 00:00:00,2011-01-01 00:00:00,,"<p>Songs written by: Nicky Cook</p>
<p>VOCALS, CAJON AND TABLA+ UKELELE</p>",2,2008-11-26 01:42:52,10,4,51.895927,Colchester England,0.891874,"Nicky Cook
",Nicky Cook,,"['instrumentals', 'experimental pop', 'post punk', 'experimental rock', 'soundtracks', 'lo fi', 'nicky', 'impro', 'cook', 'nicky andrews', 'ukelele', 'nicky cook', 'singer songwriter', 'tabla']",,,training,large,256000,0,,2008-11-26 01:49:11,2008-01-01 00:00:00,174,0,,"[76, 103]","[17, 10, 76, 103]",,718,en,Attribution-NonCommercial-NoDerivatives (aka Music Sharing) 3.0 International,612,,5,,[],Too Happy
46,0,2008-11-26 01:45:05,2009-01-06 00:00:00,,2,4,"<p> ""spiritual songs"" from Nicky Cook</p>",2710,,[],Niris,13,Album,1990-01-01 00:00:00,2011-01-01 00:00:00,,"<p>Songs written by: Nicky Cook</p>
<p>VOCALS, CAJON AND TABLA+ UKELELE</p>",2,2008-11-26 01:42:52,10,4,51.895927,Colchester England,0.891874,"Nicky Cook
",Nicky Cook,,"['instrumentals', 'experimental pop', 'post punk', 'experimental rock', 'soundtracks', 'lo fi', 'nicky', 'impro', 'cook', 'nicky andrews', 'ukelele', 'nicky cook', 'singer songwriter', 'tabla']",,,training,large,256000,0,,2008-11-26 01:49:53,2008-01-01 00:00:00,104,0,,"[76, 103]","[17, 10, 76, 103]",,252,en,Attribution-NonCommercial-NoDerivatives (aka Music Sharing) 3.0 International,171,,8,,[],Yosemite
48,0,2008-11-26 01:45:05,2009-01-06 00:00:00,,2,4,"<p> ""spiritual songs"" from Nicky Cook</p>",2710,,[],Niris,13,Album,1990-01-01 00:00:00,2011-01-01 00:00:00,,"<p>Songs written by: Nicky Cook</p>
<p>VOCALS, CAJON AND TABLA+ UKELELE</p>",2,2008-11-26 01:42:52,10,4,51.895927,Colchester England,0.891874,"Nicky Cook
",Nicky Cook,,"['instrumentals', 'experimental pop', 'post punk', 'experimental rock', 'soundtracks', 'lo fi', 'nicky', 'impro', 'cook', 'nicky andrews', 'ukelele', 'nicky cook', 'singer songwriter', 'tabla']",,,training,large,256000,0,,2008-11-26 01:49:56,2008-01-01 00:00:00,205,0,,"[76, 103]","[17, 10, 76, 103]",,247,en,Attribution-NonCommercial-NoDerivatives (aka Music Sharing) 3.0 International,173,,9,,[],Light of Light
134,0,2008-11-26 01:44:45,2009-01-05 00:00:00,,4,1,<p></p>,6073,,[],AWOL - A Way Of Life,7,Album,2006-01-01 00:00:00,,,"<p>A Way Of Life, A Collective of Hip-Hop from NJ...................</p>",0,2008-11-26 01:42:32,9,1,40.0583238,New Jersey,-74.4056612,"Sajje Morocco,Brownbum,ZawidaGod,Custodian of Records,Zooberelli the Don,F.A.H,MadSicka,Damien Omenicci..and a van load more...",AWOL,The list of past projects is 2 long but every1 and every style from Tabby Bonet 2 M.O.P..Azillion Records Flagship trackmaster DJ BrownBum is a beat Wizard.....A-2-Z..illion....(right now working with JerseyBlock Ent),['awol'],http://www.AzillionRecords.blogspot.com,,training,medium,256000,0,,2008-11-26 01:43:19,2008-11-26 00:00:00,207,3,Hip-Hop,[21],[21],,1126,en,Attribution-NonCommercial-ShareAlike 3.0 International,943,,5,,[],Street Music
135,1,2008-11-26 01:49:19,2009-01-07 00:00:00,,0,58,"<p>A couple of unreleased mp3s from the fellas of Abominog, featuring Grady Runyan, Mitch (Rubin Fiberglass) Fogelman, and Mr. Wall.<em><em></em></em><em></em></p>
<p>See also: The Bad Trips<span id=""comment-124256430-content"">/Liquorball/Monoshock/BadTrip/CardinalSin/etc/etc/etc.</span></p>",3331,,[],mp3,4,Single Tracks,,,,,1,2008-11-26 01:47:07,0,52,,,,,Abominog,,['abominog'],http://myspace.com/abominog,,training,large,256000,1,,2008-11-26 01:43:26,2008-11-26 00:00:00,837,0,Rock,"[45, 58]","[58, 12, 45]",,2484,en,Attribution-NonCommercial-ShareAlike 3.0 International,1832,,0,,[],Father's Day
136,1,2008-11-26 01:49:19,2009-01-07 00:00:00,,0,58,"<p>A couple of unreleased mp3s from the fellas of Abominog, featuring Grady Runyan, Mitch (Rubin Fiberglass) Fogelman, and Mr. Wall.<em><em></em></em><em></em></p>
<p>See also: The Bad Trips<span id=""comment-124256430-content"">/Liquorball/Monoshock/BadTrip/CardinalSin/etc/etc/etc.</span></p>",3331,,[],mp3,4,Single Tracks,,,,,1,2008-11-26 01:47:07,0,52,,,,,Abominog,,['abominog'],http://myspace.com/abominog,,training,medium,256000,1,,2008-11-26 01:43:35,2008-11-26 00:00:00,509,0,Rock,"[45, 58]","[58, 12, 45]",,1948,en,Attribution-NonCommercial-ShareAlike 3.0 International,1498,,0,,[],Peel Back The Mountain Sky
137,1,2008-11-26 01:49:35,2006-12-01 00:00:00,,2,59,"<p>Here's the proof in the pudding that the ascent of the Japanese noise scene actually was pretty well informed by the long-enduring weirdos of the <a href=""http://en.wikipedia.org/wiki/Los_Angeles_Free_Music_Society"">Los Angeles Free Music Society</a>. Well, more than they get credit for, anyway. It's no surprise that Keiji Haino came knocking on the Doodooettes' door in the early 1980's, nor that self crowned king of noize Jojo from Hijo Kaidan claimed he threw away the rule book and started from squat after he heard the live Airway recording, and now it's available again and its lo-fi muck shines glorious even in CD format. Comprised of LAFMS stable stalwarts Rick Potts, Juan Gomez (also of Human Hands fame), Tom Recchion, Joe Potts, Chris Chapman, Dennis Duck (who also has a new reissue of vinyl-glop tomfoolery on the <a href=""http://www.poobah.com/label/"">Poo-Bah</a> label) and banshee vocalist Vetza, this set was originally an LP in 1978 and also included in the 10CD LAFMS box set years ago, but has been remastered from the original source for this disc. It blazes like few other things from Tinseltown, that's for certain; a mutant jam of unrecognizable instruments (I dare say that the blaring scrapheap that rolls over everything in the mix in the middle of track 2 might be the <em>mandolin</em>????) Totally berzerk short-circuit mayhem that probably never had a chance to co-star in <em>Urgh! A Music War</em> by a long shot. But you, dear listener, deserve to be there. (-by Brian Turner at <a href=""http://blog.wfmu.org/freeform/2007/04/recent_faves_fr.html""><em>WFMU's Beware of the Blog</em></a>)</p>",1681,,['lafms'],Live at LACE,2,Live Performance,1978-01-01 00:00:00,1998-01-01 00:00:00,"Los Angeles Free Music Society, Harbinger Sound","<p>Airway was a musical ensemble based within the Los Angeles Free Music Society.</p>
<p>Airway was initially a solo project of <span class=""new"">Le Forte Four</span> member Joe Potts. The first release was the <em>Airway</em> 7"", which featured subliminal messages to coincide with an art exhibition in Tokyo. <sup class=""noprint Template-Fact""></sup>In August 1978 Airway made their live debut at the Lace Gallery. This lineup featured Potts and Chip Chapman on electronics, Vetza on vocals, Rick Potts on mandolin, Dennis Duck on saxophone, Juan Gomez on bass, and <span class=""new"">Tom Recchion</span> on drums. They attempted to create subliminal messages beneath a <span class=""new"">wall of noise</span> by using tape delay. Recordings from the performance were released as <em>Live At LACE</em> by the Los Angeles Free Music Society. ""Live at LACE"" was reissued by Harbinger Sound in 2006.</p>
<p>Throughout 1978 the group performed more concerts with differing lineups, but always with Joe Potts' subliminal message experiments. The project disbanded in 1979. Airway reformed in 1998 for a performance at the Santa Monica Museum of Art, which featured 18 musicians. Recordings from the performance were released as <em>Beyond the Pink Live</em> by the <span class=""new"">Cortical Foundation</span>.</p>
<p>Their sound influenced the Japanese noise band Hijokaidan. (-via <a href=""http://en.wikipedia.org/wiki/Airway_(band)"" target=""_blank"">Wikipedia.org</a>)</p>",0,2008-11-26 01:47:22,5,53,34.0522342,"Los Angeles, CA",-118.2436849,"Rick Potts, Juan Gomez, Tom Recchion, Joe Potts, Chris Chapman, Dennis Duck and Vetza",Airway,"Los Angeles Free Music Society, the Banshees, Le Forte Four, Human Hands",['airway'],http://www.lafms.com/,http://en.wikipedia.org/wiki/Airway_(band),training,large,256000,0,,2008-11-26 01:43:42,1978-04-27 00:00:00,1233,2,Experimental,"[1, 32]","[32, 1, 38]","<p>Recorded live in downtown Los Angeles at the Lace Gallery, April 27, 1978.</p>",2559,en,Attribution-NonCommercial-ShareAlike 3.0 International,1278,,1,,['lafms'],Side A
138,1,2008-11-26 01:49:35,2006-12-01 00:00:00,,2,59,"<p>Here's the proof in the pudding that the ascent of the Japanese noise scene actually was pretty well informed by the long-enduring weirdos of the <a href=""http://en.wikipedia.org/wiki/Los_Angeles_Free_Music_Society"">Los Angeles Free Music Society</a>. Well, more than they get credit for, anyway. It's no surprise that Keiji Haino came knocking on the Doodooettes' door in the early 1980's, nor that self crowned king of noize Jojo from Hijo Kaidan claimed he threw away the rule book and started from squat after he heard the live Airway recording, and now it's available again and its lo-fi muck shines glorious even in CD format. Comprised of LAFMS stable stalwarts Rick Potts, Juan Gomez (also of Human Hands fame), Tom Recchion, Joe Potts, Chris Chapman, Dennis Duck (who also has a new reissue of vinyl-glop tomfoolery on the <a href=""http://www.poobah.com/label/"">Poo-Bah</a> label) and banshee vocalist Vetza, this set was originally an LP in 1978 and also included in the 10CD LAFMS box set years ago, but has been remastered from the original source for this disc. It blazes like few other things from Tinseltown, that's for certain; a mutant jam of unrecognizable instruments (I dare say that the blaring scrapheap that rolls over everything in the mix in the middle of track 2 might be the <em>mandolin</em>????) Totally berzerk short-circuit mayhem that probably never had a chance to co-star in <em>Urgh! A Music War</em> by a long shot. But you, dear listener, deserve to be there. (-by Brian Turner at <a href=""http://blog.wfmu.org/freeform/2007/04/recent_faves_fr.html""><em>WFMU's Beware of the Blog</em></a>)</p>",1681,,['lafms'],Live at LACE,2,Live Performance,1978-01-01 00:00:00,1998-01-01 00:00:00,"Los Angeles Free Music Society, Harbinger Sound","<p>Airway was a musical ensemble based within the Los Angeles Free Music Society.</p>
<p>Airway was initially a solo project of <span class=""new"">Le Forte Four</span> member Joe Potts. The first release was the <em>Airway</em> 7"", which featured subliminal messages to coincide with an art exhibition in Tokyo. <sup class=""noprint Template-Fact""></sup>In August 1978 Airway made their live debut at the Lace Gallery. This lineup featured Potts and Chip Chapman on electronics, Vetza on vocals, Rick Potts on mandolin, Dennis Duck on saxophone, Juan Gomez on bass, and <span class=""new"">Tom Recchion</span> on drums. They attempted to create subliminal messages beneath a <span class=""new"">wall of noise</span> by using tape delay. Recordings from the performance were released as <em>Live At LACE</em> by the Los Angeles Free Music Society. ""Live at LACE"" was reissued by Harbinger Sound in 2006.</p>
<p>Throughout 1978 the group performed more concerts with differing lineups, but always with Joe Potts' subliminal message experiments. The project disbanded in 1979. Airway reformed in 1998 for a performance at the Santa Monica Museum of Art, which featured 18 musicians. Recordings from the performance were released as <em>Beyond the Pink Live</em> by the <span class=""new"">Cortical Foundation</span>.</p>
<p>Their sound influenced the Japanese noise band Hijokaidan. (-via <a href=""http://en.wikipedia.org/wiki/Airway_(band)"" target=""_blank"">Wikipedia.org</a>)</p>",0,2008-11-26 01:47:22,5,53,34.0522342,"Los Angeles, CA",-118.2436849,"Rick Potts, Juan Gomez, Tom Recchion, Joe Potts, Chris Chapman, Dennis Duck and Vetza",Airway,"Los Angeles Free Music Society, the Banshees, Le Forte Four, Human Hands",['airway'],http://www.lafms.com/,http://en.wikipedia.org/wiki/Airway_(band),training,large,256000,0,,2008-11-26 01:43:56,1978-04-27 00:00:00,1231,2,Experimental,"[1, 32]","[32, 1, 38]","<p>Recorded live in downtown Los Angeles at the Lace Gallery, April 27, 1978.</p>",1909,en,Attribution-NonCommercial-ShareAlike 3.0 International,489,,2,,['lafms'],Side B
139,0,2008-11-26 01:49:57,2009-01-16 00:00:00,,1,60,"<p>A full ensamble of strings, drums, electronics, farfisa, horns and of course Alec's signature accordian. carnival-esque and romantic to down right murderous at times.</p>",1304,,[],Every Man For Himself,2,Album,1999-01-01 00:00:00,,,"<p>The Eyesores originally formed in 1997 originally as an outlet for Alec's singer/songwriter, but has since developed into something far more twisted and epic. The band has gone through many shapes and forms such as being: a chamber trio or quartet with accordion and strings, and as a big band with strings, guitars, drums,electronics, brass, and hurdy- gurdies, and sometimes just Alec solo, singing and playing accordion. The band has also accompanied theater and dance troupes such as the Everett Dance Theater and has worked with Providence independent film director Laura Colella.</p>",0,2008-11-26 01:47:44,11,54,41.8239891,"Providence, RI",-71.4128343,,Alec K. Redfearn & the Eyesores,"Haldols, Amoebic Ensemble, Mr. Gutter",['alec k redfearn and the eyesores'],http://www.aleckredfearn.com,http://en.wikipedia.org/wiki/Alec_K_Redfearn,training,medium,128000,0,,2008-11-26 01:44:05,2008-11-26 00:00:00,296,3,Folk,[17],[17],,702,en,Attribution-Noncommercial-No Derivative Works 3.0 United States,582,,2,,[],CandyAss
140,1,2008-11-26 01:49:59,2007-05-22 00:00:00,,1,61,"<p>Alec K. Redfearn &amp; The Eyesores: Ellen Santaniello (soprano); Domenick Panzarella (guitar); Steve Jobe (hurdy-gurdy); Sarah Tolan-Mee, Olivia Geiger (violin); Laura Gulley (viola); Alec K. Redfearn (accordion); Erica Schattle (bassoon); Jason <span id=""switchNoteSnippet"" style=""display: none;"">...&nbsp;&nbsp;&nbsp; <a class=""notimportantlink"" style=""cursor: pointer;"" onclick=""javascript:showelement(&quot;NoteSnippet&quot;, &quot;&quot;, &quot;switchNoteSnippet&quot;);"">Full&nbsp;Description</a></span><span id=""NoteSnippet"" style=""display: inline; visibility: visible;"">McGill (alto saxophone); Orion Rigel Dommisse (organ); Matt McLaren (drums); Frank Difficult (programming); Chris Sadlers, Margie Wienk, Ann Schattle</span></p>",1300,"Alec K. Refearn, Rob Pemberton",[],The Blind Spot,1,Album,1999-01-01 00:00:00,,,"<p>The Eyesores originally formed in 1997 originally as an outlet for Alec's singer/songwriter, but has since developed into something far more twisted and epic. The band has gone through many shapes and forms such as being: a chamber trio or quartet with accordion and strings, and as a big band with strings, guitars, drums,electronics, brass, and hurdy- gurdies, and sometimes just Alec solo, singing and playing accordion. The band has also accompanied theater and dance troupes such as the Everett Dance Theater and has worked with Providence independent film director Laura Colella.</p>",0,2008-11-26 01:47:44,11,54,41.8239891,"Providence, RI",-71.4128343,,Alec K. Redfearn & the Eyesores,"Haldols, Amoebic Ensemble, Mr. Gutter",['alec k redfearn and the eyesores'],http://www.aleckredfearn.com,http://en.wikipedia.org/wiki/Alec_K_Redfearn,training,small,128000,0,,2008-11-26 01:44:07,2008-11-26 00:00:00,253,5,Folk,[17],[17],,1593,en,Attribution-Noncommercial-No Derivative Works 3.0 United States,1299,,2,,[],Queen Of The Wires
141,0,2008-11-26 01:49:57,2009-01-16 00:00:00,,1,60,"<p>A full ensamble of strings, drums, electronics, farfisa, horns and of course Alec's signature accordian. carnival-esque and romantic to down right murderous at times.</p>",1304,,[],Every Man For Himself,2,Album,1999-01-01 00:00:00,,,"<p>The Eyesores originally formed in 1997 originally as an outlet for Alec's singer/songwriter, but has since developed into something far more twisted and epic. The band has gone through many shapes and forms such as being: a chamber trio or quartet with accordion and strings, and as a big band with strings, guitars, drums,electronics, brass, and hurdy- gurdies, and sometimes just Alec solo, singing and playing accordion. The band has also accompanied theater and dance troupes such as the Everett Dance Theater and has worked with Providence independent film director Laura Colella.</p>",0,2008-11-26 01:47:44,11,54,41.8239891,"Providence, RI",-71.4128343,,Alec K. Redfearn & the Eyesores,"Haldols, Amoebic Ensemble, Mr. Gutter",['alec k redfearn and the eyesores'],http://www.aleckredfearn.com,http://en.wikipedia.org/wiki/Alec_K_Redfearn,training,small,128000,0,,2008-11-26 01:44:10,2008-11-26 00:00:00,182,1,Folk,[17],[17],,839,en,Attribution-Noncommercial-No Derivative Works 3.0 United States,725,,4,,[],Ohio
142,0,2008-11-26 01:50:03,2005-01-25 00:00:00,,1,62,"<p>Recorded at Sound Station Seven and at home<br /> engineered by John Jacobson, Todd Jessop and Alec K. Redfearn <br /> mastered by Brad Blackwood at Euphonic Mastering</p>
<p>Alec K. Redfearn/The Eyesores: Alec K. Redfearn (vocals, various instruments, accordion, piano, Hammond b-3 organ, cymbals, Jew's harp)</p>
<p>Margie Wienk (vocals, double bass)</p>
<p>Alec Thibodeau (guitar)</p>
<p>Olivia Geiger (violin)</p>
<p>James McGill (alto <span id=""switchNoteSnippet"" style=""display: none;"">...&nbsp;&nbsp;&nbsp; <a class=""notimportantlink"" style=""cursor: pointer;"" onclick=""javascript:showelement(&quot;NoteSnippet&quot;, &quot;&quot;, &quot;switchNoteSnippet&quot;);"">Full&nbsp;Description</a></span><span id=""NoteSnippet"" style=""display: inline; visibility: visible;"">saxophone, percussion)</span></p>
<p><span id=""NoteSnippet"" style=""display: inline; visibility: visible;"">Ann Schattle (French horn)</span></p>
<p><span id=""NoteSnippet"" style=""display: inline; visibility: visible;"">Chris Saraullo (glockenspiel, tom tom)</span></p>
<p><span id=""NoteSnippet"" style=""display: inline; visibility: visible;"">Matt McLaren (drums)</span></p>
<p><span id=""NoteSnippet"" style=""display: inline; visibility: visible;"">Frank Difficult (electronics, sound effects).</span></p>",845,,[],The Quiet Room,1,Album,1999-01-01 00:00:00,,,"<p>The Eyesores originally formed in 1997 originally as an outlet for Alec's singer/songwriter, but has since developed into something far more twisted and epic. The band has gone through many shapes and forms such as being: a chamber trio or quartet with accordion and strings, and as a big band with strings, guitars, drums,electronics, brass, and hurdy- gurdies, and sometimes just Alec solo, singing and playing accordion. The band has also accompanied theater and dance troupes such as the Everett Dance Theater and has worked with Providence independent film director Laura Colella.</p>",0,2008-11-26 01:47:44,11,54,41.8239891,"Providence, RI",-71.4128343,,Alec K. Redfearn & the Eyesores,"Haldols, Amoebic Ensemble, Mr. Gutter",['alec k redfearn and the eyesores'],http://www.aleckredfearn.com,http://en.wikipedia.org/wiki/Alec_K_Redfearn,training,large,128000,0,,2008-11-26 01:44:11,2008-11-26 00:00:00,470,6,Folk,[17],[17],,1223,en,Attribution-Noncommercial-No Derivative Works 3.0 United States,848,,5,,[],Punjabi Watery Grave
144,0,2008-11-26 01:50:07,2009-01-06 00:00:00,,0,64,"<p><em>A</em>lthough recorded in Providence in late 1996 and early 1997, <em>Amoebiasis </em>was released on the French record label Stupeur et Trompette! in 1998.</p>",2014,Tom Buckland,[],Amoebiasis,0,Album,1992-01-01 00:00:00,1999-01-01 00:00:00,,"<p>The obscure, but legendary Amoebic Ensemble formed in 1992 and disbanded for the last time in 1999. The Amoebics' music was an enraged, jagged and angular variant on early American cartoon music, among other things. The band was led by Alec K. Redfearn, but members Steven Jobe, Jonathan Thomas and Matt Everett also contributed compositions to the band's repetoire. There were no guitar players or bass players, just strings, brass, accordion, mandolin/ bouzouki and 2 percussionists. The shows were swirling mathematical chaos with a lot of searing high-end, but there was enough humor and pathos for most audiences to find it entertaining. Since then, Alec K. Redfearn went on to form Alec K. Redfearn and the Eyesores, Jonathan Thomas records under the name Septimania, Matt Everett has embarked on a solo career and Steve Jobe has been writing a ballet.... (-via <a href=""http://www.myspace.com/amoebicensemble"" target=""_blank"">Myspace.com</a>)</p>
<p>photo via <a href=""http://www.aleckredfearn.com/information.html"" target=""_blank"">Alec's website</a></p>",1,2008-11-26 01:47:54,7,56,41.8239891,"Providence, RI",-71.4128343,"Alec K. Redfearn
Shawn Wallace
Jonathan Thomas
Matthew Everett
Laura Gulley
Steve Jobe
Paige Van Antwerp",Amoebic Ensemble,Septimania,"['providence', 'amoebic ensemble', 'rhode island']",http://www.myspace.com/amoebicensemble,http://en.wikipedia.org/wiki/Amoebic_Ensemble,training,large,256000,0,,2008-11-26 01:44:15,1998-11-26 00:00:00,82,1,Jazz,[4],[4],,1146,en,Attribution-Noncommercial-No Derivative Works 3.0 United States,1143,,1,,[],Wire Up
145,0,2008-11-26 01:50:07,2009-01-06 00:00:00,,0,64,"<p><em>A</em>lthough recorded in Providence in late 1996 and early 1997, <em>Amoebiasis </em>was released on the French record label Stupeur et Trompette! in 1998.</p>",2014,Tom Buckland,[],Amoebiasis,0,Album,1992-01-01 00:00:00,1999-01-01 00:00:00,,"<p>The obscure, but legendary Amoebic Ensemble formed in 1992 and disbanded for the last time in 1999. The Amoebics' music was an enraged, jagged and angular variant on early American cartoon music, among other things. The band was led by Alec K. Redfearn, but members Steven Jobe, Jonathan Thomas and Matt Everett also contributed compositions to the band's repetoire. There were no guitar players or bass players, just strings, brass, accordion, mandolin/ bouzouki and 2 percussionists. The shows were swirling mathematical chaos with a lot of searing high-end, but there was enough humor and pathos for most audiences to find it entertaining. Since then, Alec K. Redfearn went on to form Alec K. Redfearn and the Eyesores, Jonathan Thomas records under the name Septimania, Matt Everett has embarked on a solo career and Steve Jobe has been writing a ballet.... (-via <a href=""http://www.myspace.com/amoebicensemble"" target=""_blank"">Myspace.com</a>)</p>
<p>photo via <a href=""http://www.aleckredfearn.com/information.html"" target=""_blank"">Alec's website</a></p>",1,2008-11-26 01:47:54,7,56,41.8239891,"Providence, RI",-71.4128343,"Alec K. Redfearn
Shawn Wallace
Jonathan Thomas
Matthew Everett
Laura Gulley
Steve Jobe
Paige Van Antwerp",Amoebic Ensemble,Septimania,"['providence', 'amoebic ensemble', 'rhode island']",http://www.myspace.com/amoebicensemble,http://en.wikipedia.org/wiki/Amoebic_Ensemble,training,large,256000,0,,2008-11-26 01:44:18,1998-11-26 00:00:00,326,1,Jazz,[4],[4],,968,en,Attribution-Noncommercial-No Derivative Works 3.0 United States,883,,3,,[],Amoebiasis
146,0,2008-11-26 01:50:13,1995-01-01 00:00:00,,1,65,"<p>""Excellent accordion oriented avant-prog band, blending naiveness behind complex structured compositions . Chamber rock music mixed with plink plonky circus sounds and an excellent accordion in the background!"" (-via <a href=""http://mutant-sounds.blogspot.com/2008/03/amoebic-ensemble-limbic-ragecd1995usa.html"" target=""_blank"">Mutant Sounds</a>)</p>",1446,,[],Limbic Rage,0,Album,1992-01-01 00:00:00,1999-01-01 00:00:00,,"<p>The obscure, but legendary Amoebic Ensemble formed in 1992 and disbanded for the last time in 1999. The Amoebics' music was an enraged, jagged and angular variant on early American cartoon music, among other things. The band was led by Alec K. Redfearn, but members Steven Jobe, Jonathan Thomas and Matt Everett also contributed compositions to the band's repetoire. There were no guitar players or bass players, just strings, brass, accordion, mandolin/ bouzouki and 2 percussionists. The shows were swirling mathematical chaos with a lot of searing high-end, but there was enough humor and pathos for most audiences to find it entertaining. Since then, Alec K. Redfearn went on to form Alec K. Redfearn and the Eyesores, Jonathan Thomas records under the name Septimania, Matt Everett has embarked on a solo career and Steve Jobe has been writing a ballet.... (-via <a href=""http://www.myspace.com/amoebicensemble"" target=""_blank"">Myspace.com</a>)</p>
<p>photo via <a href=""http://www.aleckredfearn.com/information.html"" target=""_blank"">Alec's website</a></p>",1,2008-11-26 01:47:54,7,56,41.8239891,"Providence, RI",-71.4128343,"Alec K. Redfearn
Shawn Wallace
Jonathan Thomas
Matthew Everett
Laura Gulley
Steve Jobe
Paige Van Antwerp",Amoebic Ensemble,Septimania,"['providence', 'amoebic ensemble', 'rhode island']",http://www.myspace.com/amoebicensemble,http://en.wikipedia.org/wiki/Amoebic_Ensemble,training,large,256000,0,,2008-11-26 01:44:21,1995-11-26 00:00:00,354,5,Jazz,[4],[4],,855,en,Attribution-Noncommercial-No Derivative Works 3.0 United States,690,,6,,[],Gimme a Buck or I'll Touch You / Boilermaker
147,0,2008-11-26 01:50:13,1995-01-01 00:00:00,,1,65,"<p>""Excellent accordion oriented avant-prog band, blending naiveness behind complex structured compositions . Chamber rock music mixed with plink plonky circus sounds and an excellent accordion in the background!"" (-via <a href=""http://mutant-sounds.blogspot.com/2008/03/amoebic-ensemble-limbic-ragecd1995usa.html"" target=""_blank"">Mutant Sounds</a>)</p>",1446,,[],Limbic Rage,0,Album,1992-01-01 00:00:00,1999-01-01 00:00:00,,"<p>The obscure, but legendary Amoebic Ensemble formed in 1992 and disbanded for the last time in 1999. The Amoebics' music was an enraged, jagged and angular variant on early American cartoon music, among other things. The band was led by Alec K. Redfearn, but members Steven Jobe, Jonathan Thomas and Matt Everett also contributed compositions to the band's repetoire. There were no guitar players or bass players, just strings, brass, accordion, mandolin/ bouzouki and 2 percussionists. The shows were swirling mathematical chaos with a lot of searing high-end, but there was enough humor and pathos for most audiences to find it entertaining. Since then, Alec K. Redfearn went on to form Alec K. Redfearn and the Eyesores, Jonathan Thomas records under the name Septimania, Matt Everett has embarked on a solo career and Steve Jobe has been writing a ballet.... (-via <a href=""http://www.myspace.com/amoebicensemble"" target=""_blank"">Myspace.com</a>)</p>
<p>photo via <a href=""http://www.aleckredfearn.com/information.html"" target=""_blank"">Alec's website</a></p>",1,2008-11-26 01:47:54,7,56,41.8239891,"Providence, RI",-71.4128343,"Alec K. Redfearn
Shawn Wallace
Jonathan Thomas
Matthew Everett
Laura Gulley
Steve Jobe
Paige Van Antwerp",Amoebic Ensemble,Septimania,"['providence', 'amoebic ensemble', 'rhode island']",http://www.myspace.com/amoebicensemble,http://en.wikipedia.org/wiki/Amoebic_Ensemble,training,large,256000,0,,2008-11-26 01:44:25,1995-11-26 00:00:00,232,2,Jazz,[4],[4],,930,en,Attribution-Noncommercial-No Derivative Works 3.0 United States,766,,7,,[],Repetitive Motion Sickness
148,0,2008-11-26 01:50:19,2009-01-15 00:00:00,,0,66,"<p>""Compositions for electronics and voice."" If one ever played around with a microphone in front of a set of speakers, you know it can create feedback. If you are not afraid and keep on holding the microphone in front of the speakers, you know you can sing through it, or scream or shout. (-<a href=""http://www.staalplaat.com/vital_archive/449.txt"" target=""_blank"">Vital Weekly, number 449, week 47</a>)</p>",1831,,[],Contradiction,1,Album,,,Breathmint,"<p>Power Electronics redefined by Andy Ortmann &amp; Weasel Walter, the sheer brutality is matched only by their thoughtfulness.</p>",0,2008-11-26 01:48:05,0,57,41.8781136,"Chicago, IL",-87.6297982,"Weasel Walter
Andy Ortmann",Contradiction,"Flying Luttenbachers, Lake of Dracula, Xbxrx, Burmese, Lair of the Minotaur, Panicsville",['contradiction'],http://nowave.pair.com/contradiction/index.html,,validation,small,256000,0,,2008-11-26 01:44:28,2002-08-01 00:00:00,138,1,Experimental,[1],"[1, 38]",,2437,en,Attribution-Noncommercial-Share Alike 3.0 United States,1831,,2,,[],Blackout 2
149,0,2008-11-26 01:50:25,2009-01-09 00:00:00,,0,67,"<p><span style=""font-family:Arial, Helvetica, sans-serif;""><span style=""color:#000000;"">Two Gong/Wire Pieces presents side-long live-to-tape performances using a special system which Hayleck has invented and with which he has performed widely - bowing a long wire attached to a Chinese gong, allowing for special control of the irrational vibrations of the metal plate through careful control over the tension of the wire and place and style of bowing. The resulting masses of beating tone-forms are lakes of pools of eddies or whirlpools born from a deceptively simple and carefully considered system and a seemingly enormous pair of ears.</span></span></p>
<p><span style=""font-family:Arial, Helvetica, sans-serif;""><span style=""color:#000000;"">cover art and design by Andy Hayleck<br /></span></span></p>",858,,[],Two Gong/Wire Pieces,2,Album,,,,"<p><span style=""font-family:Arial, Helvetica, sans-serif;"">Electro-acoustic composer and instrumentalist Andy Hayleck                        is a quiet storm of the Baltimore experimental music scene,                        a virtuoso of sound whose range of highly developed projects                        and approaches is dizzying - spanning everything from jazz                        and ska guitar to musique concrete and the invention of                        new instruments and electro-acoustic systems. Hayleck ""enjoy[s]                        collaborating with animate and inanimate objects.""                        In the animate realm, he has worked with free improvisors,                        drum'n'bass djs, pop and ska groups, experimental musical                        instrument builders and artists. In the inanimate realm                        he has worked with vibrating metal systems of one, two and                        three dimensions, air, water, and electricity.He currently                        plays in the ensemble Aerotrain (a group that performs compositions                        on instruments built by Neil Feather) and Heavy Things,                        as well as solo (primarily with his own</span><span style=""font-family:Arial, Helvetica, sans-serif;"">,                        highly original amplified gong/wire and live electronics). (-via the <a href=""http://www.highzero.org/2003_site/the_musicians/index.htm"">High Zero Festival of Experimental Improvised Music</a> website)<br /></span></p>",0,2008-11-26 01:48:10,1,58,39.2903848,"Baltimore, MD",-76.6121893,,Andy Hayleck,,['andy hayleck'],http://www.ehserecords.com/ehse006.html,,training,large,287639,0,,2008-11-26 01:44:34,2006-01-01 00:00:00,988,1,Experimental,[1],"[1, 38]",,1103,en,Attribution-NonCommercial-ShareAlike 3.0 International,453,,2,,[],Outside the window bees buzzed...
150,0,2008-11-26 01:50:25,2009-01-09 00:00:00,,0,67,"<p><span style=""font-family:Arial, Helvetica, sans-serif;""><span style=""color:#000000;"">Two Gong/Wire Pieces presents side-long live-to-tape performances using a special system which Hayleck has invented and with which he has performed widely - bowing a long wire attached to a Chinese gong, allowing for special control of the irrational vibrations of the metal plate through careful control over the tension of the wire and place and style of bowing. The resulting masses of beating tone-forms are lakes of pools of eddies or whirlpools born from a deceptively simple and carefully considered system and a seemingly enormous pair of ears.</span></span></p>
<p><span style=""font-family:Arial, Helvetica, sans-serif;""><span style=""color:#000000;"">cover art and design by Andy Hayleck<br /></span></span></p>",858,,[],Two Gong/Wire Pieces,2,Album,,,,"<p><span style=""font-family:Arial, Helvetica, sans-serif;"">Electro-acoustic composer and instrumentalist Andy Hayleck                        is a quiet storm of the Baltimore experimental music scene,                        a virtuoso of sound whose range of highly developed projects                        and approaches is dizzying - spanning everything from jazz                        and ska guitar to musique concrete and the invention of                        new instruments and electro-acoustic systems. Hayleck ""enjoy[s]                        collaborating with animate and inanimate objects.""                        In the animate realm, he has worked with free improvisors,                        drum'n'bass djs, pop and ska groups, experimental musical                        instrument builders and artists. In the inanimate realm                        he has worked with vibrating metal systems of one, two and                        three dimensions, air, water, and electricity.He currently                        plays in the ensemble Aerotrain (a group that performs compositions                        on instruments built by Neil Feather) and Heavy Things,                        as well as solo (primarily with his own</span><span style=""font-family:Arial, Helvetica, sans-serif;"">,                        highly original amplified gong/wire and live electronics). (-via the <a href=""http://www.highzero.org/2003_site/the_musicians/index.htm"">High Zero Festival of Experimental Improvised Music</a> website)<br /></span></p>",0,2008-11-26 01:48:10,1,58,39.2903848,"Baltimore, MD",-76.6121893,,Andy Hayleck,,['andy hayleck'],http://www.ehserecords.com/ehse006.html,,training,large,282817,0,,2008-11-26 01:44:45,2006-01-01 00:00:00,1182,0,Experimental,[1],"[1, 38]",,1071,en,Attribution-NonCommercial-ShareAlike 3.0 International,407,,1,,[],... listening to the sunshine burn the grass
151,0,2008-11-26 01:50:46,2009-01-06 00:00:00,,0,68,"<p><em>Make Them Suffer</em> was released on James Squeaky's Below PDX label out of Portland, OR.</p>
<p>""They go scrambling around in the trash, sifting clumps and globs of audio refuse, such as dribbles of feedback, scraps of rhythm and fuzy guitar tones, into a series of low-brow lo-fi rumbles"" (-via <a href=""http://www.myspace.com/awrites"" target=""_blank"">Animal Writes' Myspace page</a>).</p>",244,,[],Make Them Suffer,2,Album,,,,"<p>They go scrambling around in the trash, sifting clumps and globs of audio refuse, such as dribbles of feedback, scraps of rhythm and fuzy guitar tones, into a series of low-brow lo-fi rumbles.</p>",0,2008-11-26 01:48:32,0,59,45.5234515,"Portland, OR",-122.6762071,Kitty Midwife,Animal Writes,Kitty Midwife,['animal writes'],http://www.myspace.com/awrites,,training,large,192000,0,,2008-11-26 01:44:55,,192,0,Rock,[25],"[25, 12]",,701,en,Attribution-NonCommercial-ShareAlike 3.0 International,148,,4,,[],Untitled 04
152,0,2008-11-26 01:50:46,2009-01-06 00:00:00,,0,68,"<p><em>Make Them Suffer</em> was released on James Squeaky's Below PDX label out of Portland, OR.</p>
<p>""They go scrambling around in the trash, sifting clumps and globs of audio refuse, such as dribbles of feedback, scraps of rhythm and fuzy guitar tones, into a series of low-brow lo-fi rumbles"" (-via <a href=""http://www.myspace.com/awrites"" target=""_blank"">Animal Writes' Myspace page</a>).</p>",244,,[],Make Them Suffer,2,Album,,,,"<p>They go scrambling around in the trash, sifting clumps and globs of audio refuse, such as dribbles of feedback, scraps of rhythm and fuzy guitar tones, into a series of low-brow lo-fi rumbles.</p>",0,2008-11-26 01:48:32,0,59,45.5234515,"Portland, OR",-122.6762071,Kitty Midwife,Animal Writes,Kitty Midwife,['animal writes'],http://www.myspace.com/awrites,,training,large,192000,0,,2008-11-26 01:44:58,,193,0,Rock,[25],"[25, 12]",,637,en,Attribution-NonCommercial-ShareAlike 3.0 International,98,,11,,[],Untitled 11
153,0,2008-11-26 01:50:50,2005-06-07 00:00:00,,0,69,"<p>Self-titled debut released on Philadelphia's High Two Record label in 2005.</p>
<p>Featuring: Greg Pardew - Guitar, Baritone Guitar;          Jason Hutt - Guitar, Baritone Guitar;     Ryan Grove - Drums, occassional guitar</p>
<p>Features guest appearances by saxophonist Dan Scofield (Shot X Shot, Sonic Liberation Front) and violinist Jennifer Hutt.</p>",628,,[],Arc and Sender,2,Album,2005-01-01 00:00:00,,,"<p>Born as a recording project in its northern Maryland home studio, Arc and Sender has developed into a full-fledged band. After an initial run of hand-packaged CD-Rs quickly sold out, the trio became increasingly entrenched in recording a proper debut.<br /><br />Arc and Sender’s unique sound is derived from a thick chorus of drums, guitar, and baritone guitar. Quickly shifting tempo, timbre, and texture, Arc and Sender's intricate songs maintain a dramatic tension between composition and chaos. One part Brian Eno; one part Jesus Lizard; one part Dirty Three – Arc and Sender shows a diversity in between – and inside – each track. The band’s self-titled debut includes a range of pieces – from avant-garde interstitials to hard-driving walls of sounds to placid guitar arrangements. Despite being a relatively new band, the trio is earning comparisons to similar adventurous instrumental guitar-based bands like Growing, Tarentel, and Explosions in the Sky. (-via <a href=""http://hightwo.com/htwo/index.php?option=com_content&task=view&id=18"" target=""_blank"">High Two</a>)</p>",0,2008-11-26 01:48:36,0,60,39.952335,"Philadelphia, PA",-75.163789,"Greg Pardew - Guitar, Baritone Guitar
Jason Hutt - Guitar, Baritone Guitar
Ryan Grove - Drums, occassional guitar",Arc and Sender,,"['philly', 'arc and sender', 'baltimore']",http://www.myspace.com/arcandsender,,training,large,256000,0,Arc and Sender,2008-11-26 01:45:00,2008-11-26 00:00:00,405,5,Rock,[26],"[26, 12]",,354,en,Attribution-NonCommercial-NoDerivatives (aka Music Sharing) 3.0 International,424,,2,,[],Hundred-Year Flood
154,0,2008-11-26 01:50:50,2005-06-07 00:00:00,,0,69,"<p>Self-titled debut released on Philadelphia's High Two Record label in 2005.</p>
<p>Featuring: Greg Pardew - Guitar, Baritone Guitar;          Jason Hutt - Guitar, Baritone Guitar;     Ryan Grove - Drums, occassional guitar</p>
<p>Features guest appearances by saxophonist Dan Scofield (Shot X Shot, Sonic Liberation Front) and violinist Jennifer Hutt.</p>",628,,[],Arc and Sender,2,Album,2005-01-01 00:00:00,,,"<p>Born as a recording project in its northern Maryland home studio, Arc and Sender has developed into a full-fledged band. After an initial run of hand-packaged CD-Rs quickly sold out, the trio became increasingly entrenched in recording a proper debut.<br /><br />Arc and Sender’s unique sound is derived from a thick chorus of drums, guitar, and baritone guitar. Quickly shifting tempo, timbre, and texture, Arc and Sender's intricate songs maintain a dramatic tension between composition and chaos. One part Brian Eno; one part Jesus Lizard; one part Dirty Three – Arc and Sender shows a diversity in between – and inside – each track. The band’s self-titled debut includes a range of pieces – from avant-garde interstitials to hard-driving walls of sounds to placid guitar arrangements. Despite being a relatively new band, the trio is earning comparisons to similar adventurous instrumental guitar-based bands like Growing, Tarentel, and Explosions in the Sky. (-via <a href=""http://hightwo.com/htwo/index.php?option=com_content&task=view&id=18"" target=""_blank"">High Two</a>)</p>",0,2008-11-26 01:48:36,0,60,39.952335,"Philadelphia, PA",-75.163789,"Greg Pardew - Guitar, Baritone Guitar
Jason Hutt - Guitar, Baritone Guitar
Ryan Grove - Drums, occassional guitar",Arc and Sender,,"['philly', 'arc and sender', 'baltimore']",http://www.myspace.com/arcandsender,,training,large,256000,0,Arc and Sender,2008-11-26 01:45:04,2008-11-26 00:00:00,319,1,Rock,[26],"[26, 12]",,242,en,Attribution-NonCommercial-NoDerivatives (aka Music Sharing) 3.0 International,205,,4,,[],Squares And Circles
155,0,2008-11-26 01:51:00,2009-01-06 00:00:00,,0,70,"<p>Unreleased, unmastered but still very loud demo from Philadelphia trio Arc and Sender.</p>",197,,[],unreleased demo,1,Single Tracks,2005-01-01 00:00:00,,,"<p>Born as a recording project in its northern Maryland home studio, Arc and Sender has developed into a full-fledged band. After an initial run of hand-packaged CD-Rs quickly sold out, the trio became increasingly entrenched in recording a proper debut.<br /><br />Arc and Sender’s unique sound is derived from a thick chorus of drums, guitar, and baritone guitar. Quickly shifting tempo, timbre, and texture, Arc and Sender's intricate songs maintain a dramatic tension between composition and chaos. One part Brian Eno; one part Jesus Lizard; one part Dirty Three – Arc and Sender shows a diversity in between – and inside – each track. The band’s self-titled debut includes a range of pieces – from avant-garde interstitials to hard-driving walls of sounds to placid guitar arrangements. Despite being a relatively new band, the trio is earning comparisons to similar adventurous instrumental guitar-based bands like Growing, Tarentel, and Explosions in the Sky. (-via <a href=""http://hightwo.com/htwo/index.php?option=com_content&task=view&id=18"" target=""_blank"">High Two</a>)</p>",0,2008-11-26 01:48:36,0,60,39.952335,"Philadelphia, PA",-75.163789,"Greg Pardew - Guitar, Baritone Guitar
Jason Hutt - Guitar, Baritone Guitar
Ryan Grove - Drums, occassional guitar",Arc and Sender,,"['philly', 'arc and sender', 'baltimore']",http://www.myspace.com/arcandsender,,training,large,192000,0,,2008-11-26 01:45:10,2008-11-26 00:00:00,756,1,Rock,[26],"[26, 12]",,268,en,Attribution-NonCommercial-NoDerivatives (aka Music Sharing) 3.0 International,197,,0,,[],Maps of the Stars Homes
156,1,2008-11-26 01:51:08,2004-01-01 00:00:00,,0,71,"<p>Recorded August 20, 2004.</p>
<p>Area C performed from the 3rd floor window of Raphael Lyon's (Mudboy) apartment on the west side of Providence. Sound intermixes with cars, bikes, birds, etc.</p>
<p>Solo performance by Erik with guitar, farfisa synthorchestra, sde-1000, dr-30, d-20 and lots of cables strung about.</p>
<p>-----</p>
<p><em>About </em><strong><em>Thee Haunted Cobblestones Sunset Concert Series:</em> </strong>Ending at sunset with the first recording and beginning at   sunset with the last recording- individuals play what they will out the third   floor window   on a desolate cobblestone street in the last days of the summer. Attendees   listen street-side, eating tacos or stretched out on the concrete. Stereo   recordings made in a single take- screaming kids, violent cars- sirens and   animals to be considered as collaborators.</p>",1845,,[],Thee Haunted Cobblestone Sunset Concert Series #7,13,Live Performance,,,Free Matter for the Blind,"<p>AREA C was formed in 2003 by<strong> </strong>Erik Carlson. AREA C's compositions examine the texture and tonal characteristics of sound, working with live loops, their cyclical relationships, and the details of their decay over time. The work blurs boundaries between digital and analog as well as electric and acoustic, foregrounding sound sources from out of the way places.<br /><br />Using looping tools, effects pedals and real-time tape recorder manipulation, AREA C strives for the creation of subtle, textural and dynamic sounds through acts of sonic manipulation, disintegration and recombination. Improvisation also plays an important role for AREA C, with live performances often based on extended explorations of minimal thematic starting points or clusters of tone and melody.<br /><br />In addition to original experimental releases and performances, AREA C also works with audio art, installations, soundtracks and sound design, collaborating with architects, filmmakers, poets and photographers. AREA C's work has been featured in the Cooper-Hewitt Design Museum, the Architectural League of New York, Sundance Film Festival, RISD Museum and Brown University. AREA C recently completed a permanent interactive installation titled ""Lo Rez / Hi Fi"" in Washington DC, a collaboration with architect <a href=""http://www.mystudio.us/"">J. Meejin Yoon of HY Architecture</a>. (-via <a href=""http://www.areacmusic.com/area%20C%20folder/about%20folder/index_ABOUT.shtml"">areacmusic.com</a>)</p>",0,2008-12-04 09:19:48,9,546,41.7770007,"2 Westwood Avenue, Providence, RI 02905, USA",-71.402547,Erik Carlson,Area C,,['area c'],http://www.areacmusic.com,,training,large,192000,0,,2008-11-26 01:45:18,2004-08-20 00:00:00,122,2,Experimental,[30],"[38, 30]",,345,en,Attribution-NonCommercial-NoDerivatives (aka Music Sharing) 3.0 International,362,,1,,[],Track 01
157,1,2008-11-26 01:51:08,2004-01-01 00:00:00,,0,71,"<p>Recorded August 20, 2004.</p>
<p>Area C performed from the 3rd floor window of Raphael Lyon's (Mudboy) apartment on the west side of Providence. Sound intermixes with cars, bikes, birds, etc.</p>
<p>Solo performance by Erik with guitar, farfisa synthorchestra, sde-1000, dr-30, d-20 and lots of cables strung about.</p>
<p>-----</p>
<p><em>About </em><strong><em>Thee Haunted Cobblestones Sunset Concert Series:</em> </strong>Ending at sunset with the first recording and beginning at   sunset with the last recording- individuals play what they will out the third   floor window   on a desolate cobblestone street in the last days of the summer. Attendees   listen street-side, eating tacos or stretched out on the concrete. Stereo   recordings made in a single take- screaming kids, violent cars- sirens and   animals to be considered as collaborators.</p>",1845,,[],Thee Haunted Cobblestone Sunset Concert Series #7,13,Live Performance,,,Free Matter for the Blind,"<p>AREA C was formed in 2003 by<strong> </strong>Erik Carlson. AREA C's compositions examine the texture and tonal characteristics of sound, working with live loops, their cyclical relationships, and the details of their decay over time. The work blurs boundaries between digital and analog as well as electric and acoustic, foregrounding sound sources from out of the way places.<br /><br />Using looping tools, effects pedals and real-time tape recorder manipulation, AREA C strives for the creation of subtle, textural and dynamic sounds through acts of sonic manipulation, disintegration and recombination. Improvisation also plays an important role for AREA C, with live performances often based on extended explorations of minimal thematic starting points or clusters of tone and melody.<br /><br />In addition to original experimental releases and performances, AREA C also works with audio art, installations, soundtracks and sound design, collaborating with architects, filmmakers, poets and photographers. AREA C's work has been featured in the Cooper-Hewitt Design Museum, the Architectural League of New York, Sundance Film Festival, RISD Museum and Brown University. AREA C recently completed a permanent interactive installation titled ""Lo Rez / Hi Fi"" in Washington DC, a collaboration with architect <a href=""http://www.mystudio.us/"">J. Meejin Yoon of HY Architecture</a>. (-via <a href=""http://www.areacmusic.com/area%20C%20folder/about%20folder/index_ABOUT.shtml"">areacmusic.com</a>)</p>",0,2008-12-04 09:19:48,9,546,41.7770007,"2 Westwood Avenue, Providence, RI 02905, USA",-71.402547,Erik Carlson,Area C,,['area c'],http://www.areacmusic.com,,training,large,192000,0,,2008-11-26 01:45:21,2004-08-20 00:00:00,212,1,Experimental,[30],"[38, 30]",,209,en,Attribution-NonCommercial-NoDerivatives (aka Music Sharing) 3.0 International,190,,2,,[],Track 02
158,1,2008-11-26 01:51:08,2004-01-01 00:00:00,,0,71,"<p>Recorded August 20, 2004.</p>
<p>Area C performed from the 3rd floor window of Raphael Lyon's (Mudboy) apartment on the west side of Providence. Sound intermixes with cars, bikes, birds, etc.</p>
<p>Solo performance by Erik with guitar, farfisa synthorchestra, sde-1000, dr-30, d-20 and lots of cables strung about.</p>
<p>-----</p>
<p><em>About </em><strong><em>Thee Haunted Cobblestones Sunset Concert Series:</em> </strong>Ending at sunset with the first recording and beginning at   sunset with the last recording- individuals play what they will out the third   floor window   on a desolate cobblestone street in the last days of the summer. Attendees   listen street-side, eating tacos or stretched out on the concrete. Stereo   recordings made in a single take- screaming kids, violent cars- sirens and   animals to be considered as collaborators.</p>",1845,,[],Thee Haunted Cobblestone Sunset Concert Series #7,13,Live Performance,,,Free Matter for the Blind,"<p>AREA C was formed in 2003 by<strong> </strong>Erik Carlson. AREA C's compositions examine the texture and tonal characteristics of sound, working with live loops, their cyclical relationships, and the details of their decay over time. The work blurs boundaries between digital and analog as well as electric and acoustic, foregrounding sound sources from out of the way places.<br /><br />Using looping tools, effects pedals and real-time tape recorder manipulation, AREA C strives for the creation of subtle, textural and dynamic sounds through acts of sonic manipulation, disintegration and recombination. Improvisation also plays an important role for AREA C, with live performances often based on extended explorations of minimal thematic starting points or clusters of tone and melody.<br /><br />In addition to original experimental releases and performances, AREA C also works with audio art, installations, soundtracks and sound design, collaborating with architects, filmmakers, poets and photographers. AREA C's work has been featured in the Cooper-Hewitt Design Museum, the Architectural League of New York, Sundance Film Festival, RISD Museum and Brown University. AREA C recently completed a permanent interactive installation titled ""Lo Rez / Hi Fi"" in Washington DC, a collaboration with architect <a href=""http://www.mystudio.us/"">J. Meejin Yoon of HY Architecture</a>. (-via <a href=""http://www.areacmusic.com/area%20C%20folder/about%20folder/index_ABOUT.shtml"">areacmusic.com</a>)</p>",0,2008-12-04 09:19:48,9,546,41.7770007,"2 Westwood Avenue, Providence, RI 02905, USA",-71.402547,Erik Carlson,Area C,,['area c'],http://www.areacmusic.com,,training,large,192000,0,,2008-11-26 01:45:25,2004-08-20 00:00:00,473,1,Experimental,[30],"[38, 30]",,213,en,Attribution-NonCommercial-NoDerivatives (aka Music Sharing) 3.0 International,163,,3,,[],Track 03
159,1,2008-11-26 01:51:08,2004-01-01 00:00:00,,0,71,"<p>Recorded August 20, 2004.</p>
<p>Area C performed from the 3rd floor window of Raphael Lyon's (Mudboy) apartment on the west side of Providence. Sound intermixes with cars, bikes, birds, etc.</p>
<p>Solo performance by Erik with guitar, farfisa synthorchestra, sde-1000, dr-30, d-20 and lots of cables strung about.</p>
<p>-----</p>
<p><em>About </em><strong><em>Thee Haunted Cobblestones Sunset Concert Series:</em> </strong>Ending at sunset with the first recording and beginning at   sunset with the last recording- individuals play what they will out the third   floor window   on a desolate cobblestone street in the last days of the summer. Attendees   listen street-side, eating tacos or stretched out on the concrete. Stereo   recordings made in a single take- screaming kids, violent cars- sirens and   animals to be considered as collaborators.</p>",1845,,[],Thee Haunted Cobblestone Sunset Concert Series #7,13,Live Performance,,,Free Matter for the Blind,"<p>AREA C was formed in 2003 by<strong> </strong>Erik Carlson. AREA C's compositions examine the texture and tonal characteristics of sound, working with live loops, their cyclical relationships, and the details of their decay over time. The work blurs boundaries between digital and analog as well as electric and acoustic, foregrounding sound sources from out of the way places.<br /><br />Using looping tools, effects pedals and real-time tape recorder manipulation, AREA C strives for the creation of subtle, textural and dynamic sounds through acts of sonic manipulation, disintegration and recombination. Improvisation also plays an important role for AREA C, with live performances often based on extended explorations of minimal thematic starting points or clusters of tone and melody.<br /><br />In addition to original experimental releases and performances, AREA C also works with audio art, installations, soundtracks and sound design, collaborating with architects, filmmakers, poets and photographers. AREA C's work has been featured in the Cooper-Hewitt Design Museum, the Architectural League of New York, Sundance Film Festival, RISD Museum and Brown University. AREA C recently completed a permanent interactive installation titled ""Lo Rez / Hi Fi"" in Washington DC, a collaboration with architect <a href=""http://www.mystudio.us/"">J. Meejin Yoon of HY Architecture</a>. (-via <a href=""http://www.areacmusic.com/area%20C%20folder/about%20folder/index_ABOUT.shtml"">areacmusic.com</a>)</p>",0,2008-12-04 09:19:48,9,546,41.7770007,"2 Westwood Avenue, Providence, RI 02905, USA",-71.402547,Erik Carlson,Area C,,['area c'],http://www.areacmusic.com,,training,large,192000,0,,2008-11-26 01:45:28,2004-08-20 00:00:00,221,1,Experimental,[30],"[38, 30]",,170,en,Attribution-NonCommercial-NoDerivatives (aka Music Sharing) 3.0 International,130,,4,,[],Track 04
160,1,2008-11-26 01:51:08,2004-01-01 00:00:00,,0,71,"<p>Recorded August 20, 2004.</p>
<p>Area C performed from the 3rd floor window of Raphael Lyon's (Mudboy) apartment on the west side of Providence. Sound intermixes with cars, bikes, birds, etc.</p>
<p>Solo performance by Erik with guitar, farfisa synthorchestra, sde-1000, dr-30, d-20 and lots of cables strung about.</p>
<p>-----</p>
<p><em>About </em><strong><em>Thee Haunted Cobblestones Sunset Concert Series:</em> </strong>Ending at sunset with the first recording and beginning at   sunset with the last recording- individuals play what they will out the third   floor window   on a desolate cobblestone street in the last days of the summer. Attendees   listen street-side, eating tacos or stretched out on the concrete. Stereo   recordings made in a single take- screaming kids, violent cars- sirens and   animals to be considered as collaborators.</p>",1845,,[],Thee Haunted Cobblestone Sunset Concert Series #7,13,Live Performance,,,Free Matter for the Blind,"<p>AREA C was formed in 2003 by<strong> </strong>Erik Carlson. AREA C's compositions examine the texture and tonal characteristics of sound, working with live loops, their cyclical relationships, and the details of their decay over time. The work blurs boundaries between digital and analog as well as electric and acoustic, foregrounding sound sources from out of the way places.<br /><br />Using looping tools, effects pedals and real-time tape recorder manipulation, AREA C strives for the creation of subtle, textural and dynamic sounds through acts of sonic manipulation, disintegration and recombination. Improvisation also plays an important role for AREA C, with live performances often based on extended explorations of minimal thematic starting points or clusters of tone and melody.<br /><br />In addition to original experimental releases and performances, AREA C also works with audio art, installations, soundtracks and sound design, collaborating with architects, filmmakers, poets and photographers. AREA C's work has been featured in the Cooper-Hewitt Design Museum, the Architectural League of New York, Sundance Film Festival, RISD Museum and Brown University. AREA C recently completed a permanent interactive installation titled ""Lo Rez / Hi Fi"" in Washington DC, a collaboration with architect <a href=""http://www.mystudio.us/"">J. Meejin Yoon of HY Architecture</a>. (-via <a href=""http://www.areacmusic.com/area%20C%20folder/about%20folder/index_ABOUT.shtml"">areacmusic.com</a>)</p>",0,2008-12-04 09:19:48,9,546,41.7770007,"2 Westwood Avenue, Providence, RI 02905, USA",-71.402547,Erik Carlson,Area C,,['area c'],http://www.areacmusic.com,,training,large,192000,0,,2008-11-26 01:45:31,2004-08-20 00:00:00,70,0,Experimental,[30],"[38, 30]",,147,en,Attribution-NonCommercial-NoDerivatives (aka Music Sharing) 3.0 International,110,,5,,[],Track 05
161,1,2008-11-26 01:51:08,2004-01-01 00:00:00,,0,71,"<p>Recorded August 20, 2004.</p>
<p>Area C performed from the 3rd floor window of Raphael Lyon's (Mudboy) apartment on the west side of Providence. Sound intermixes with cars, bikes, birds, etc.</p>
<p>Solo performance by Erik with guitar, farfisa synthorchestra, sde-1000, dr-30, d-20 and lots of cables strung about.</p>
<p>-----</p>
<p><em>About </em><strong><em>Thee Haunted Cobblestones Sunset Concert Series:</em> </strong>Ending at sunset with the first recording and beginning at   sunset with the last recording- individuals play what they will out the third   floor window   on a desolate cobblestone street in the last days of the summer. Attendees   listen street-side, eating tacos or stretched out on the concrete. Stereo   recordings made in a single take- screaming kids, violent cars- sirens and   animals to be considered as collaborators.</p>",1845,,[],Thee Haunted Cobblestone Sunset Concert Series #7,13,Live Performance,,,Free Matter for the Blind,"<p>AREA C was formed in 2003 by<strong> </strong>Erik Carlson. AREA C's compositions examine the texture and tonal characteristics of sound, working with live loops, their cyclical relationships, and the details of their decay over time. The work blurs boundaries between digital and analog as well as electric and acoustic, foregrounding sound sources from out of the way places.<br /><br />Using looping tools, effects pedals and real-time tape recorder manipulation, AREA C strives for the creation of subtle, textural and dynamic sounds through acts of sonic manipulation, disintegration and recombination. Improvisation also plays an important role for AREA C, with live performances often based on extended explorations of minimal thematic starting points or clusters of tone and melody.<br /><br />In addition to original experimental releases and performances, AREA C also works with audio art, installations, soundtracks and sound design, collaborating with architects, filmmakers, poets and photographers. AREA C's work has been featured in the Cooper-Hewitt Design Museum, the Architectural League of New York, Sundance Film Festival, RISD Museum and Brown University. AREA C recently completed a permanent interactive installation titled ""Lo Rez / Hi Fi"" in Washington DC, a collaboration with architect <a href=""http://www.mystudio.us/"">J. Meejin Yoon of HY Architecture</a>. (-via <a href=""http://www.areacmusic.com/area%20C%20folder/about%20folder/index_ABOUT.shtml"">areacmusic.com</a>)</p>",0,2008-12-04 09:19:48,9,546,41.7770007,"2 Westwood Avenue, Providence, RI 02905, USA",-71.402547,Erik Carlson,Area C,,['area c'],http://www.areacmusic.com,,training,large,192000,0,,2008-11-26 01:45:33,2004-08-20 00:00:00,147,0,Experimental,[30],"[38, 30]",,175,en,Attribution-NonCommercial-NoDerivatives (aka Music Sharing) 3.0 International,121,,6,,[],Track 06
162,1,2008-11-26 01:51:08,2004-01-01 00:00:00,,0,71,"<p>Recorded August 20, 2004.</p>
<p>Area C performed from the 3rd floor window of Raphael Lyon's (Mudboy) apartment on the west side of Providence. Sound intermixes with cars, bikes, birds, etc.</p>
<p>Solo performance by Erik with guitar, farfisa synthorchestra, sde-1000, dr-30, d-20 and lots of cables strung about.</p>
<p>-----</p>
<p><em>About </em><strong><em>Thee Haunted Cobblestones Sunset Concert Series:</em> </strong>Ending at sunset with the first recording and beginning at   sunset with the last recording- individuals play what they will out the third   floor window   on a desolate cobblestone street in the last days of the summer. Attendees   listen street-side, eating tacos or stretched out on the concrete. Stereo   recordings made in a single take- screaming kids, violent cars- sirens and   animals to be considered as collaborators.</p>",1845,,[],Thee Haunted Cobblestone Sunset Concert Series #7,13,Live Performance,,,Free Matter for the Blind,"<p>AREA C was formed in 2003 by<strong> </strong>Erik Carlson. AREA C's compositions examine the texture and tonal characteristics of sound, working with live loops, their cyclical relationships, and the details of their decay over time. The work blurs boundaries between digital and analog as well as electric and acoustic, foregrounding sound sources from out of the way places.<br /><br />Using looping tools, effects pedals and real-time tape recorder manipulation, AREA C strives for the creation of subtle, textural and dynamic sounds through acts of sonic manipulation, disintegration and recombination. Improvisation also plays an important role for AREA C, with live performances often based on extended explorations of minimal thematic starting points or clusters of tone and melody.<br /><br />In addition to original experimental releases and performances, AREA C also works with audio art, installations, soundtracks and sound design, collaborating with architects, filmmakers, poets and photographers. AREA C's work has been featured in the Cooper-Hewitt Design Museum, the Architectural League of New York, Sundance Film Festival, RISD Museum and Brown University. AREA C recently completed a permanent interactive installation titled ""Lo Rez / Hi Fi"" in Washington DC, a collaboration with architect <a href=""http://www.mystudio.us/"">J. Meejin Yoon of HY Architecture</a>. (-via <a href=""http://www.areacmusic.com/area%20C%20folder/about%20folder/index_ABOUT.shtml"">areacmusic.com</a>)</p>",0,2008-12-04 09:19:48,9,546,41.7770007,"2 Westwood Avenue, Providence, RI 02905, USA",-71.402547,Erik Carlson,Area C,,['area c'],http://www.areacmusic.com,,training,large,192000,0,,2008-11-26 01:45:38,2004-08-20 00:00:00,270,0,Experimental,[30],"[38, 30]",,176,en,Attribution-NonCommercial-NoDerivatives (aka Music Sharing) 3.0 International,109,,7,,[],Track 07
163,1,2008-11-26 01:51:08,2004-01-01 00:00:00,,0,71,"<p>Recorded August 20, 2004.</p>
<p>Area C performed from the 3rd floor window of Raphael Lyon's (Mudboy) apartment on the west side of Providence. Sound intermixes with cars, bikes, birds, etc.</p>
<p>Solo performance by Erik with guitar, farfisa synthorchestra, sde-1000, dr-30, d-20 and lots of cables strung about.</p>
<p>-----</p>
<p><em>About </em><strong><em>Thee Haunted Cobblestones Sunset Concert Series:</em> </strong>Ending at sunset with the first recording and beginning at   sunset with the last recording- individuals play what they will out the third   floor window   on a desolate cobblestone street in the last days of the summer. Attendees   listen street-side, eating tacos or stretched out on the concrete. Stereo   recordings made in a single take- screaming kids, violent cars- sirens and   animals to be considered as collaborators.</p>",1845,,[],Thee Haunted Cobblestone Sunset Concert Series #7,13,Live Performance,,,Free Matter for the Blind,"<p>AREA C was formed in 2003 by<strong> </strong>Erik Carlson. AREA C's compositions examine the texture and tonal characteristics of sound, working with live loops, their cyclical relationships, and the details of their decay over time. The work blurs boundaries between digital and analog as well as electric and acoustic, foregrounding sound sources from out of the way places.<br /><br />Using looping tools, effects pedals and real-time tape recorder manipulation, AREA C strives for the creation of subtle, textural and dynamic sounds through acts of sonic manipulation, disintegration and recombination. Improvisation also plays an important role for AREA C, with live performances often based on extended explorations of minimal thematic starting points or clusters of tone and melody.<br /><br />In addition to original experimental releases and performances, AREA C also works with audio art, installations, soundtracks and sound design, collaborating with architects, filmmakers, poets and photographers. AREA C's work has been featured in the Cooper-Hewitt Design Museum, the Architectural League of New York, Sundance Film Festival, RISD Museum and Brown University. AREA C recently completed a permanent interactive installation titled ""Lo Rez / Hi Fi"" in Washington DC, a collaboration with architect <a href=""http://www.mystudio.us/"">J. Meejin Yoon of HY Architecture</a>. (-via <a href=""http://www.areacmusic.com/area%20C%20folder/about%20folder/index_ABOUT.shtml"">areacmusic.com</a>)</p>",0,2008-12-04 09:19:48,9,546,41.7770007,"2 Westwood Avenue, Providence, RI 02905, USA",-71.402547,Erik Carlson,Area C,,['area c'],http://www.areacmusic.com,,training,large,192000,0,,2008-11-26 01:45:42,2004-08-20 00:00:00,307,1,Experimental,[30],"[38, 30]",,162,en,Attribution-NonCommercial-NoDerivatives (aka Music Sharing) 3.0 International,94,,8,,[],Track 08
164,1,2008-11-26 01:51:08,2004-01-01 00:00:00,,0,71,"<p>Recorded August 20, 2004.</p>
<p>Area C performed from the 3rd floor window of Raphael Lyon's (Mudboy) apartment on the west side of Providence. Sound intermixes with cars, bikes, birds, etc.</p>
<p>Solo performance by Erik with guitar, farfisa synthorchestra, sde-1000, dr-30, d-20 and lots of cables strung about.</p>
<p>-----</p>
<p><em>About </em><strong><em>Thee Haunted Cobblestones Sunset Concert Series:</em> </strong>Ending at sunset with the first recording and beginning at   sunset with the last recording- individuals play what they will out the third   floor window   on a desolate cobblestone street in the last days of the summer. Attendees   listen street-side, eating tacos or stretched out on the concrete. Stereo   recordings made in a single take- screaming kids, violent cars- sirens and   animals to be considered as collaborators.</p>",1845,,[],Thee Haunted Cobblestone Sunset Concert Series #7,13,Live Performance,,,Free Matter for the Blind,"<p>AREA C was formed in 2003 by<strong> </strong>Erik Carlson. AREA C's compositions examine the texture and tonal characteristics of sound, working with live loops, their cyclical relationships, and the details of their decay over time. The work blurs boundaries between digital and analog as well as electric and acoustic, foregrounding sound sources from out of the way places.<br /><br />Using looping tools, effects pedals and real-time tape recorder manipulation, AREA C strives for the creation of subtle, textural and dynamic sounds through acts of sonic manipulation, disintegration and recombination. Improvisation also plays an important role for AREA C, with live performances often based on extended explorations of minimal thematic starting points or clusters of tone and melody.<br /><br />In addition to original experimental releases and performances, AREA C also works with audio art, installations, soundtracks and sound design, collaborating with architects, filmmakers, poets and photographers. AREA C's work has been featured in the Cooper-Hewitt Design Museum, the Architectural League of New York, Sundance Film Festival, RISD Museum and Brown University. AREA C recently completed a permanent interactive installation titled ""Lo Rez / Hi Fi"" in Washington DC, a collaboration with architect <a href=""http://www.mystudio.us/"">J. Meejin Yoon of HY Architecture</a>. (-via <a href=""http://www.areacmusic.com/area%20C%20folder/about%20folder/index_ABOUT.shtml"">areacmusic.com</a>)</p>",0,2008-12-04 09:19:48,9,546,41.7770007,"2 Westwood Avenue, Providence, RI 02905, USA",-71.402547,Erik Carlson,Area C,,['area c'],http://www.areacmusic.com,,training,large,192000,0,,2008-11-26 01:45:47,2004-08-20 00:00:00,236,0,Experimental,[30],"[38, 30]",,138,en,Attribution-NonCommercial-NoDerivatives (aka Music Sharing) 3.0 International,70,,9,,[],Track 09
165,1,2008-11-26 01:51:08,2004-01-01 00:00:00,,0,71,"<p>Recorded August 20, 2004.</p>
<p>Area C performed from the 3rd floor window of Raphael Lyon's (Mudboy) apartment on the west side of Providence. Sound intermixes with cars, bikes, birds, etc.</p>
<p>Solo performance by Erik with guitar, farfisa synthorchestra, sde-1000, dr-30, d-20 and lots of cables strung about.</p>
<p>-----</p>
<p><em>About </em><strong><em>Thee Haunted Cobblestones Sunset Concert Series:</em> </strong>Ending at sunset with the first recording and beginning at   sunset with the last recording- individuals play what they will out the third   floor window   on a desolate cobblestone street in the last days of the summer. Attendees   listen street-side, eating tacos or stretched out on the concrete. Stereo   recordings made in a single take- screaming kids, violent cars- sirens and   animals to be considered as collaborators.</p>",1845,,[],Thee Haunted Cobblestone Sunset Concert Series #7,13,Live Performance,,,Free Matter for the Blind,"<p>AREA C was formed in 2003 by<strong> </strong>Erik Carlson. AREA C's compositions examine the texture and tonal characteristics of sound, working with live loops, their cyclical relationships, and the details of their decay over time. The work blurs boundaries between digital and analog as well as electric and acoustic, foregrounding sound sources from out of the way places.<br /><br />Using looping tools, effects pedals and real-time tape recorder manipulation, AREA C strives for the creation of subtle, textural and dynamic sounds through acts of sonic manipulation, disintegration and recombination. Improvisation also plays an important role for AREA C, with live performances often based on extended explorations of minimal thematic starting points or clusters of tone and melody.<br /><br />In addition to original experimental releases and performances, AREA C also works with audio art, installations, soundtracks and sound design, collaborating with architects, filmmakers, poets and photographers. AREA C's work has been featured in the Cooper-Hewitt Design Museum, the Architectural League of New York, Sundance Film Festival, RISD Museum and Brown University. AREA C recently completed a permanent interactive installation titled ""Lo Rez / Hi Fi"" in Washington DC, a collaboration with architect <a href=""http://www.mystudio.us/"">J. Meejin Yoon of HY Architecture</a>. (-via <a href=""http://www.areacmusic.com/area%20C%20folder/about%20folder/index_ABOUT.shtml"">areacmusic.com</a>)</p>",0,2008-12-04 09:19:48,9,546,41.7770007,"2 Westwood Avenue, Providence, RI 02905, USA",-71.402547,Erik Carlson,Area C,,['area c'],http://www.areacmusic.com,,training,large,192000,0,,2008-11-26 01:45:52,2004-08-20 00:00:00,185,1,Experimental,[30],"[38, 30]",,159,en,Attribution-NonCommercial-NoDerivatives (aka Music Sharing) 3.0 International,140,,10,,[],Track 10
166,1,2008-11-26 01:51:08,2004-01-01 00:00:00,,0,71,"<p>Recorded August 20, 2004.</p>
<p>Area C performed from the 3rd floor window of Raphael Lyon's (Mudboy) apartment on the west side of Providence. Sound intermixes with cars, bikes, birds, etc.</p>
<p>Solo performance by Erik with guitar, farfisa synthorchestra, sde-1000, dr-30, d-20 and lots of cables strung about.</p>
<p>-----</p>
<p><em>About </em><strong><em>Thee Haunted Cobblestones Sunset Concert Series:</em> </strong>Ending at sunset with the first recording and beginning at   sunset with the last recording- individuals play what they will out the third   floor window   on a desolate cobblestone street in the last days of the summer. Attendees   listen street-side, eating tacos or stretched out on the concrete. Stereo   recordings made in a single take- screaming kids, violent cars- sirens and   animals to be considered as collaborators.</p>",1845,,[],Thee Haunted Cobblestone Sunset Concert Series #7,13,Live Performance,,,Free Matter for the Blind,"<p>AREA C was formed in 2003 by<strong> </strong>Erik Carlson. AREA C's compositions examine the texture and tonal characteristics of sound, working with live loops, their cyclical relationships, and the details of their decay over time. The work blurs boundaries between digital and analog as well as electric and acoustic, foregrounding sound sources from out of the way places.<br /><br />Using looping tools, effects pedals and real-time tape recorder manipulation, AREA C strives for the creation of subtle, textural and dynamic sounds through acts of sonic manipulation, disintegration and recombination. Improvisation also plays an important role for AREA C, with live performances often based on extended explorations of minimal thematic starting points or clusters of tone and melody.<br /><br />In addition to original experimental releases and performances, AREA C also works with audio art, installations, soundtracks and sound design, collaborating with architects, filmmakers, poets and photographers. AREA C's work has been featured in the Cooper-Hewitt Design Museum, the Architectural League of New York, Sundance Film Festival, RISD Museum and Brown University. AREA C recently completed a permanent interactive installation titled ""Lo Rez / Hi Fi"" in Washington DC, a collaboration with architect <a href=""http://www.mystudio.us/"">J. Meejin Yoon of HY Architecture</a>. (-via <a href=""http://www.areacmusic.com/area%20C%20folder/about%20folder/index_ABOUT.shtml"">areacmusic.com</a>)</p>",0,2008-12-04 09:19:48,9,546,41.7770007,"2 Westwood Avenue, Providence, RI 02905, USA",-71.402547,Erik Carlson,Area C,,['area c'],http://www.areacmusic.com,,training,large,192000,0,,2008-11-26 01:45:54,2004-08-20 00:00:00,392,1,Experimental,[30],"[38, 30]",,275,en,Attribution-NonCommercial-NoDerivatives (aka Music Sharing) 3.0 International,180,,11,,[],Track 11
167,1,2008-11-26 01:51:08,2004-01-01 00:00:00,,0,71,"<p>Recorded August 20, 2004.</p>
<p>Area C performed from the 3rd floor window of Raphael Lyon's (Mudboy) apartment on the west side of Providence. Sound intermixes with cars, bikes, birds, etc.</p>
<p>Solo performance by Erik with guitar, farfisa synthorchestra, sde-1000, dr-30, d-20 and lots of cables strung about.</p>
<p>-----</p>
<p><em>About </em><strong><em>Thee Haunted Cobblestones Sunset Concert Series:</em> </strong>Ending at sunset with the first recording and beginning at   sunset with the last recording- individuals play what they will out the third   floor window   on a desolate cobblestone street in the last days of the summer. Attendees   listen street-side, eating tacos or stretched out on the concrete. Stereo   recordings made in a single take- screaming kids, violent cars- sirens and   animals to be considered as collaborators.</p>",1845,,[],Thee Haunted Cobblestone Sunset Concert Series #7,13,Live Performance,,,Free Matter for the Blind,"<p>AREA C was formed in 2003 by<strong> </strong>Erik Carlson. AREA C's compositions examine the texture and tonal characteristics of sound, working with live loops, their cyclical relationships, and the details of their decay over time. The work blurs boundaries between digital and analog as well as electric and acoustic, foregrounding sound sources from out of the way places.<br /><br />Using looping tools, effects pedals and real-time tape recorder manipulation, AREA C strives for the creation of subtle, textural and dynamic sounds through acts of sonic manipulation, disintegration and recombination. Improvisation also plays an important role for AREA C, with live performances often based on extended explorations of minimal thematic starting points or clusters of tone and melody.<br /><br />In addition to original experimental releases and performances, AREA C also works with audio art, installations, soundtracks and sound design, collaborating with architects, filmmakers, poets and photographers. AREA C's work has been featured in the Cooper-Hewitt Design Museum, the Architectural League of New York, Sundance Film Festival, RISD Museum and Brown University. AREA C recently completed a permanent interactive installation titled ""Lo Rez / Hi Fi"" in Washington DC, a collaboration with architect <a href=""http://www.mystudio.us/"">J. Meejin Yoon of HY Architecture</a>. (-via <a href=""http://www.areacmusic.com/area%20C%20folder/about%20folder/index_ABOUT.shtml"">areacmusic.com</a>)</p>",0,2008-12-04 09:19:48,9,546,41.7770007,"2 Westwood Avenue, Providence, RI 02905, USA",-71.402547,Erik Carlson,Area C,,['area c'],http://www.areacmusic.com,,training,large,192000,0,,2008-11-26 01:45:59,2004-08-20 00:00:00,278,1,Experimental,[30],"[38, 30]",,149,en,Attribution-NonCommercial-NoDerivatives (aka Music Sharing) 3.0 International,80,,12,,[],Track 12
168,1,2008-11-26 01:51:08,2004-01-01 00:00:00,,0,71,"<p>Recorded August 20, 2004.</p>
<p>Area C performed from the 3rd floor window of Raphael Lyon's (Mudboy) apartment on the west side of Providence. Sound intermixes with cars, bikes, birds, etc.</p>
<p>Solo performance by Erik with guitar, farfisa synthorchestra, sde-1000, dr-30, d-20 and lots of cables strung about.</p>
<p>-----</p>
<p><em>About </em><strong><em>Thee Haunted Cobblestones Sunset Concert Series:</em> </strong>Ending at sunset with the first recording and beginning at   sunset with the last recording- individuals play what they will out the third   floor window   on a desolate cobblestone street in the last days of the summer. Attendees   listen street-side, eating tacos or stretched out on the concrete. Stereo   recordings made in a single take- screaming kids, violent cars- sirens and   animals to be considered as collaborators.</p>",1845,,[],Thee Haunted Cobblestone Sunset Concert Series #7,13,Live Performance,,,Free Matter for the Blind,"<p>AREA C was formed in 2003 by<strong> </strong>Erik Carlson. AREA C's compositions examine the texture and tonal characteristics of sound, working with live loops, their cyclical relationships, and the details of their decay over time. The work blurs boundaries between digital and analog as well as electric and acoustic, foregrounding sound sources from out of the way places.<br /><br />Using looping tools, effects pedals and real-time tape recorder manipulation, AREA C strives for the creation of subtle, textural and dynamic sounds through acts of sonic manipulation, disintegration and recombination. Improvisation also plays an important role for AREA C, with live performances often based on extended explorations of minimal thematic starting points or clusters of tone and melody.<br /><br />In addition to original experimental releases and performances, AREA C also works with audio art, installations, soundtracks and sound design, collaborating with architects, filmmakers, poets and photographers. AREA C's work has been featured in the Cooper-Hewitt Design Museum, the Architectural League of New York, Sundance Film Festival, RISD Museum and Brown University. AREA C recently completed a permanent interactive installation titled ""Lo Rez / Hi Fi"" in Washington DC, a collaboration with architect <a href=""http://www.mystudio.us/"">J. Meejin Yoon of HY Architecture</a>. (-via <a href=""http://www.areacmusic.com/area%20C%20folder/about%20folder/index_ABOUT.shtml"">areacmusic.com</a>)</p>",0,2008-12-04 09:19:48,9,546,41.7770007,"2 Westwood Avenue, Providence, RI 02905, USA",-71.402547,Erik Carlson,Area C,,['area c'],http://www.areacmusic.com,,training,large,192000,0,,2008-11-26 01:46:01,2004-08-20 00:00:00,60,0,Experimental,[30],"[38, 30]",,151,en,Attribution-NonCommercial-NoDerivatives (aka Music Sharing) 3.0 International,100,,13,,[],Track 13
169,0,2008-11-26 01:51:48,2008-06-23 00:00:00,,0,72,"<p><em>from James' <a href=""http://www.belowpdx.com/store/"">website</a>:</em></p>
<p>""This is the first album I wish to be remembered by. Recorded through a bleak year of my life, 2006, Boss of Goth is an album of power-mourning, demon-fighting and vengeance-fucking. Trapped inside despair over the death of true love, childhood, and joy, I have always clung voraciously to a promise of a better tomorrow. I finished this album in March of 2007 and held on to it until now to make sure I would still love it enough to make 500 of them.<br /><br />Boss of Goth includes industrial punk and pop style songs with occasional fleeting dance beats and bursts of harsh noise. Vocals are the central focus, creating sweet pop ballads and lurking creep-stalker punk melt-downs. A variety of microphone processing accompanying sequencers, drum machines, and tons and tons of manipulated cassette tapes. Twisted collage journeys and quick punches to the throat. A fitting comparison perhaps: To Live and Shave in LA meets Nine Inch Nails, with the spirits of Edward Ka-Spel, Suckdog, and bedroom four track. Includes 6 songs that have appeared regularly in live performances. Oh yeah, and I play piano on the last track.<br /><br />Album includes two hidden bonus tracks. The first a live performance caught at the end of my ""temper tantrum approach"" to harsh noise performance. The second is Dragging an Ox Through Water (aka Brian Mumford) singing a cover of my song ""Save Life's Golden Receipt in Case Refund Needed."" Both were recorded at Someday Lounge by Ryan Olson.<br /><br />CD comes with a 12 page booklet with lyrics. Cover art by <a href=""http://dragginganox.blogspot.com/"">Brian Mumford</a>.<br /><br />Recorded 2006<br />released June 23 2008""</p>",716,,[],Boss of Goth,4,Single Tracks,,,"Below PDX, Trash Skull","<p>Below PDX is a noise label headed by James Squeaky, the man who is also behind the vocal-noise experimentation of Argumentix.  A former member of Alarmist, Sex With Girls, and Space Hawk, James ditched these bands to explore what could be described as a type of musical deconstructionism. Argumentix uses found sound, damaged tapes, field recordings, drum beats, and some aching, wailing vocals to create uniquely emotional noise productions. (-via Tommy E. at <a href=""http://blog.wfmu.org/freeform/2008/08/playin-free-in.html"" target=""_blank""><em>WFMU's Beware of the Blog!</em></a>)</p>",0,2008-11-26 01:49:33,2,62,45.5234515,"Portland, OR",-122.6762071,James Squeaky,Argumentix,"Animal Writes, Ghost to Falco, Soup Purse, Noise Divorce, Bird Costumes, Alarmist, Space Hawk, Sex with Girls","['portland', 'argumentix']",http://www.belowpdx.com,,training,large,192000,0,James Squeaky,2008-11-26 01:46:02,2006-01-01 00:00:00,144,1,Rock,[25],"[25, 12]",,815,en,Attribution-NonCommercial-ShareAlike 3.0 International,270,,1,,[],Boss of Goth
170,0,2008-11-26 01:51:50,2007-01-01 00:00:00,,0,73,<p>Recorded mostly on October 7 of 2006.</p>,193,,[],Nightmarcher,2,Single Tracks,,,"Below PDX, Trash Skull","<p>Below PDX is a noise label headed by James Squeaky, the man who is also behind the vocal-noise experimentation of Argumentix.  A former member of Alarmist, Sex With Girls, and Space Hawk, James ditched these bands to explore what could be described as a type of musical deconstructionism. Argumentix uses found sound, damaged tapes, field recordings, drum beats, and some aching, wailing vocals to create uniquely emotional noise productions. (-via Tommy E. at <a href=""http://blog.wfmu.org/freeform/2008/08/playin-free-in.html"" target=""_blank""><em>WFMU's Beware of the Blog!</em></a>)</p>",0,2008-11-26 01:49:33,2,62,45.5234515,"Portland, OR",-122.6762071,James Squeaky,Argumentix,"Animal Writes, Ghost to Falco, Soup Purse, Noise Divorce, Bird Costumes, Alarmist, Space Hawk, Sex with Girls","['portland', 'argumentix']",http://www.belowpdx.com,,training,large,192000,0,,2008-11-26 01:46:05,2006-10-07 00:00:00,181,0,Rock,[25],"[25, 12]",,468,en,Attribution-NonCommercial-ShareAlike 3.0 International,122,,2,,[],Industry Standard Massacre
171,0,2008-11-26 01:51:52,2009-01-06 00:00:00,,0,74,<p>Unreleased.</p>,346,,[],Victim of Your Life,2,Single Tracks,,,"Below PDX, Trash Skull","<p>Below PDX is a noise label headed by James Squeaky, the man who is also behind the vocal-noise experimentation of Argumentix.  A former member of Alarmist, Sex With Girls, and Space Hawk, James ditched these bands to explore what could be described as a type of musical deconstructionism. Argumentix uses found sound, damaged tapes, field recordings, drum beats, and some aching, wailing vocals to create uniquely emotional noise productions. (-via Tommy E. at <a href=""http://blog.wfmu.org/freeform/2008/08/playin-free-in.html"" target=""_blank""><em>WFMU's Beware of the Blog!</em></a>)</p>",0,2008-11-26 01:49:33,2,62,45.5234515,"Portland, OR",-122.6762071,James Squeaky,Argumentix,"Animal Writes, Ghost to Falco, Soup Purse, Noise Divorce, Bird Costumes, Alarmist, Space Hawk, Sex with Girls","['portland', 'argumentix']",http://www.belowpdx.com,,training,large,320000,0,,2008-11-26 01:46:07,2008-11-26 00:00:00,80,0,Rock,[25],"[25, 12]",<p>Unreleased</p>,582,en,Attribution-NonCommercial-ShareAlike 3.0 International,242,,2,,[],Marching as Technitions
172,0,2008-11-26 01:51:54,2009-01-06 00:00:00,,0,75,"<p>Installation Audio (for Out.Festival, Lisbon Portugal-June 2007).</p>",90,,[],Heir to the Power Bear Fortune,1,Single Tracks,,,"Below PDX, Trash Skull","<p>Below PDX is a noise label headed by James Squeaky, the man who is also behind the vocal-noise experimentation of Argumentix.  A former member of Alarmist, Sex With Girls, and Space Hawk, James ditched these bands to explore what could be described as a type of musical deconstructionism. Argumentix uses found sound, damaged tapes, field recordings, drum beats, and some aching, wailing vocals to create uniquely emotional noise productions. (-via Tommy E. at <a href=""http://blog.wfmu.org/freeform/2008/08/playin-free-in.html"" target=""_blank""><em>WFMU's Beware of the Blog!</em></a>)</p>",0,2008-11-26 01:49:33,2,62,45.5234515,"Portland, OR",-122.6762071,James Squeaky,Argumentix,"Animal Writes, Ghost to Falco, Soup Purse, Noise Divorce, Bird Costumes, Alarmist, Space Hawk, Sex with Girls","['portland', 'argumentix']",http://www.belowpdx.com,,training,large,192000,0,James Squeaky,2008-11-26 01:46:08,2007-06-01 00:00:00,206,0,Rock,[25],"[25, 12]",,468,en,Attribution-NonCommercial-ShareAlike 3.0 International,90,,3,,[],I Can't Stand You Up-right
173,0,2008-11-26 01:51:48,2008-06-23 00:00:00,,0,72,"<p><em>from James' <a href=""http://www.belowpdx.com/store/"">website</a>:</em></p>
<p>""This is the first album I wish to be remembered by. Recorded through a bleak year of my life, 2006, Boss of Goth is an album of power-mourning, demon-fighting and vengeance-fucking. Trapped inside despair over the death of true love, childhood, and joy, I have always clung voraciously to a promise of a better tomorrow. I finished this album in March of 2007 and held on to it until now to make sure I would still love it enough to make 500 of them.<br /><br />Boss of Goth includes industrial punk and pop style songs with occasional fleeting dance beats and bursts of harsh noise. Vocals are the central focus, creating sweet pop ballads and lurking creep-stalker punk melt-downs. A variety of microphone processing accompanying sequencers, drum machines, and tons and tons of manipulated cassette tapes. Twisted collage journeys and quick punches to the throat. A fitting comparison perhaps: To Live and Shave in LA meets Nine Inch Nails, with the spirits of Edward Ka-Spel, Suckdog, and bedroom four track. Includes 6 songs that have appeared regularly in live performances. Oh yeah, and I play piano on the last track.<br /><br />Album includes two hidden bonus tracks. The first a live performance caught at the end of my ""temper tantrum approach"" to harsh noise performance. The second is Dragging an Ox Through Water (aka Brian Mumford) singing a cover of my song ""Save Life's Golden Receipt in Case Refund Needed."" Both were recorded at Someday Lounge by Ryan Olson.<br /><br />CD comes with a 12 page booklet with lyrics. Cover art by <a href=""http://dragginganox.blogspot.com/"">Brian Mumford</a>.<br /><br />Recorded 2006<br />released June 23 2008""</p>",716,,[],Boss of Goth,4,Single Tracks,,,"Below PDX, Trash Skull","<p>Below PDX is a noise label headed by James Squeaky, the man who is also behind the vocal-noise experimentation of Argumentix.  A former member of Alarmist, Sex With Girls, and Space Hawk, James ditched these bands to explore what could be described as a type of musical deconstructionism. Argumentix uses found sound, damaged tapes, field recordings, drum beats, and some aching, wailing vocals to create uniquely emotional noise productions. (-via Tommy E. at <a href=""http://blog.wfmu.org/freeform/2008/08/playin-free-in.html"" target=""_blank""><em>WFMU's Beware of the Blog!</em></a>)</p>",0,2008-11-26 01:49:33,2,62,45.5234515,"Portland, OR",-122.6762071,James Squeaky,Argumentix,"Animal Writes, Ghost to Falco, Soup Purse, Noise Divorce, Bird Costumes, Alarmist, Space Hawk, Sex with Girls","['portland', 'argumentix']",http://www.belowpdx.com,,training,large,192000,0,James Squeaky,2008-11-26 01:46:12,2006-01-01 00:00:00,218,0,Rock,[25],"[25, 12]",,475,en,Attribution-NonCommercial-ShareAlike 3.0 International,177,,4,,[],Save Life's Golden Receipt In Case Refund Needed
174,0,2008-11-26 01:51:48,2008-06-23 00:00:00,,0,72,"<p><em>from James' <a href=""http://www.belowpdx.com/store/"">website</a>:</em></p>
<p>""This is the first album I wish to be remembered by. Recorded through a bleak year of my life, 2006, Boss of Goth is an album of power-mourning, demon-fighting and vengeance-fucking. Trapped inside despair over the death of true love, childhood, and joy, I have always clung voraciously to a promise of a better tomorrow. I finished this album in March of 2007 and held on to it until now to make sure I would still love it enough to make 500 of them.<br /><br />Boss of Goth includes industrial punk and pop style songs with occasional fleeting dance beats and bursts of harsh noise. Vocals are the central focus, creating sweet pop ballads and lurking creep-stalker punk melt-downs. A variety of microphone processing accompanying sequencers, drum machines, and tons and tons of manipulated cassette tapes. Twisted collage journeys and quick punches to the throat. A fitting comparison perhaps: To Live and Shave in LA meets Nine Inch Nails, with the spirits of Edward Ka-Spel, Suckdog, and bedroom four track. Includes 6 songs that have appeared regularly in live performances. Oh yeah, and I play piano on the last track.<br /><br />Album includes two hidden bonus tracks. The first a live performance caught at the end of my ""temper tantrum approach"" to harsh noise performance. The second is Dragging an Ox Through Water (aka Brian Mumford) singing a cover of my song ""Save Life's Golden Receipt in Case Refund Needed."" Both were recorded at Someday Lounge by Ryan Olson.<br /><br />CD comes with a 12 page booklet with lyrics. Cover art by <a href=""http://dragginganox.blogspot.com/"">Brian Mumford</a>.<br /><br />Recorded 2006<br />released June 23 2008""</p>",716,,[],Boss of Goth,4,Single Tracks,,,"Below PDX, Trash Skull","<p>Below PDX is a noise label headed by James Squeaky, the man who is also behind the vocal-noise experimentation of Argumentix.  A former member of Alarmist, Sex With Girls, and Space Hawk, James ditched these bands to explore what could be described as a type of musical deconstructionism. Argumentix uses found sound, damaged tapes, field recordings, drum beats, and some aching, wailing vocals to create uniquely emotional noise productions. (-via Tommy E. at <a href=""http://blog.wfmu.org/freeform/2008/08/playin-free-in.html"" target=""_blank""><em>WFMU's Beware of the Blog!</em></a>)</p>",0,2008-11-26 01:49:33,2,62,45.5234515,"Portland, OR",-122.6762071,James Squeaky,Argumentix,"Animal Writes, Ghost to Falco, Soup Purse, Noise Divorce, Bird Costumes, Alarmist, Space Hawk, Sex with Girls","['portland', 'argumentix']",http://www.belowpdx.com,,training,large,192000,0,James Squeaky,2008-11-26 01:46:14,2006-01-01 00:00:00,199,0,Rock,[25],"[25, 12]",,405,en,Attribution-NonCommercial-ShareAlike 3.0 International,116,,6,,[],Senator's Stance
175,0,2008-11-26 01:51:50,2007-01-01 00:00:00,,0,73,<p>Recorded mostly on October 7 of 2006.</p>,193,,[],Nightmarcher,2,Single Tracks,,,"Below PDX, Trash Skull","<p>Below PDX is a noise label headed by James Squeaky, the man who is also behind the vocal-noise experimentation of Argumentix.  A former member of Alarmist, Sex With Girls, and Space Hawk, James ditched these bands to explore what could be described as a type of musical deconstructionism. Argumentix uses found sound, damaged tapes, field recordings, drum beats, and some aching, wailing vocals to create uniquely emotional noise productions. (-via Tommy E. at <a href=""http://blog.wfmu.org/freeform/2008/08/playin-free-in.html"" target=""_blank""><em>WFMU's Beware of the Blog!</em></a>)</p>",0,2008-11-26 01:49:33,2,62,45.5234515,"Portland, OR",-122.6762071,James Squeaky,Argumentix,"Animal Writes, Ghost to Falco, Soup Purse, Noise Divorce, Bird Costumes, Alarmist, Space Hawk, Sex with Girls","['portland', 'argumentix']",http://www.belowpdx.com,,training,large,192000,0,,2008-11-26 01:46:16,2006-10-07 00:00:00,111,0,Rock,[25],"[25, 12]",,365,en,Attribution-NonCommercial-ShareAlike 3.0 International,72,,6,,[],Snapped Today
176,0,2008-11-26 01:51:52,2009-01-06 00:00:00,,0,74,<p>Unreleased.</p>,346,,[],Victim of Your Life,2,Single Tracks,,,"Below PDX, Trash Skull","<p>Below PDX is a noise label headed by James Squeaky, the man who is also behind the vocal-noise experimentation of Argumentix.  A former member of Alarmist, Sex With Girls, and Space Hawk, James ditched these bands to explore what could be described as a type of musical deconstructionism. Argumentix uses found sound, damaged tapes, field recordings, drum beats, and some aching, wailing vocals to create uniquely emotional noise productions. (-via Tommy E. at <a href=""http://blog.wfmu.org/freeform/2008/08/playin-free-in.html"" target=""_blank""><em>WFMU's Beware of the Blog!</em></a>)</p>",0,2008-11-26 01:49:33,2,62,45.5234515,"Portland, OR",-122.6762071,James Squeaky,Argumentix,"Animal Writes, Ghost to Falco, Soup Purse, Noise Divorce, Bird Costumes, Alarmist, Space Hawk, Sex with Girls","['portland', 'argumentix']",http://www.belowpdx.com,,training,large,320000,0,,2008-11-26 01:46:18,2008-11-26 00:00:00,160,0,Rock,[25],"[25, 12]",<p>Unreleased</p>,461,en,Attribution-NonCommercial-ShareAlike 3.0 International,104,,6,,[],Step Up to Legends
177,0,2008-11-26 01:51:48,2008-06-23 00:00:00,,0,72,"<p><em>from James' <a href=""http://www.belowpdx.com/store/"">website</a>:</em></p>
<p>""This is the first album I wish to be remembered by. Recorded through a bleak year of my life, 2006, Boss of Goth is an album of power-mourning, demon-fighting and vengeance-fucking. Trapped inside despair over the death of true love, childhood, and joy, I have always clung voraciously to a promise of a better tomorrow. I finished this album in March of 2007 and held on to it until now to make sure I would still love it enough to make 500 of them.<br /><br />Boss of Goth includes industrial punk and pop style songs with occasional fleeting dance beats and bursts of harsh noise. Vocals are the central focus, creating sweet pop ballads and lurking creep-stalker punk melt-downs. A variety of microphone processing accompanying sequencers, drum machines, and tons and tons of manipulated cassette tapes. Twisted collage journeys and quick punches to the throat. A fitting comparison perhaps: To Live and Shave in LA meets Nine Inch Nails, with the spirits of Edward Ka-Spel, Suckdog, and bedroom four track. Includes 6 songs that have appeared regularly in live performances. Oh yeah, and I play piano on the last track.<br /><br />Album includes two hidden bonus tracks. The first a live performance caught at the end of my ""temper tantrum approach"" to harsh noise performance. The second is Dragging an Ox Through Water (aka Brian Mumford) singing a cover of my song ""Save Life's Golden Receipt in Case Refund Needed."" Both were recorded at Someday Lounge by Ryan Olson.<br /><br />CD comes with a 12 page booklet with lyrics. Cover art by <a href=""http://dragginganox.blogspot.com/"">Brian Mumford</a>.<br /><br />Recorded 2006<br />released June 23 2008""</p>",716,,[],Boss of Goth,4,Single Tracks,,,"Below PDX, Trash Skull","<p>Below PDX is a noise label headed by James Squeaky, the man who is also behind the vocal-noise experimentation of Argumentix.  A former member of Alarmist, Sex With Girls, and Space Hawk, James ditched these bands to explore what could be described as a type of musical deconstructionism. Argumentix uses found sound, damaged tapes, field recordings, drum beats, and some aching, wailing vocals to create uniquely emotional noise productions. (-via Tommy E. at <a href=""http://blog.wfmu.org/freeform/2008/08/playin-free-in.html"" target=""_blank""><em>WFMU's Beware of the Blog!</em></a>)</p>",0,2008-11-26 01:49:33,2,62,45.5234515,"Portland, OR",-122.6762071,James Squeaky,Argumentix,"Animal Writes, Ghost to Falco, Soup Purse, Noise Divorce, Bird Costumes, Alarmist, Space Hawk, Sex with Girls","['portland', 'argumentix']",http://www.belowpdx.com,,training,large,192000,0,James Squeaky,2008-11-26 01:46:21,2006-01-01 00:00:00,129,0,Rock,[25],"[25, 12]",,529,en,Attribution-NonCommercial-ShareAlike 3.0 International,160,,7,,[],Petty Hate Machine
178,0,2008-11-26 01:52:07,2009-01-06 00:00:00,,0,76,"<p>The first vinyl release from Argumentix.<br /><br />DVDR with purchase includes 8 original animated videos, including a video for “Tarantula Downpour,” along with songs from various other releases. They range from crude drawings and feline adventures to dense rotating patterns of melting color.</p>",149,,[],"Tarantula Downpour 7""",1,Single Tracks,,,"Below PDX, Trash Skull","<p>Below PDX is a noise label headed by James Squeaky, the man who is also behind the vocal-noise experimentation of Argumentix.  A former member of Alarmist, Sex With Girls, and Space Hawk, James ditched these bands to explore what could be described as a type of musical deconstructionism. Argumentix uses found sound, damaged tapes, field recordings, drum beats, and some aching, wailing vocals to create uniquely emotional noise productions. (-via Tommy E. at <a href=""http://blog.wfmu.org/freeform/2008/08/playin-free-in.html"" target=""_blank""><em>WFMU's Beware of the Blog!</em></a>)</p>",0,2008-11-26 01:49:33,2,62,45.5234515,"Portland, OR",-122.6762071,James Squeaky,Argumentix,"Animal Writes, Ghost to Falco, Soup Purse, Noise Divorce, Bird Costumes, Alarmist, Space Hawk, Sex with Girls","['portland', 'argumentix']",http://www.belowpdx.com,,training,large,192000,0,,2008-11-26 01:46:23,2006-02-01 00:00:00,259,1,Rock,[25],"[25, 12]",,287,en,Attribution-NonCommercial-ShareAlike 3.0 International,149,,0,,[],Lend Me a Blanket
179,0,2008-11-26 01:52:09,2009-01-06 00:00:00,,0,77,"<p>4 way split LP with Ghost to Falco, Inca Ore, Tunnels.</p>",226,,[],Dracula Safari,1,Single Tracks,,,"Below PDX, Trash Skull","<p>Below PDX is a noise label headed by James Squeaky, the man who is also behind the vocal-noise experimentation of Argumentix.  A former member of Alarmist, Sex With Girls, and Space Hawk, James ditched these bands to explore what could be described as a type of musical deconstructionism. Argumentix uses found sound, damaged tapes, field recordings, drum beats, and some aching, wailing vocals to create uniquely emotional noise productions. (-via Tommy E. at <a href=""http://blog.wfmu.org/freeform/2008/08/playin-free-in.html"" target=""_blank""><em>WFMU's Beware of the Blog!</em></a>)</p>",0,2008-11-26 01:49:33,2,62,45.5234515,"Portland, OR",-122.6762071,James Squeaky,Argumentix,"Animal Writes, Ghost to Falco, Soup Purse, Noise Divorce, Bird Costumes, Alarmist, Space Hawk, Sex with Girls","['portland', 'argumentix']",http://www.belowpdx.com,,training,large,320000,0,,2008-11-26 01:46:25,2008-11-26 00:00:00,90,0,Rock,[25],"[25, 12]",,591,en,Attribution-NonCommercial-ShareAlike 3.0 International,226,,0,,[],Ready to Die
181,0,2008-11-26 01:52:15,2007-04-13 00:00:00,,0,79,<p>This Human Ear Music reissue compiles a “Best Of” from the self-released double-cd “Fast Forward/Scared Famous” recorded during and after “Worn Copy.”</p>,1339,,[],Scared Famous,1,Album,1996-01-01 00:00:00,,"Ballbearings Pinatas, Vinyl International, <a href=""http://www.4ad.com/ariel-pinks-haunted-graffiti/"">4AD</a>","<p>Ariel ""Pink"" Rosenberg has been churning out tape after tape of warped pop hits since 1996. A recent batch of higher profile releases, jump-started by Animal Collective's Paw Tracks label, is just the tip of his R. Stevie Moore-inspired iceberg. Ariel Pink's Haunted Graffiti reimagines 70's AM radio through psychedelic vision goggles. Although he typically records solo to 8-track cassette, Ariel Pink stopped by WFMU while on tour with a full backing band, bringing the Haunted Graffiti to life here in studio B. (-Jason Sigal August 2008)</p>
<p>In November 2009, Ariel Pink's Haunted Graffiti was signed to 4AD records. He released a new mp3 single ""Round and Round"" in March 2010, marking a studio quality departure from his former lo-fi recordings. 4AD released it as a 7"" single, backed with ""Mistaken Wedding"". A new album, ""Before Today"", will be released summer 2010. (read more at <a title=""http://en.wikipedia.org/wiki/Ariel_Pink"" href=""http://en.wikipedia.org/wiki/Ariel_Pink"" target=""_blank"">wikipedia</a>)</p>",10,2008-11-26 01:49:59,76,64,,,,"Ariel ""Pink"" Rosenberg on vocals
Kenny Gilmore on keys/guitar
Tim Koh on bass
Cole M. Greif-Neill on guitar.

Jimi Hey on drums (",Ariel Pink's Haunted Graffiti,John Maus,['ariel pinks haunted graffiti'],http://www.ariel-pink.com/,http://en.wikipedia.org/wiki/Ariel_Pink,test,medium,256000,0,,2008-11-26 01:46:31,2006-01-01 00:00:00,171,8,Rock,[27],"[27, 12]",,1736,en,Attribution-Noncommercial-No Derivative Works 3.0 United States,1339,,1,,[],Gopacapulco
182,0,2008-11-26 01:52:18,2005-04-26 00:00:00,,0,80,"<p><em>Worn Copy</em> is    the history of popular music as revealed through the eyes and ears of Ariel    Pink. It’s an impassioned combinatory view of popular and unpopular culture    that takes in everything from The Cure, R. Stevie Moore and Amon Duul to forgotten    episodes of <em>The Gong Show</em>, <em>It's Your Move</em>, and <em>What's Happening?</em> Originally released in 2003 by the Rhystop label. (-via <a href=""http://paw-tracks.com"">paw-tracks.com</a>)</p>",5289,,[],Worn Copy,1,Album,1996-01-01 00:00:00,,"Ballbearings Pinatas, Vinyl International, <a href=""http://www.4ad.com/ariel-pinks-haunted-graffiti/"">4AD</a>","<p>Ariel ""Pink"" Rosenberg has been churning out tape after tape of warped pop hits since 1996. A recent batch of higher profile releases, jump-started by Animal Collective's Paw Tracks label, is just the tip of his R. Stevie Moore-inspired iceberg. Ariel Pink's Haunted Graffiti reimagines 70's AM radio through psychedelic vision goggles. Although he typically records solo to 8-track cassette, Ariel Pink stopped by WFMU while on tour with a full backing band, bringing the Haunted Graffiti to life here in studio B. (-Jason Sigal August 2008)</p>
<p>In November 2009, Ariel Pink's Haunted Graffiti was signed to 4AD records. He released a new mp3 single ""Round and Round"" in March 2010, marking a studio quality departure from his former lo-fi recordings. 4AD released it as a 7"" single, backed with ""Mistaken Wedding"". A new album, ""Before Today"", will be released summer 2010. (read more at <a title=""http://en.wikipedia.org/wiki/Ariel_Pink"" href=""http://en.wikipedia.org/wiki/Ariel_Pink"" target=""_blank"">wikipedia</a>)</p>",10,2008-11-26 01:49:59,76,64,,,,"Ariel ""Pink"" Rosenberg on vocals
Kenny Gilmore on keys/guitar
Tim Koh on bass
Cole M. Greif-Neill on guitar.

Jimi Hey on drums (",Ariel Pink's Haunted Graffiti,John Maus,['ariel pinks haunted graffiti'],http://www.ariel-pink.com/,http://en.wikipedia.org/wiki/Ariel_Pink,test,small,256000,0,,2008-11-26 01:46:34,2008-11-26 00:00:00,228,19,Rock,[27],"[27, 12]",,5990,en,Attribution-Noncommercial-No Derivative Works 3.0 United States,5547,,3,,[],Jules Lost His Jewels
183,0,2008-11-26 01:52:21,2004-10-12 00:00:00,,1,81,"<p>After years of recording in relative seclusion in the hills    of Los Angeles, Ariel Pink makes his official Paw Tracks debut with “The Doldrums.” Originally    a handmade CD-R release a couple years back, “The Doldrums” by Ariel Pink’s    Haunted Graffiti was discovered by the Animal Collective during one of their    west coast tours and became an immediate favorite. Recording at home with a    guitar, bass, keyboard, and 8-track (the drum sounds are all unbelievably created    with his mouth), Ariel Pink blends Lite FM and warped lo-fi pop into something    beautiful and confusing, yet highly addictive.</p>",869,,[],The Doldrums,1,Album,1996-01-01 00:00:00,,"Ballbearings Pinatas, Vinyl International, <a href=""http://www.4ad.com/ariel-pinks-haunted-graffiti/"">4AD</a>","<p>Ariel ""Pink"" Rosenberg has been churning out tape after tape of warped pop hits since 1996. A recent batch of higher profile releases, jump-started by Animal Collective's Paw Tracks label, is just the tip of his R. Stevie Moore-inspired iceberg. Ariel Pink's Haunted Graffiti reimagines 70's AM radio through psychedelic vision goggles. Although he typically records solo to 8-track cassette, Ariel Pink stopped by WFMU while on tour with a full backing band, bringing the Haunted Graffiti to life here in studio B. (-Jason Sigal August 2008)</p>
<p>In November 2009, Ariel Pink's Haunted Graffiti was signed to 4AD records. He released a new mp3 single ""Round and Round"" in March 2010, marking a studio quality departure from his former lo-fi recordings. 4AD released it as a 7"" single, backed with ""Mistaken Wedding"". A new album, ""Before Today"", will be released summer 2010. (read more at <a title=""http://en.wikipedia.org/wiki/Ariel_Pink"" href=""http://en.wikipedia.org/wiki/Ariel_Pink"" target=""_blank"">wikipedia</a>)</p>",10,2008-11-26 01:49:59,76,64,,,,"Ariel ""Pink"" Rosenberg on vocals
Kenny Gilmore on keys/guitar
Tim Koh on bass
Cole M. Greif-Neill on guitar.

Jimi Hey on drums (",Ariel Pink's Haunted Graffiti,John Maus,['ariel pinks haunted graffiti'],http://www.ariel-pink.com/,http://en.wikipedia.org/wiki/Ariel_Pink,test,large,256000,0,,2008-11-26 01:46:37,2008-11-26 00:00:00,260,9,Rock,[27],"[27, 12]",,1264,en,Attribution-Noncommercial-No Derivative Works 3.0 United States,869,,4,,[],For Kate I Wait
184,2,2008-11-26 01:52:24,2009-01-06 00:00:00,,2,82,<p>Ariel Pink's third release on the Paw Tracks label.  Released in January of 2006.</p>,831,,[],House Arrest,1,Album,1996-01-01 00:00:00,,"Ballbearings Pinatas, Vinyl International, <a href=""http://www.4ad.com/ariel-pinks-haunted-graffiti/"">4AD</a>","<p>Ariel ""Pink"" Rosenberg has been churning out tape after tape of warped pop hits since 1996. A recent batch of higher profile releases, jump-started by Animal Collective's Paw Tracks label, is just the tip of his R. Stevie Moore-inspired iceberg. Ariel Pink's Haunted Graffiti reimagines 70's AM radio through psychedelic vision goggles. Although he typically records solo to 8-track cassette, Ariel Pink stopped by WFMU while on tour with a full backing band, bringing the Haunted Graffiti to life here in studio B. (-Jason Sigal August 2008)</p>
<p>In November 2009, Ariel Pink's Haunted Graffiti was signed to 4AD records. He released a new mp3 single ""Round and Round"" in March 2010, marking a studio quality departure from his former lo-fi recordings. 4AD released it as a 7"" single, backed with ""Mistaken Wedding"". A new album, ""Before Today"", will be released summer 2010. (read more at <a title=""http://en.wikipedia.org/wiki/Ariel_Pink"" href=""http://en.wikipedia.org/wiki/Ariel_Pink"" target=""_blank"">wikipedia</a>)</p>",10,2008-11-26 01:49:59,76,64,,,,"Ariel ""Pink"" Rosenberg on vocals
Kenny Gilmore on keys/guitar
Tim Koh on bass
Cole M. Greif-Neill on guitar.

Jimi Hey on drums (",Ariel Pink's Haunted Graffiti,John Maus,['ariel pinks haunted graffiti'],http://www.ariel-pink.com/,http://en.wikipedia.org/wiki/Ariel_Pink,test,large,256000,0,,2008-11-26 01:46:41,2008-11-26 00:00:00,254,9,Rock,[27],"[27, 12]",,1197,en,Attribution-Noncommercial-No Derivative Works 3.0 United States,831,,6,,[],Helen
185,0,2008-11-26 01:52:28,2004-01-20 00:00:00,Ariel Pink,2,83,"<p><span class=""line2"">performed by: Ariel Pink (electric                          guitar, bass, keyboard, drums(sic), voc) recorded on a                          yamaha MT8X multitrack recorder at the kingsley house,                          january, 2002. </span></p>",1042,,[],Homemade Hits Vol. 1,1,Album,1996-01-01 00:00:00,,"Ballbearings Pinatas, Vinyl International, <a href=""http://www.4ad.com/ariel-pinks-haunted-graffiti/"">4AD</a>","<p>Ariel ""Pink"" Rosenberg has been churning out tape after tape of warped pop hits since 1996. A recent batch of higher profile releases, jump-started by Animal Collective's Paw Tracks label, is just the tip of his R. Stevie Moore-inspired iceberg. Ariel Pink's Haunted Graffiti reimagines 70's AM radio through psychedelic vision goggles. Although he typically records solo to 8-track cassette, Ariel Pink stopped by WFMU while on tour with a full backing band, bringing the Haunted Graffiti to life here in studio B. (-Jason Sigal August 2008)</p>
<p>In November 2009, Ariel Pink's Haunted Graffiti was signed to 4AD records. He released a new mp3 single ""Round and Round"" in March 2010, marking a studio quality departure from his former lo-fi recordings. 4AD released it as a 7"" single, backed with ""Mistaken Wedding"". A new album, ""Before Today"", will be released summer 2010. (read more at <a title=""http://en.wikipedia.org/wiki/Ariel_Pink"" href=""http://en.wikipedia.org/wiki/Ariel_Pink"" target=""_blank"">wikipedia</a>)</p>",10,2008-11-26 01:49:59,76,64,,,,"Ariel ""Pink"" Rosenberg on vocals
Kenny Gilmore on keys/guitar
Tim Koh on bass
Cole M. Greif-Neill on guitar.

Jimi Hey on drums (",Ariel Pink's Haunted Graffiti,John Maus,['ariel pinks haunted graffiti'],http://www.ariel-pink.com/,http://en.wikipedia.org/wiki/Ariel_Pink,test,large,256000,0,,2008-11-26 01:46:44,2002-01-01 00:00:00,143,13,,"[27, 76]","[10, 27, 12, 76]","<p><span class=""line2"">performed by: Ariel Pink (electric                          guitar, bass, keyboard, drums(sic), voc) recorded on a                          yamaha MT8X multitrack recorder at the kingsley house,                          january, 2002. </span></p>",1426,en,Attribution-Noncommercial-No Derivative Works 3.0 United States,1043,,9,,[],Want Me
188,0,2008-11-26 01:52:31,2009-01-07 00:00:00,,0,84,"<p><em>Blue Piano</em> is an unreleased collection of songs that Ed wrote between 2006 and 2007.</p>
<p>-<a href=""http://flickr.com/photos/ecaskew/2807959016/"" target=""_blank"">album cover</a> via <a href=""http://flickr.com/photos/16861905@N02/"" target=""_blank"">Ed's Flickr photostream</a></p>",12333,,[],Blue Piano,15,Album,1968-01-01 00:00:00,,"ESP-Disk, Spinning Gold","<p><i><span></span></i>Ed Askew cut one of the best and most obscure LPs in the original ESP-Disk’s vague rock/folk/freak series, issued eponymously and since reissued as Ask The Unicorn, before apparently dropping off the edge of his world. Years later, thanks to detective work by - naturally - Mr Clint Simonson of the De Stijl imprint, it turned out that not only was Askew still breathing but he had actually recorded a follow-up to his ESP disk in 1970 that had lain in the can for decades. Originally released as a limited vinyl edition by Simonson himself, Little Eyes blew even his revered ESP side to ribbons and stands as one of the most magical outsider/freak artefacts to ever escape the prodigious gravity of the decade in which it was birthed. Askew has a highly idiosyncratic vocal style that is equal parts quizzical bubble-gum chewing kind on shrooms and doe-eyed real people Richard Brautigan character. Perhaps the closest comparison would be to Tom Rapp or Judee Sill’s old buddy Tommy Peltier. His instrumental conceptions certainly owe a massive debt to Dylan circa 64/65 - who the fuck didn’t - especially his spine-tingling harmonica work but it’s the beautiful arc of the songs that will keep you coming back, the way he combines rough, fluffed performances with eye-watering lyrical sentiments, heartbreaking phrasing and weird, clunky chords played on a ‘Martin tiple’. If you ever dug the whole late-60s freak-folk fall-out as documented by Pearls Before Swine, Bleib Alien, Tim Buckley, Fugs, Roots Of Madness et al you are gonna crease. Simply put, one of the most beautifully cracked singer-songwriter albums of a timeless age. Only the hardest of hearts could resist it. -<i><span>All text copyright  © David Keenan/Volcanic Tongue</span></i></p>",1,2008-11-26 02:08:52,7,127,40.7143528,"New York, NY",-74.0059731,,Ed Askew,,['ed askew'],http://www.facebook.com/ecaskew?v=feed ,,training,large,256000,0,,2008-11-26 01:46:48,,44,1,Folk,[17],[17],,3137,en,Attribution-NonCommercial-ShareAlike 3.0 International,1253,,1,,[],Piano 1
189,0,2008-11-26 01:52:33,2009-01-07 00:00:00,,0,85,<p>Ed originally recorded <em>What I Know </em>on cassette in 1998.&nbsp; He's graciously given a digital transfer for FMA listeners to enjoy!</p>,894,,[],What I Know,10,Album,1968-01-01 00:00:00,,"ESP-Disk, Spinning Gold","<p><i><span></span></i>Ed Askew cut one of the best and most obscure LPs in the original ESP-Disk’s vague rock/folk/freak series, issued eponymously and since reissued as Ask The Unicorn, before apparently dropping off the edge of his world. Years later, thanks to detective work by - naturally - Mr Clint Simonson of the De Stijl imprint, it turned out that not only was Askew still breathing but he had actually recorded a follow-up to his ESP disk in 1970 that had lain in the can for decades. Originally released as a limited vinyl edition by Simonson himself, Little Eyes blew even his revered ESP side to ribbons and stands as one of the most magical outsider/freak artefacts to ever escape the prodigious gravity of the decade in which it was birthed. Askew has a highly idiosyncratic vocal style that is equal parts quizzical bubble-gum chewing kind on shrooms and doe-eyed real people Richard Brautigan character. Perhaps the closest comparison would be to Tom Rapp or Judee Sill’s old buddy Tommy Peltier. His instrumental conceptions certainly owe a massive debt to Dylan circa 64/65 - who the fuck didn’t - especially his spine-tingling harmonica work but it’s the beautiful arc of the songs that will keep you coming back, the way he combines rough, fluffed performances with eye-watering lyrical sentiments, heartbreaking phrasing and weird, clunky chords played on a ‘Martin tiple’. If you ever dug the whole late-60s freak-folk fall-out as documented by Pearls Before Swine, Bleib Alien, Tim Buckley, Fugs, Roots Of Madness et al you are gonna crease. Simply put, one of the most beautifully cracked singer-songwriter albums of a timeless age. Only the hardest of hearts could resist it. -<i><span>All text copyright  © David Keenan/Volcanic Tongue</span></i></p>",1,2008-11-26 02:08:52,7,127,40.7143528,"New York, NY",-74.0059731,,Ed Askew,,['ed askew'],http://www.facebook.com/ecaskew?v=feed ,,training,large,256000,0,,2008-11-26 01:46:50,2008-11-26 00:00:00,283,1,Folk,[17],[17],,730,en,Attribution-NonCommercial-ShareAlike 3.0 International,101,,1,,[],The Thought Of It
190,0,2008-11-26 01:52:31,2009-01-07 00:00:00,,0,84,"<p><em>Blue Piano</em> is an unreleased collection of songs that Ed wrote between 2006 and 2007.</p>
<p>-<a href=""http://flickr.com/photos/ecaskew/2807959016/"" target=""_blank"">album cover</a> via <a href=""http://flickr.com/photos/16861905@N02/"" target=""_blank"">Ed's Flickr photostream</a></p>",12333,,[],Blue Piano,15,Album,1968-01-01 00:00:00,,"ESP-Disk, Spinning Gold","<p><i><span></span></i>Ed Askew cut one of the best and most obscure LPs in the original ESP-Disk’s vague rock/folk/freak series, issued eponymously and since reissued as Ask The Unicorn, before apparently dropping off the edge of his world. Years later, thanks to detective work by - naturally - Mr Clint Simonson of the De Stijl imprint, it turned out that not only was Askew still breathing but he had actually recorded a follow-up to his ESP disk in 1970 that had lain in the can for decades. Originally released as a limited vinyl edition by Simonson himself, Little Eyes blew even his revered ESP side to ribbons and stands as one of the most magical outsider/freak artefacts to ever escape the prodigious gravity of the decade in which it was birthed. Askew has a highly idiosyncratic vocal style that is equal parts quizzical bubble-gum chewing kind on shrooms and doe-eyed real people Richard Brautigan character. Perhaps the closest comparison would be to Tom Rapp or Judee Sill’s old buddy Tommy Peltier. His instrumental conceptions certainly owe a massive debt to Dylan circa 64/65 - who the fuck didn’t - especially his spine-tingling harmonica work but it’s the beautiful arc of the songs that will keep you coming back, the way he combines rough, fluffed performances with eye-watering lyrical sentiments, heartbreaking phrasing and weird, clunky chords played on a ‘Martin tiple’. If you ever dug the whole late-60s freak-folk fall-out as documented by Pearls Before Swine, Bleib Alien, Tim Buckley, Fugs, Roots Of Madness et al you are gonna crease. Simply put, one of the most beautifully cracked singer-songwriter albums of a timeless age. Only the hardest of hearts could resist it. -<i><span>All text copyright  © David Keenan/Volcanic Tongue</span></i></p>",1,2008-11-26 02:08:52,7,127,40.7143528,"New York, NY",-74.0059731,,Ed Askew,,['ed askew'],http://www.facebook.com/ecaskew?v=feed ,,training,small,256000,0,,2008-11-26 01:46:54,,249,1,Folk,[17],[17],,1758,en,Attribution-NonCommercial-ShareAlike 3.0 International,945,,2,,[],Castle Of Stars
191,0,2008-11-26 01:52:33,2009-01-07 00:00:00,,0,85,<p>Ed originally recorded <em>What I Know </em>on cassette in 1998.&nbsp; He's graciously given a digital transfer for FMA listeners to enjoy!</p>,894,,[],What I Know,10,Album,1968-01-01 00:00:00,,"ESP-Disk, Spinning Gold","<p><i><span></span></i>Ed Askew cut one of the best and most obscure LPs in the original ESP-Disk’s vague rock/folk/freak series, issued eponymously and since reissued as Ask The Unicorn, before apparently dropping off the edge of his world. Years later, thanks to detective work by - naturally - Mr Clint Simonson of the De Stijl imprint, it turned out that not only was Askew still breathing but he had actually recorded a follow-up to his ESP disk in 1970 that had lain in the can for decades. Originally released as a limited vinyl edition by Simonson himself, Little Eyes blew even his revered ESP side to ribbons and stands as one of the most magical outsider/freak artefacts to ever escape the prodigious gravity of the decade in which it was birthed. Askew has a highly idiosyncratic vocal style that is equal parts quizzical bubble-gum chewing kind on shrooms and doe-eyed real people Richard Brautigan character. Perhaps the closest comparison would be to Tom Rapp or Judee Sill’s old buddy Tommy Peltier. His instrumental conceptions certainly owe a massive debt to Dylan circa 64/65 - who the fuck didn’t - especially his spine-tingling harmonica work but it’s the beautiful arc of the songs that will keep you coming back, the way he combines rough, fluffed performances with eye-watering lyrical sentiments, heartbreaking phrasing and weird, clunky chords played on a ‘Martin tiple’. If you ever dug the whole late-60s freak-folk fall-out as documented by Pearls Before Swine, Bleib Alien, Tim Buckley, Fugs, Roots Of Madness et al you are gonna crease. Simply put, one of the most beautifully cracked singer-songwriter albums of a timeless age. Only the hardest of hearts could resist it. -<i><span>All text copyright  © David Keenan/Volcanic Tongue</span></i></p>",1,2008-11-26 02:08:52,7,127,40.7143528,"New York, NY",-74.0059731,,Ed Askew,,['ed askew'],http://www.facebook.com/ecaskew?v=feed ,,training,large,256000,0,,2008-11-26 01:46:57,2008-11-26 00:00:00,224,0,Folk,[17],[17],,1224,en,Attribution-NonCommercial-ShareAlike 3.0 International,64,,2,,[],Song About Michael
192,0,2008-11-26 01:52:33,2009-01-07 00:00:00,,0,85,<p>Ed originally recorded <em>What I Know </em>on cassette in 1998.&nbsp; He's graciously given a digital transfer for FMA listeners to enjoy!</p>,894,,[],What I Know,10,Album,1968-01-01 00:00:00,,"ESP-Disk, Spinning Gold","<p><i><span></span></i>Ed Askew cut one of the best and most obscure LPs in the original ESP-Disk’s vague rock/folk/freak series, issued eponymously and since reissued as Ask The Unicorn, before apparently dropping off the edge of his world. Years later, thanks to detective work by - naturally - Mr Clint Simonson of the De Stijl imprint, it turned out that not only was Askew still breathing but he had actually recorded a follow-up to his ESP disk in 1970 that had lain in the can for decades. Originally released as a limited vinyl edition by Simonson himself, Little Eyes blew even his revered ESP side to ribbons and stands as one of the most magical outsider/freak artefacts to ever escape the prodigious gravity of the decade in which it was birthed. Askew has a highly idiosyncratic vocal style that is equal parts quizzical bubble-gum chewing kind on shrooms and doe-eyed real people Richard Brautigan character. Perhaps the closest comparison would be to Tom Rapp or Judee Sill’s old buddy Tommy Peltier. His instrumental conceptions certainly owe a massive debt to Dylan circa 64/65 - who the fuck didn’t - especially his spine-tingling harmonica work but it’s the beautiful arc of the songs that will keep you coming back, the way he combines rough, fluffed performances with eye-watering lyrical sentiments, heartbreaking phrasing and weird, clunky chords played on a ‘Martin tiple’. If you ever dug the whole late-60s freak-folk fall-out as documented by Pearls Before Swine, Bleib Alien, Tim Buckley, Fugs, Roots Of Madness et al you are gonna crease. Simply put, one of the most beautifully cracked singer-songwriter albums of a timeless age. Only the hardest of hearts could resist it. -<i><span>All text copyright  © David Keenan/Volcanic Tongue</span></i></p>",1,2008-11-26 02:08:52,7,127,40.7143528,"New York, NY",-74.0059731,,Ed Askew,,['ed askew'],http://www.facebook.com/ecaskew?v=feed ,,training,large,256000,0,,2008-11-26 01:46:59,2008-11-26 00:00:00,40,1,Folk,[17],[17],,472,en,Attribution-NonCommercial-ShareAlike 3.0 International,125,,3,,[],Ed Talk WNYC
193,0,2008-11-26 01:52:31,2009-01-07 00:00:00,,0,84,"<p><em>Blue Piano</em> is an unreleased collection of songs that Ed wrote between 2006 and 2007.</p>
<p>-<a href=""http://flickr.com/photos/ecaskew/2807959016/"" target=""_blank"">album cover</a> via <a href=""http://flickr.com/photos/16861905@N02/"" target=""_blank"">Ed's Flickr photostream</a></p>",12333,,[],Blue Piano,15,Album,1968-01-01 00:00:00,,"ESP-Disk, Spinning Gold","<p><i><span></span></i>Ed Askew cut one of the best and most obscure LPs in the original ESP-Disk’s vague rock/folk/freak series, issued eponymously and since reissued as Ask The Unicorn, before apparently dropping off the edge of his world. Years later, thanks to detective work by - naturally - Mr Clint Simonson of the De Stijl imprint, it turned out that not only was Askew still breathing but he had actually recorded a follow-up to his ESP disk in 1970 that had lain in the can for decades. Originally released as a limited vinyl edition by Simonson himself, Little Eyes blew even his revered ESP side to ribbons and stands as one of the most magical outsider/freak artefacts to ever escape the prodigious gravity of the decade in which it was birthed. Askew has a highly idiosyncratic vocal style that is equal parts quizzical bubble-gum chewing kind on shrooms and doe-eyed real people Richard Brautigan character. Perhaps the closest comparison would be to Tom Rapp or Judee Sill’s old buddy Tommy Peltier. His instrumental conceptions certainly owe a massive debt to Dylan circa 64/65 - who the fuck didn’t - especially his spine-tingling harmonica work but it’s the beautiful arc of the songs that will keep you coming back, the way he combines rough, fluffed performances with eye-watering lyrical sentiments, heartbreaking phrasing and weird, clunky chords played on a ‘Martin tiple’. If you ever dug the whole late-60s freak-folk fall-out as documented by Pearls Before Swine, Bleib Alien, Tim Buckley, Fugs, Roots Of Madness et al you are gonna crease. Simply put, one of the most beautifully cracked singer-songwriter albums of a timeless age. Only the hardest of hearts could resist it. -<i><span>All text copyright  © David Keenan/Volcanic Tongue</span></i></p>",1,2008-11-26 02:08:52,7,127,40.7143528,"New York, NY",-74.0059731,,Ed Askew,,['ed askew'],http://www.facebook.com/ecaskew?v=feed ,,training,small,256000,0,,2008-11-26 01:47:02,,254,0,Folk,[17],[17],,1679,en,Attribution-NonCommercial-ShareAlike 3.0 International,824,,3,,[],Here With You
194,0,2008-11-26 01:52:31,2009-01-07 00:00:00,,0,84,"<p><em>Blue Piano</em> is an unreleased collection of songs that Ed wrote between 2006 and 2007.</p>
<p>-<a href=""http://flickr.com/photos/ecaskew/2807959016/"" target=""_blank"">album cover</a> via <a href=""http://flickr.com/photos/16861905@N02/"" target=""_blank"">Ed's Flickr photostream</a></p>",12333,,[],Blue Piano,15,Album,1968-01-01 00:00:00,,"ESP-Disk, Spinning Gold","<p><i><span></span></i>Ed Askew cut one of the best and most obscure LPs in the original ESP-Disk’s vague rock/folk/freak series, issued eponymously and since reissued as Ask The Unicorn, before apparently dropping off the edge of his world. Years later, thanks to detective work by - naturally - Mr Clint Simonson of the De Stijl imprint, it turned out that not only was Askew still breathing but he had actually recorded a follow-up to his ESP disk in 1970 that had lain in the can for decades. Originally released as a limited vinyl edition by Simonson himself, Little Eyes blew even his revered ESP side to ribbons and stands as one of the most magical outsider/freak artefacts to ever escape the prodigious gravity of the decade in which it was birthed. Askew has a highly idiosyncratic vocal style that is equal parts quizzical bubble-gum chewing kind on shrooms and doe-eyed real people Richard Brautigan character. Perhaps the closest comparison would be to Tom Rapp or Judee Sill’s old buddy Tommy Peltier. His instrumental conceptions certainly owe a massive debt to Dylan circa 64/65 - who the fuck didn’t - especially his spine-tingling harmonica work but it’s the beautiful arc of the songs that will keep you coming back, the way he combines rough, fluffed performances with eye-watering lyrical sentiments, heartbreaking phrasing and weird, clunky chords played on a ‘Martin tiple’. If you ever dug the whole late-60s freak-folk fall-out as documented by Pearls Before Swine, Bleib Alien, Tim Buckley, Fugs, Roots Of Madness et al you are gonna crease. Simply put, one of the most beautifully cracked singer-songwriter albums of a timeless age. Only the hardest of hearts could resist it. -<i><span>All text copyright  © David Keenan/Volcanic Tongue</span></i></p>",1,2008-11-26 02:08:52,7,127,40.7143528,"New York, NY",-74.0059731,,Ed Askew,,['ed askew'],http://www.facebook.com/ecaskew?v=feed ,,training,small,256000,0,,2008-11-26 01:47:05,,192,1,Folk,[17],[17],,1780,en,Attribution-NonCommercial-ShareAlike 3.0 International,754,,4,,[],All I want to Do
195,0,2008-11-26 01:52:33,2009-01-07 00:00:00,,0,85,<p>Ed originally recorded <em>What I Know </em>on cassette in 1998.&nbsp; He's graciously given a digital transfer for FMA listeners to enjoy!</p>,894,,[],What I Know,10,Album,1968-01-01 00:00:00,,"ESP-Disk, Spinning Gold","<p><i><span></span></i>Ed Askew cut one of the best and most obscure LPs in the original ESP-Disk’s vague rock/folk/freak series, issued eponymously and since reissued as Ask The Unicorn, before apparently dropping off the edge of his world. Years later, thanks to detective work by - naturally - Mr Clint Simonson of the De Stijl imprint, it turned out that not only was Askew still breathing but he had actually recorded a follow-up to his ESP disk in 1970 that had lain in the can for decades. Originally released as a limited vinyl edition by Simonson himself, Little Eyes blew even his revered ESP side to ribbons and stands as one of the most magical outsider/freak artefacts to ever escape the prodigious gravity of the decade in which it was birthed. Askew has a highly idiosyncratic vocal style that is equal parts quizzical bubble-gum chewing kind on shrooms and doe-eyed real people Richard Brautigan character. Perhaps the closest comparison would be to Tom Rapp or Judee Sill’s old buddy Tommy Peltier. His instrumental conceptions certainly owe a massive debt to Dylan circa 64/65 - who the fuck didn’t - especially his spine-tingling harmonica work but it’s the beautiful arc of the songs that will keep you coming back, the way he combines rough, fluffed performances with eye-watering lyrical sentiments, heartbreaking phrasing and weird, clunky chords played on a ‘Martin tiple’. If you ever dug the whole late-60s freak-folk fall-out as documented by Pearls Before Swine, Bleib Alien, Tim Buckley, Fugs, Roots Of Madness et al you are gonna crease. Simply put, one of the most beautifully cracked singer-songwriter albums of a timeless age. Only the hardest of hearts could resist it. -<i><span>All text copyright  © David Keenan/Volcanic Tongue</span></i></p>",1,2008-11-26 02:08:52,7,127,40.7143528,"New York, NY",-74.0059731,,Ed Askew,,['ed askew'],http://www.facebook.com/ecaskew?v=feed ,,training,large,256000,0,,2008-11-26 01:47:09,2008-11-26 00:00:00,339,1,Folk,[17],[17],,567,en,Attribution-NonCommercial-ShareAlike 3.0 International,138,,4,,[],I Remember You
196,0,2008-11-26 01:52:33,2009-01-07 00:00:00,,0,85,<p>Ed originally recorded <em>What I Know </em>on cassette in 1998.&nbsp; He's graciously given a digital transfer for FMA listeners to enjoy!</p>,894,,[],What I Know,10,Album,1968-01-01 00:00:00,,"ESP-Disk, Spinning Gold","<p><i><span></span></i>Ed Askew cut one of the best and most obscure LPs in the original ESP-Disk’s vague rock/folk/freak series, issued eponymously and since reissued as Ask The Unicorn, before apparently dropping off the edge of his world. Years later, thanks to detective work by - naturally - Mr Clint Simonson of the De Stijl imprint, it turned out that not only was Askew still breathing but he had actually recorded a follow-up to his ESP disk in 1970 that had lain in the can for decades. Originally released as a limited vinyl edition by Simonson himself, Little Eyes blew even his revered ESP side to ribbons and stands as one of the most magical outsider/freak artefacts to ever escape the prodigious gravity of the decade in which it was birthed. Askew has a highly idiosyncratic vocal style that is equal parts quizzical bubble-gum chewing kind on shrooms and doe-eyed real people Richard Brautigan character. Perhaps the closest comparison would be to Tom Rapp or Judee Sill’s old buddy Tommy Peltier. His instrumental conceptions certainly owe a massive debt to Dylan circa 64/65 - who the fuck didn’t - especially his spine-tingling harmonica work but it’s the beautiful arc of the songs that will keep you coming back, the way he combines rough, fluffed performances with eye-watering lyrical sentiments, heartbreaking phrasing and weird, clunky chords played on a ‘Martin tiple’. If you ever dug the whole late-60s freak-folk fall-out as documented by Pearls Before Swine, Bleib Alien, Tim Buckley, Fugs, Roots Of Madness et al you are gonna crease. Simply put, one of the most beautifully cracked singer-songwriter albums of a timeless age. Only the hardest of hearts could resist it. -<i><span>All text copyright  © David Keenan/Volcanic Tongue</span></i></p>",1,2008-11-26 02:08:52,7,127,40.7143528,"New York, NY",-74.0059731,,Ed Askew,,['ed askew'],http://www.facebook.com/ecaskew?v=feed ,,training,large,256000,0,,2008-11-26 01:47:14,2008-11-26 00:00:00,170,0,Folk,[17],[17],,524,en,Attribution-NonCommercial-ShareAlike 3.0 International,75,,5,,[],Bright Mr Brother
197,0,2008-11-26 01:52:31,2009-01-07 00:00:00,,0,84,"<p><em>Blue Piano</em> is an unreleased collection of songs that Ed wrote between 2006 and 2007.</p>
<p>-<a href=""http://flickr.com/photos/ecaskew/2807959016/"" target=""_blank"">album cover</a> via <a href=""http://flickr.com/photos/16861905@N02/"" target=""_blank"">Ed's Flickr photostream</a></p>",12333,,[],Blue Piano,15,Album,1968-01-01 00:00:00,,"ESP-Disk, Spinning Gold","<p><i><span></span></i>Ed Askew cut one of the best and most obscure LPs in the original ESP-Disk’s vague rock/folk/freak series, issued eponymously and since reissued as Ask The Unicorn, before apparently dropping off the edge of his world. Years later, thanks to detective work by - naturally - Mr Clint Simonson of the De Stijl imprint, it turned out that not only was Askew still breathing but he had actually recorded a follow-up to his ESP disk in 1970 that had lain in the can for decades. Originally released as a limited vinyl edition by Simonson himself, Little Eyes blew even his revered ESP side to ribbons and stands as one of the most magical outsider/freak artefacts to ever escape the prodigious gravity of the decade in which it was birthed. Askew has a highly idiosyncratic vocal style that is equal parts quizzical bubble-gum chewing kind on shrooms and doe-eyed real people Richard Brautigan character. Perhaps the closest comparison would be to Tom Rapp or Judee Sill’s old buddy Tommy Peltier. His instrumental conceptions certainly owe a massive debt to Dylan circa 64/65 - who the fuck didn’t - especially his spine-tingling harmonica work but it’s the beautiful arc of the songs that will keep you coming back, the way he combines rough, fluffed performances with eye-watering lyrical sentiments, heartbreaking phrasing and weird, clunky chords played on a ‘Martin tiple’. If you ever dug the whole late-60s freak-folk fall-out as documented by Pearls Before Swine, Bleib Alien, Tim Buckley, Fugs, Roots Of Madness et al you are gonna crease. Simply put, one of the most beautifully cracked singer-songwriter albums of a timeless age. Only the hardest of hearts could resist it. -<i><span>All text copyright  © David Keenan/Volcanic Tongue</span></i></p>",1,2008-11-26 02:08:52,7,127,40.7143528,"New York, NY",-74.0059731,,Ed Askew,,['ed askew'],http://www.facebook.com/ecaskew?v=feed ,,training,small,256000,0,,2008-11-26 01:47:15,,68,1,Folk,[17],[17],,2286,en,Attribution-NonCommercial-ShareAlike 3.0 International,833,,5,,[],Piano 2
198,0,2008-11-26 01:52:31,2009-01-07 00:00:00,,0,84,"<p><em>Blue Piano</em> is an unreleased collection of songs that Ed wrote between 2006 and 2007.</p>
<p>-<a href=""http://flickr.com/photos/ecaskew/2807959016/"" target=""_blank"">album cover</a> via <a href=""http://flickr.com/photos/16861905@N02/"" target=""_blank"">Ed's Flickr photostream</a></p>",12333,,[],Blue Piano,15,Album,1968-01-01 00:00:00,,"ESP-Disk, Spinning Gold","<p><i><span></span></i>Ed Askew cut one of the best and most obscure LPs in the original ESP-Disk’s vague rock/folk/freak series, issued eponymously and since reissued as Ask The Unicorn, before apparently dropping off the edge of his world. Years later, thanks to detective work by - naturally - Mr Clint Simonson of the De Stijl imprint, it turned out that not only was Askew still breathing but he had actually recorded a follow-up to his ESP disk in 1970 that had lain in the can for decades. Originally released as a limited vinyl edition by Simonson himself, Little Eyes blew even his revered ESP side to ribbons and stands as one of the most magical outsider/freak artefacts to ever escape the prodigious gravity of the decade in which it was birthed. Askew has a highly idiosyncratic vocal style that is equal parts quizzical bubble-gum chewing kind on shrooms and doe-eyed real people Richard Brautigan character. Perhaps the closest comparison would be to Tom Rapp or Judee Sill’s old buddy Tommy Peltier. His instrumental conceptions certainly owe a massive debt to Dylan circa 64/65 - who the fuck didn’t - especially his spine-tingling harmonica work but it’s the beautiful arc of the songs that will keep you coming back, the way he combines rough, fluffed performances with eye-watering lyrical sentiments, heartbreaking phrasing and weird, clunky chords played on a ‘Martin tiple’. If you ever dug the whole late-60s freak-folk fall-out as documented by Pearls Before Swine, Bleib Alien, Tim Buckley, Fugs, Roots Of Madness et al you are gonna crease. Simply put, one of the most beautifully cracked singer-songwriter albums of a timeless age. Only the hardest of hearts could resist it. -<i><span>All text copyright  © David Keenan/Volcanic Tongue</span></i></p>",1,2008-11-26 02:08:52,7,127,40.7143528,"New York, NY",-74.0059731,,Ed Askew,,['ed askew'],http://www.facebook.com/ecaskew?v=feed ,,training,medium,256000,0,,2008-11-26 01:47:18,,269,2,Folk,[17],[17],,1784,en,Attribution-NonCommercial-ShareAlike 3.0 International,451,,6,,[],It Breaks My Heart
199,0,2008-11-26 01:52:33,2009-01-07 00:00:00,,0,85,<p>Ed originally recorded <em>What I Know </em>on cassette in 1998.&nbsp; He's graciously given a digital transfer for FMA listeners to enjoy!</p>,894,,[],What I Know,10,Album,1968-01-01 00:00:00,,"ESP-Disk, Spinning Gold","<p><i><span></span></i>Ed Askew cut one of the best and most obscure LPs in the original ESP-Disk’s vague rock/folk/freak series, issued eponymously and since reissued as Ask The Unicorn, before apparently dropping off the edge of his world. Years later, thanks to detective work by - naturally - Mr Clint Simonson of the De Stijl imprint, it turned out that not only was Askew still breathing but he had actually recorded a follow-up to his ESP disk in 1970 that had lain in the can for decades. Originally released as a limited vinyl edition by Simonson himself, Little Eyes blew even his revered ESP side to ribbons and stands as one of the most magical outsider/freak artefacts to ever escape the prodigious gravity of the decade in which it was birthed. Askew has a highly idiosyncratic vocal style that is equal parts quizzical bubble-gum chewing kind on shrooms and doe-eyed real people Richard Brautigan character. Perhaps the closest comparison would be to Tom Rapp or Judee Sill’s old buddy Tommy Peltier. His instrumental conceptions certainly owe a massive debt to Dylan circa 64/65 - who the fuck didn’t - especially his spine-tingling harmonica work but it’s the beautiful arc of the songs that will keep you coming back, the way he combines rough, fluffed performances with eye-watering lyrical sentiments, heartbreaking phrasing and weird, clunky chords played on a ‘Martin tiple’. If you ever dug the whole late-60s freak-folk fall-out as documented by Pearls Before Swine, Bleib Alien, Tim Buckley, Fugs, Roots Of Madness et al you are gonna crease. Simply put, one of the most beautifully cracked singer-songwriter albums of a timeless age. Only the hardest of hearts could resist it. -<i><span>All text copyright  © David Keenan/Volcanic Tongue</span></i></p>",1,2008-11-26 02:08:52,7,127,40.7143528,"New York, NY",-74.0059731,,Ed Askew,,['ed askew'],http://www.facebook.com/ecaskew?v=feed ,,training,large,256000,0,,2008-11-26 01:47:21,2008-11-26 00:00:00,263,0,Folk,[17],[17],,459,en,Attribution-NonCommercial-ShareAlike 3.0 International,38,,6,,[],Rimbaud
200,0,2008-11-26 01:52:31,2009-01-07 00:00:00,,0,84,"<p><em>Blue Piano</em> is an unreleased collection of songs that Ed wrote between 2006 and 2007.</p>
<p>-<a href=""http://flickr.com/photos/ecaskew/2807959016/"" target=""_blank"">album cover</a> via <a href=""http://flickr.com/photos/16861905@N02/"" target=""_blank"">Ed's Flickr photostream</a></p>",12333,,[],Blue Piano,15,Album,1968-01-01 00:00:00,,"ESP-Disk, Spinning Gold","<p><i><span></span></i>Ed Askew cut one of the best and most obscure LPs in the original ESP-Disk’s vague rock/folk/freak series, issued eponymously and since reissued as Ask The Unicorn, before apparently dropping off the edge of his world. Years later, thanks to detective work by - naturally - Mr Clint Simonson of the De Stijl imprint, it turned out that not only was Askew still breathing but he had actually recorded a follow-up to his ESP disk in 1970 that had lain in the can for decades. Originally released as a limited vinyl edition by Simonson himself, Little Eyes blew even his revered ESP side to ribbons and stands as one of the most magical outsider/freak artefacts to ever escape the prodigious gravity of the decade in which it was birthed. Askew has a highly idiosyncratic vocal style that is equal parts quizzical bubble-gum chewing kind on shrooms and doe-eyed real people Richard Brautigan character. Perhaps the closest comparison would be to Tom Rapp or Judee Sill’s old buddy Tommy Peltier. His instrumental conceptions certainly owe a massive debt to Dylan circa 64/65 - who the fuck didn’t - especially his spine-tingling harmonica work but it’s the beautiful arc of the songs that will keep you coming back, the way he combines rough, fluffed performances with eye-watering lyrical sentiments, heartbreaking phrasing and weird, clunky chords played on a ‘Martin tiple’. If you ever dug the whole late-60s freak-folk fall-out as documented by Pearls Before Swine, Bleib Alien, Tim Buckley, Fugs, Roots Of Madness et al you are gonna crease. Simply put, one of the most beautifully cracked singer-songwriter albums of a timeless age. Only the hardest of hearts could resist it. -<i><span>All text copyright  © David Keenan/Volcanic Tongue</span></i></p>",1,2008-11-26 02:08:52,7,127,40.7143528,"New York, NY",-74.0059731,,Ed Askew,,['ed askew'],http://www.facebook.com/ecaskew?v=feed ,,training,small,256000,0,,2008-11-26 01:47:25,,194,1,Folk,[17],[17],,1945,en,Attribution-NonCommercial-ShareAlike 3.0 International,772,,7,,[],Baby Come Home
201,0,2008-11-26 01:52:33,2009-01-07 00:00:00,,0,85,<p>Ed originally recorded <em>What I Know </em>on cassette in 1998.&nbsp; He's graciously given a digital transfer for FMA listeners to enjoy!</p>,894,,[],What I Know,10,Album,1968-01-01 00:00:00,,"ESP-Disk, Spinning Gold","<p><i><span></span></i>Ed Askew cut one of the best and most obscure LPs in the original ESP-Disk’s vague rock/folk/freak series, issued eponymously and since reissued as Ask The Unicorn, before apparently dropping off the edge of his world. Years later, thanks to detective work by - naturally - Mr Clint Simonson of the De Stijl imprint, it turned out that not only was Askew still breathing but he had actually recorded a follow-up to his ESP disk in 1970 that had lain in the can for decades. Originally released as a limited vinyl edition by Simonson himself, Little Eyes blew even his revered ESP side to ribbons and stands as one of the most magical outsider/freak artefacts to ever escape the prodigious gravity of the decade in which it was birthed. Askew has a highly idiosyncratic vocal style that is equal parts quizzical bubble-gum chewing kind on shrooms and doe-eyed real people Richard Brautigan character. Perhaps the closest comparison would be to Tom Rapp or Judee Sill’s old buddy Tommy Peltier. His instrumental conceptions certainly owe a massive debt to Dylan circa 64/65 - who the fuck didn’t - especially his spine-tingling harmonica work but it’s the beautiful arc of the songs that will keep you coming back, the way he combines rough, fluffed performances with eye-watering lyrical sentiments, heartbreaking phrasing and weird, clunky chords played on a ‘Martin tiple’. If you ever dug the whole late-60s freak-folk fall-out as documented by Pearls Before Swine, Bleib Alien, Tim Buckley, Fugs, Roots Of Madness et al you are gonna crease. Simply put, one of the most beautifully cracked singer-songwriter albums of a timeless age. Only the hardest of hearts could resist it. -<i><span>All text copyright  © David Keenan/Volcanic Tongue</span></i></p>",1,2008-11-26 02:08:52,7,127,40.7143528,"New York, NY",-74.0059731,,Ed Askew,,['ed askew'],http://www.facebook.com/ecaskew?v=feed ,,training,large,256000,0,,2008-11-26 01:47:27,2008-11-26 00:00:00,210,1,Folk,[17],[17],,870,en,Attribution-NonCommercial-ShareAlike 3.0 International,150,,7,,[],Big City
202,0,2008-11-26 01:52:33,2009-01-07 00:00:00,,0,85,<p>Ed originally recorded <em>What I Know </em>on cassette in 1998.&nbsp; He's graciously given a digital transfer for FMA listeners to enjoy!</p>,894,,[],What I Know,10,Album,1968-01-01 00:00:00,,"ESP-Disk, Spinning Gold","<p><i><span></span></i>Ed Askew cut one of the best and most obscure LPs in the original ESP-Disk’s vague rock/folk/freak series, issued eponymously and since reissued as Ask The Unicorn, before apparently dropping off the edge of his world. Years later, thanks to detective work by - naturally - Mr Clint Simonson of the De Stijl imprint, it turned out that not only was Askew still breathing but he had actually recorded a follow-up to his ESP disk in 1970 that had lain in the can for decades. Originally released as a limited vinyl edition by Simonson himself, Little Eyes blew even his revered ESP side to ribbons and stands as one of the most magical outsider/freak artefacts to ever escape the prodigious gravity of the decade in which it was birthed. Askew has a highly idiosyncratic vocal style that is equal parts quizzical bubble-gum chewing kind on shrooms and doe-eyed real people Richard Brautigan character. Perhaps the closest comparison would be to Tom Rapp or Judee Sill’s old buddy Tommy Peltier. His instrumental conceptions certainly owe a massive debt to Dylan circa 64/65 - who the fuck didn’t - especially his spine-tingling harmonica work but it’s the beautiful arc of the songs that will keep you coming back, the way he combines rough, fluffed performances with eye-watering lyrical sentiments, heartbreaking phrasing and weird, clunky chords played on a ‘Martin tiple’. If you ever dug the whole late-60s freak-folk fall-out as documented by Pearls Before Swine, Bleib Alien, Tim Buckley, Fugs, Roots Of Madness et al you are gonna crease. Simply put, one of the most beautifully cracked singer-songwriter albums of a timeless age. Only the hardest of hearts could resist it. -<i><span>All text copyright  © David Keenan/Volcanic Tongue</span></i></p>",1,2008-11-26 02:08:52,7,127,40.7143528,"New York, NY",-74.0059731,,Ed Askew,,['ed askew'],http://www.facebook.com/ecaskew?v=feed ,,training,large,256000,0,,2008-11-26 01:47:30,2008-11-26 00:00:00,258,0,Folk,[17],[17],,682,en,Attribution-NonCommercial-ShareAlike 3.0 International,46,,8,,[],Palomino
203,0,2008-11-26 01:52:31,2009-01-07 00:00:00,,0,84,"<p><em>Blue Piano</em> is an unreleased collection of songs that Ed wrote between 2006 and 2007.</p>
<p>-<a href=""http://flickr.com/photos/ecaskew/2807959016/"" target=""_blank"">album cover</a> via <a href=""http://flickr.com/photos/16861905@N02/"" target=""_blank"">Ed's Flickr photostream</a></p>",12333,,[],Blue Piano,15,Album,1968-01-01 00:00:00,,"ESP-Disk, Spinning Gold","<p><i><span></span></i>Ed Askew cut one of the best and most obscure LPs in the original ESP-Disk’s vague rock/folk/freak series, issued eponymously and since reissued as Ask The Unicorn, before apparently dropping off the edge of his world. Years later, thanks to detective work by - naturally - Mr Clint Simonson of the De Stijl imprint, it turned out that not only was Askew still breathing but he had actually recorded a follow-up to his ESP disk in 1970 that had lain in the can for decades. Originally released as a limited vinyl edition by Simonson himself, Little Eyes blew even his revered ESP side to ribbons and stands as one of the most magical outsider/freak artefacts to ever escape the prodigious gravity of the decade in which it was birthed. Askew has a highly idiosyncratic vocal style that is equal parts quizzical bubble-gum chewing kind on shrooms and doe-eyed real people Richard Brautigan character. Perhaps the closest comparison would be to Tom Rapp or Judee Sill’s old buddy Tommy Peltier. His instrumental conceptions certainly owe a massive debt to Dylan circa 64/65 - who the fuck didn’t - especially his spine-tingling harmonica work but it’s the beautiful arc of the songs that will keep you coming back, the way he combines rough, fluffed performances with eye-watering lyrical sentiments, heartbreaking phrasing and weird, clunky chords played on a ‘Martin tiple’. If you ever dug the whole late-60s freak-folk fall-out as documented by Pearls Before Swine, Bleib Alien, Tim Buckley, Fugs, Roots Of Madness et al you are gonna crease. Simply put, one of the most beautifully cracked singer-songwriter albums of a timeless age. Only the hardest of hearts could resist it. -<i><span>All text copyright  © David Keenan/Volcanic Tongue</span></i></p>",1,2008-11-26 02:08:52,7,127,40.7143528,"New York, NY",-74.0059731,,Ed Askew,,['ed askew'],http://www.facebook.com/ecaskew?v=feed ,,training,small,256000,0,,2008-11-26 01:47:34,,195,2,Folk,[17],[17],,1737,en,Attribution-NonCommercial-ShareAlike 3.0 International,603,,8,,[],Song For R
204,0,2008-11-26 01:52:31,2009-01-07 00:00:00,,0,84,"<p><em>Blue Piano</em> is an unreleased collection of songs that Ed wrote between 2006 and 2007.</p>
<p>-<a href=""http://flickr.com/photos/ecaskew/2807959016/"" target=""_blank"">album cover</a> via <a href=""http://flickr.com/photos/16861905@N02/"" target=""_blank"">Ed's Flickr photostream</a></p>",12333,,[],Blue Piano,15,Album,1968-01-01 00:00:00,,"ESP-Disk, Spinning Gold","<p><i><span></span></i>Ed Askew cut one of the best and most obscure LPs in the original ESP-Disk’s vague rock/folk/freak series, issued eponymously and since reissued as Ask The Unicorn, before apparently dropping off the edge of his world. Years later, thanks to detective work by - naturally - Mr Clint Simonson of the De Stijl imprint, it turned out that not only was Askew still breathing but he had actually recorded a follow-up to his ESP disk in 1970 that had lain in the can for decades. Originally released as a limited vinyl edition by Simonson himself, Little Eyes blew even his revered ESP side to ribbons and stands as one of the most magical outsider/freak artefacts to ever escape the prodigious gravity of the decade in which it was birthed. Askew has a highly idiosyncratic vocal style that is equal parts quizzical bubble-gum chewing kind on shrooms and doe-eyed real people Richard Brautigan character. Perhaps the closest comparison would be to Tom Rapp or Judee Sill’s old buddy Tommy Peltier. His instrumental conceptions certainly owe a massive debt to Dylan circa 64/65 - who the fuck didn’t - especially his spine-tingling harmonica work but it’s the beautiful arc of the songs that will keep you coming back, the way he combines rough, fluffed performances with eye-watering lyrical sentiments, heartbreaking phrasing and weird, clunky chords played on a ‘Martin tiple’. If you ever dug the whole late-60s freak-folk fall-out as documented by Pearls Before Swine, Bleib Alien, Tim Buckley, Fugs, Roots Of Madness et al you are gonna crease. Simply put, one of the most beautifully cracked singer-songwriter albums of a timeless age. Only the hardest of hearts could resist it. -<i><span>All text copyright  © David Keenan/Volcanic Tongue</span></i></p>",1,2008-11-26 02:08:52,7,127,40.7143528,"New York, NY",-74.0059731,,Ed Askew,,['ed askew'],http://www.facebook.com/ecaskew?v=feed ,,training,small,256000,0,,2008-11-26 01:47:37,,324,0,Folk,[17],[17],,1954,en,Attribution-NonCommercial-ShareAlike 3.0 International,688,,9,,[],My Dream
205,0,2008-11-26 01:52:33,2009-01-07 00:00:00,,0,85,<p>Ed originally recorded <em>What I Know </em>on cassette in 1998.&nbsp; He's graciously given a digital transfer for FMA listeners to enjoy!</p>,894,,[],What I Know,10,Album,1968-01-01 00:00:00,,"ESP-Disk, Spinning Gold","<p><i><span></span></i>Ed Askew cut one of the best and most obscure LPs in the original ESP-Disk’s vague rock/folk/freak series, issued eponymously and since reissued as Ask The Unicorn, before apparently dropping off the edge of his world. Years later, thanks to detective work by - naturally - Mr Clint Simonson of the De Stijl imprint, it turned out that not only was Askew still breathing but he had actually recorded a follow-up to his ESP disk in 1970 that had lain in the can for decades. Originally released as a limited vinyl edition by Simonson himself, Little Eyes blew even his revered ESP side to ribbons and stands as one of the most magical outsider/freak artefacts to ever escape the prodigious gravity of the decade in which it was birthed. Askew has a highly idiosyncratic vocal style that is equal parts quizzical bubble-gum chewing kind on shrooms and doe-eyed real people Richard Brautigan character. Perhaps the closest comparison would be to Tom Rapp or Judee Sill’s old buddy Tommy Peltier. His instrumental conceptions certainly owe a massive debt to Dylan circa 64/65 - who the fuck didn’t - especially his spine-tingling harmonica work but it’s the beautiful arc of the songs that will keep you coming back, the way he combines rough, fluffed performances with eye-watering lyrical sentiments, heartbreaking phrasing and weird, clunky chords played on a ‘Martin tiple’. If you ever dug the whole late-60s freak-folk fall-out as documented by Pearls Before Swine, Bleib Alien, Tim Buckley, Fugs, Roots Of Madness et al you are gonna crease. Simply put, one of the most beautifully cracked singer-songwriter albums of a timeless age. Only the hardest of hearts could resist it. -<i><span>All text copyright  © David Keenan/Volcanic Tongue</span></i></p>",1,2008-11-26 02:08:52,7,127,40.7143528,"New York, NY",-74.0059731,,Ed Askew,,['ed askew'],http://www.facebook.com/ecaskew?v=feed ,,training,large,256000,0,,2008-11-26 01:47:41,2008-11-26 00:00:00,244,0,Folk,[17],[17],,556,en,Attribution-NonCommercial-ShareAlike 3.0 International,69,,9,,[],What Crow Saw
206,0,2008-11-26 01:52:33,2009-01-07 00:00:00,,0,85,<p>Ed originally recorded <em>What I Know </em>on cassette in 1998.&nbsp; He's graciously given a digital transfer for FMA listeners to enjoy!</p>,894,,[],What I Know,10,Album,1968-01-01 00:00:00,,"ESP-Disk, Spinning Gold","<p><i><span></span></i>Ed Askew cut one of the best and most obscure LPs in the original ESP-Disk’s vague rock/folk/freak series, issued eponymously and since reissued as Ask The Unicorn, before apparently dropping off the edge of his world. Years later, thanks to detective work by - naturally - Mr Clint Simonson of the De Stijl imprint, it turned out that not only was Askew still breathing but he had actually recorded a follow-up to his ESP disk in 1970 that had lain in the can for decades. Originally released as a limited vinyl edition by Simonson himself, Little Eyes blew even his revered ESP side to ribbons and stands as one of the most magical outsider/freak artefacts to ever escape the prodigious gravity of the decade in which it was birthed. Askew has a highly idiosyncratic vocal style that is equal parts quizzical bubble-gum chewing kind on shrooms and doe-eyed real people Richard Brautigan character. Perhaps the closest comparison would be to Tom Rapp or Judee Sill’s old buddy Tommy Peltier. His instrumental conceptions certainly owe a massive debt to Dylan circa 64/65 - who the fuck didn’t - especially his spine-tingling harmonica work but it’s the beautiful arc of the songs that will keep you coming back, the way he combines rough, fluffed performances with eye-watering lyrical sentiments, heartbreaking phrasing and weird, clunky chords played on a ‘Martin tiple’. If you ever dug the whole late-60s freak-folk fall-out as documented by Pearls Before Swine, Bleib Alien, Tim Buckley, Fugs, Roots Of Madness et al you are gonna crease. Simply put, one of the most beautifully cracked singer-songwriter albums of a timeless age. Only the hardest of hearts could resist it. -<i><span>All text copyright  © David Keenan/Volcanic Tongue</span></i></p>",1,2008-11-26 02:08:52,7,127,40.7143528,"New York, NY",-74.0059731,,Ed Askew,,['ed askew'],http://www.facebook.com/ecaskew?v=feed ,,training,large,256000,0,,2008-11-26 01:47:45,2008-11-26 00:00:00,141,2,Folk,[17],[17],,510,en,Attribution-NonCommercial-ShareAlike 3.0 International,87,,10,,[],Bella Crane
207,0,2008-11-26 01:52:31,2009-01-07 00:00:00,,0,84,"<p><em>Blue Piano</em> is an unreleased collection of songs that Ed wrote between 2006 and 2007.</p>
<p>-<a href=""http://flickr.com/photos/ecaskew/2807959016/"" target=""_blank"">album cover</a> via <a href=""http://flickr.com/photos/16861905@N02/"" target=""_blank"">Ed's Flickr photostream</a></p>",12333,,[],Blue Piano,15,Album,1968-01-01 00:00:00,,"ESP-Disk, Spinning Gold","<p><i><span></span></i>Ed Askew cut one of the best and most obscure LPs in the original ESP-Disk’s vague rock/folk/freak series, issued eponymously and since reissued as Ask The Unicorn, before apparently dropping off the edge of his world. Years later, thanks to detective work by - naturally - Mr Clint Simonson of the De Stijl imprint, it turned out that not only was Askew still breathing but he had actually recorded a follow-up to his ESP disk in 1970 that had lain in the can for decades. Originally released as a limited vinyl edition by Simonson himself, Little Eyes blew even his revered ESP side to ribbons and stands as one of the most magical outsider/freak artefacts to ever escape the prodigious gravity of the decade in which it was birthed. Askew has a highly idiosyncratic vocal style that is equal parts quizzical bubble-gum chewing kind on shrooms and doe-eyed real people Richard Brautigan character. Perhaps the closest comparison would be to Tom Rapp or Judee Sill’s old buddy Tommy Peltier. His instrumental conceptions certainly owe a massive debt to Dylan circa 64/65 - who the fuck didn’t - especially his spine-tingling harmonica work but it’s the beautiful arc of the songs that will keep you coming back, the way he combines rough, fluffed performances with eye-watering lyrical sentiments, heartbreaking phrasing and weird, clunky chords played on a ‘Martin tiple’. If you ever dug the whole late-60s freak-folk fall-out as documented by Pearls Before Swine, Bleib Alien, Tim Buckley, Fugs, Roots Of Madness et al you are gonna crease. Simply put, one of the most beautifully cracked singer-songwriter albums of a timeless age. Only the hardest of hearts could resist it. -<i><span>All text copyright  © David Keenan/Volcanic Tongue</span></i></p>",1,2008-11-26 02:08:52,7,127,40.7143528,"New York, NY",-74.0059731,,Ed Askew,,['ed askew'],http://www.facebook.com/ecaskew?v=feed ,,training,small,256000,0,,2008-11-26 01:47:47,,96,0,Folk,[17],[17],,2811,en,Attribution-NonCommercial-ShareAlike 3.0 International,609,,10,,[],Piano 3
208,0,2008-11-26 01:52:31,2009-01-07 00:00:00,,0,84,"<p><em>Blue Piano</em> is an unreleased collection of songs that Ed wrote between 2006 and 2007.</p>
<p>-<a href=""http://flickr.com/photos/ecaskew/2807959016/"" target=""_blank"">album cover</a> via <a href=""http://flickr.com/photos/16861905@N02/"" target=""_blank"">Ed's Flickr photostream</a></p>",12333,,[],Blue Piano,15,Album,1968-01-01 00:00:00,,"ESP-Disk, Spinning Gold","<p><i><span></span></i>Ed Askew cut one of the best and most obscure LPs in the original ESP-Disk’s vague rock/folk/freak series, issued eponymously and since reissued as Ask The Unicorn, before apparently dropping off the edge of his world. Years later, thanks to detective work by - naturally - Mr Clint Simonson of the De Stijl imprint, it turned out that not only was Askew still breathing but he had actually recorded a follow-up to his ESP disk in 1970 that had lain in the can for decades. Originally released as a limited vinyl edition by Simonson himself, Little Eyes blew even his revered ESP side to ribbons and stands as one of the most magical outsider/freak artefacts to ever escape the prodigious gravity of the decade in which it was birthed. Askew has a highly idiosyncratic vocal style that is equal parts quizzical bubble-gum chewing kind on shrooms and doe-eyed real people Richard Brautigan character. Perhaps the closest comparison would be to Tom Rapp or Judee Sill’s old buddy Tommy Peltier. His instrumental conceptions certainly owe a massive debt to Dylan circa 64/65 - who the fuck didn’t - especially his spine-tingling harmonica work but it’s the beautiful arc of the songs that will keep you coming back, the way he combines rough, fluffed performances with eye-watering lyrical sentiments, heartbreaking phrasing and weird, clunky chords played on a ‘Martin tiple’. If you ever dug the whole late-60s freak-folk fall-out as documented by Pearls Before Swine, Bleib Alien, Tim Buckley, Fugs, Roots Of Madness et al you are gonna crease. Simply put, one of the most beautifully cracked singer-songwriter albums of a timeless age. Only the hardest of hearts could resist it. -<i><span>All text copyright  © David Keenan/Volcanic Tongue</span></i></p>",1,2008-11-26 02:08:52,7,127,40.7143528,"New York, NY",-74.0059731,,Ed Askew,,['ed askew'],http://www.facebook.com/ecaskew?v=feed ,,training,medium,256000,0,,2008-11-26 01:47:49,,273,0,Folk,[17],[17],,1239,en,Attribution-NonCommercial-ShareAlike 3.0 International,397,,11,,[],Safe Harbor
209,0,2008-11-26 01:52:31,2009-01-07 00:00:00,,0,84,"<p><em>Blue Piano</em> is an unreleased collection of songs that Ed wrote between 2006 and 2007.</p>
<p>-<a href=""http://flickr.com/photos/ecaskew/2807959016/"" target=""_blank"">album cover</a> via <a href=""http://flickr.com/photos/16861905@N02/"" target=""_blank"">Ed's Flickr photostream</a></p>",12333,,[],Blue Piano,15,Album,1968-01-01 00:00:00,,"ESP-Disk, Spinning Gold","<p><i><span></span></i>Ed Askew cut one of the best and most obscure LPs in the original ESP-Disk’s vague rock/folk/freak series, issued eponymously and since reissued as Ask The Unicorn, before apparently dropping off the edge of his world. Years later, thanks to detective work by - naturally - Mr Clint Simonson of the De Stijl imprint, it turned out that not only was Askew still breathing but he had actually recorded a follow-up to his ESP disk in 1970 that had lain in the can for decades. Originally released as a limited vinyl edition by Simonson himself, Little Eyes blew even his revered ESP side to ribbons and stands as one of the most magical outsider/freak artefacts to ever escape the prodigious gravity of the decade in which it was birthed. Askew has a highly idiosyncratic vocal style that is equal parts quizzical bubble-gum chewing kind on shrooms and doe-eyed real people Richard Brautigan character. Perhaps the closest comparison would be to Tom Rapp or Judee Sill’s old buddy Tommy Peltier. His instrumental conceptions certainly owe a massive debt to Dylan circa 64/65 - who the fuck didn’t - especially his spine-tingling harmonica work but it’s the beautiful arc of the songs that will keep you coming back, the way he combines rough, fluffed performances with eye-watering lyrical sentiments, heartbreaking phrasing and weird, clunky chords played on a ‘Martin tiple’. If you ever dug the whole late-60s freak-folk fall-out as documented by Pearls Before Swine, Bleib Alien, Tim Buckley, Fugs, Roots Of Madness et al you are gonna crease. Simply put, one of the most beautifully cracked singer-songwriter albums of a timeless age. Only the hardest of hearts could resist it. -<i><span>All text copyright  © David Keenan/Volcanic Tongue</span></i></p>",1,2008-11-26 02:08:52,7,127,40.7143528,"New York, NY",-74.0059731,,Ed Askew,,['ed askew'],http://www.facebook.com/ecaskew?v=feed ,,training,medium,256000,0,,2008-11-26 01:47:53,,328,0,Folk,[17],[17],,1276,en,Attribution-NonCommercial-ShareAlike 3.0 International,351,,12,,[],Safe Harbor
210,0,2008-11-26 01:52:31,2009-01-07 00:00:00,,0,84,"<p><em>Blue Piano</em> is an unreleased collection of songs that Ed wrote between 2006 and 2007.</p>
<p>-<a href=""http://flickr.com/photos/ecaskew/2807959016/"" target=""_blank"">album cover</a> via <a href=""http://flickr.com/photos/16861905@N02/"" target=""_blank"">Ed's Flickr photostream</a></p>",12333,,[],Blue Piano,15,Album,1968-01-01 00:00:00,,"ESP-Disk, Spinning Gold","<p><i><span></span></i>Ed Askew cut one of the best and most obscure LPs in the original ESP-Disk’s vague rock/folk/freak series, issued eponymously and since reissued as Ask The Unicorn, before apparently dropping off the edge of his world. Years later, thanks to detective work by - naturally - Mr Clint Simonson of the De Stijl imprint, it turned out that not only was Askew still breathing but he had actually recorded a follow-up to his ESP disk in 1970 that had lain in the can for decades. Originally released as a limited vinyl edition by Simonson himself, Little Eyes blew even his revered ESP side to ribbons and stands as one of the most magical outsider/freak artefacts to ever escape the prodigious gravity of the decade in which it was birthed. Askew has a highly idiosyncratic vocal style that is equal parts quizzical bubble-gum chewing kind on shrooms and doe-eyed real people Richard Brautigan character. Perhaps the closest comparison would be to Tom Rapp or Judee Sill’s old buddy Tommy Peltier. His instrumental conceptions certainly owe a massive debt to Dylan circa 64/65 - who the fuck didn’t - especially his spine-tingling harmonica work but it’s the beautiful arc of the songs that will keep you coming back, the way he combines rough, fluffed performances with eye-watering lyrical sentiments, heartbreaking phrasing and weird, clunky chords played on a ‘Martin tiple’. If you ever dug the whole late-60s freak-folk fall-out as documented by Pearls Before Swine, Bleib Alien, Tim Buckley, Fugs, Roots Of Madness et al you are gonna crease. Simply put, one of the most beautifully cracked singer-songwriter albums of a timeless age. Only the hardest of hearts could resist it. -<i><span>All text copyright  © David Keenan/Volcanic Tongue</span></i></p>",1,2008-11-26 02:08:52,7,127,40.7143528,"New York, NY",-74.0059731,,Ed Askew,,['ed askew'],http://www.facebook.com/ecaskew?v=feed ,,training,small,256000,0,,2008-11-26 01:47:58,,184,1,Folk,[17],[17],,3706,en,Attribution-NonCommercial-ShareAlike 3.0 International,1824,,13,,[],In the French Court
211,0,2008-11-26 01:52:31,2009-01-07 00:00:00,,0,84,"<p><em>Blue Piano</em> is an unreleased collection of songs that Ed wrote between 2006 and 2007.</p>
<p>-<a href=""http://flickr.com/photos/ecaskew/2807959016/"" target=""_blank"">album cover</a> via <a href=""http://flickr.com/photos/16861905@N02/"" target=""_blank"">Ed's Flickr photostream</a></p>",12333,,[],Blue Piano,15,Album,1968-01-01 00:00:00,,"ESP-Disk, Spinning Gold","<p><i><span></span></i>Ed Askew cut one of the best and most obscure LPs in the original ESP-Disk’s vague rock/folk/freak series, issued eponymously and since reissued as Ask The Unicorn, before apparently dropping off the edge of his world. Years later, thanks to detective work by - naturally - Mr Clint Simonson of the De Stijl imprint, it turned out that not only was Askew still breathing but he had actually recorded a follow-up to his ESP disk in 1970 that had lain in the can for decades. Originally released as a limited vinyl edition by Simonson himself, Little Eyes blew even his revered ESP side to ribbons and stands as one of the most magical outsider/freak artefacts to ever escape the prodigious gravity of the decade in which it was birthed. Askew has a highly idiosyncratic vocal style that is equal parts quizzical bubble-gum chewing kind on shrooms and doe-eyed real people Richard Brautigan character. Perhaps the closest comparison would be to Tom Rapp or Judee Sill’s old buddy Tommy Peltier. His instrumental conceptions certainly owe a massive debt to Dylan circa 64/65 - who the fuck didn’t - especially his spine-tingling harmonica work but it’s the beautiful arc of the songs that will keep you coming back, the way he combines rough, fluffed performances with eye-watering lyrical sentiments, heartbreaking phrasing and weird, clunky chords played on a ‘Martin tiple’. If you ever dug the whole late-60s freak-folk fall-out as documented by Pearls Before Swine, Bleib Alien, Tim Buckley, Fugs, Roots Of Madness et al you are gonna crease. Simply put, one of the most beautifully cracked singer-songwriter albums of a timeless age. Only the hardest of hearts could resist it. -<i><span>All text copyright  © David Keenan/Volcanic Tongue</span></i></p>",1,2008-11-26 02:08:52,7,127,40.7143528,"New York, NY",-74.0059731,,Ed Askew,,['ed askew'],http://www.facebook.com/ecaskew?v=feed ,,training,small,256000,0,,2008-11-26 01:48:00,,247,3,Folk,[17],[17],,16106,en,Attribution-NonCommercial-ShareAlike 3.0 International,1714,,14,,[],In America
212,0,2008-11-26 01:52:31,2009-01-07 00:00:00,,0,84,"<p><em>Blue Piano</em> is an unreleased collection of songs that Ed wrote between 2006 and 2007.</p>
<p>-<a href=""http://flickr.com/photos/ecaskew/2807959016/"" target=""_blank"">album cover</a> via <a href=""http://flickr.com/photos/16861905@N02/"" target=""_blank"">Ed's Flickr photostream</a></p>",12333,,[],Blue Piano,15,Album,1968-01-01 00:00:00,,"ESP-Disk, Spinning Gold","<p><i><span></span></i>Ed Askew cut one of the best and most obscure LPs in the original ESP-Disk’s vague rock/folk/freak series, issued eponymously and since reissued as Ask The Unicorn, before apparently dropping off the edge of his world. Years later, thanks to detective work by - naturally - Mr Clint Simonson of the De Stijl imprint, it turned out that not only was Askew still breathing but he had actually recorded a follow-up to his ESP disk in 1970 that had lain in the can for decades. Originally released as a limited vinyl edition by Simonson himself, Little Eyes blew even his revered ESP side to ribbons and stands as one of the most magical outsider/freak artefacts to ever escape the prodigious gravity of the decade in which it was birthed. Askew has a highly idiosyncratic vocal style that is equal parts quizzical bubble-gum chewing kind on shrooms and doe-eyed real people Richard Brautigan character. Perhaps the closest comparison would be to Tom Rapp or Judee Sill’s old buddy Tommy Peltier. His instrumental conceptions certainly owe a massive debt to Dylan circa 64/65 - who the fuck didn’t - especially his spine-tingling harmonica work but it’s the beautiful arc of the songs that will keep you coming back, the way he combines rough, fluffed performances with eye-watering lyrical sentiments, heartbreaking phrasing and weird, clunky chords played on a ‘Martin tiple’. If you ever dug the whole late-60s freak-folk fall-out as documented by Pearls Before Swine, Bleib Alien, Tim Buckley, Fugs, Roots Of Madness et al you are gonna crease. Simply put, one of the most beautifully cracked singer-songwriter albums of a timeless age. Only the hardest of hearts could resist it. -<i><span>All text copyright  © David Keenan/Volcanic Tongue</span></i></p>",1,2008-11-26 02:08:52,7,127,40.7143528,"New York, NY",-74.0059731,,Ed Askew,,['ed askew'],http://www.facebook.com/ecaskew?v=feed ,,training,small,256000,0,,2008-11-26 01:48:07,,230,2,Folk,[17],[17],,2299,en,Attribution-NonCommercial-ShareAlike 3.0 International,551,,15,,[],When I Arive
213,0,2008-11-26 01:53:47,2007-07-05 00:00:00,,1,86,"<p>""It took me exactly six months from the day of its release to begin writing about Au’s self-titled “debut” album. Despite the crippling procrastination that plagues most Tiny Mix Tapes reviewers (okay, just me, but I am not averse to dragging my superior wordsmiths into my wading pool of incompetence), I am genuinely surprised at my lack of motivation and overall laxness in penning this one. It’s not like the album hasn’t gaily danced its way into my pleasure center and taken up residence in my hypothalamus during the past few months or anything! <br />Au (“ay-yoo”) is primarily Luke Wyland, a musically promiscuous Portlander who in 2005 released peaofthesea under the simple handle “luc.” Some of Au will appeal tremendously to those longing for Sung Tongs-era Animal Collective. Opening track “Boute,” in particular, recalls that same exciting positive folk feel that Messrs. Tare and Bear practice when the mood strikes them. “Sum” is just as thrilling; after an intro of tinkles and strums, the song starts in earnest around 0:43 with a mix of banjo, Zoë Wright’s dreamy vocals, and then a full muddled arsenal of rattles and clangs as it quickly builds a sound drift of intoxicating proportions.</p>
<p>“Shelter” is a quiet dazzler that thrashes together two important sections of Wyland’s creative CV: his childhood classical piano education and his avant-garde work. It is a lovely piece of vocal-splicing and piano- and sleighbell-abetted drone that runs a course without any real end goal. In fact, it doesn’t really go anywhere at all, but it feels wonderful getting there. Elsewhere, without hinging on any major sensational events, Au reveals itself slowly, subtly, and satisfyingly. “Death,” which features vocal help from A Weather’s Sarah Winchester that actually sounds like creeping death, starts a dark troika from cleanup to sixth in Au’s batting order. After this bout of introspection comes the meditative exercise “Life” and “Ask the River,” closing the album with a discharge of freshly-plucked notes.</p>
<p>Maybe it is not entirely my fault that I sat on this album a little longer than I would have preferred. It would be easy to disregard this li’l slip of an album if it were not for the music it contains. With a non-descript, hand-drawn cover and very little fanfare trumpeted by my beloved Rolling Stone and Spin (joking), Au perhaps suffers from underexposure, which is a shame because it would take a malcontent of the highest order to find many faults with this superb example of modern songwriting. While comparisons can be made to other forward-thinking acts, Au genuinely feels like a blank slate record: it is devoid of many thoughts of the past, instead relying on painting little, unique pictures with sounds. It has the feel of a “graphic score” rather than an album. In musical notation, Au is all warm wingdings.</p>
<p>The whole album soundtracks a stimulating encounter between song and sound. At times haunting and morose, at other times uplifting, Au is a mixed bag with plenty of tasty tricks. Rather than patching things together like a weekend carpenter in a vain effort to make a million things “fit,” Wyland employs the skills of a seasoned curry cook, sprinkling in a measured variety of sonic concepts like garam masala into the finest of dishes. Wyland and his Au collaborators have produced an accomplished and commendable album. Dig in and dig often."" -Tiny Mix Tapes (http://aagoo.bigcartel.com/product/au-au)</p>",1148,,[],Au,1,Single Tracks,2005-01-01 00:00:00,,"Aagoo, Oedipus, Popfrenzy, Inpartmaint","<p><span style=""font-family:Verdana, Geneva, Arial;font-size:xx-small;"">AU is the work of multi-instrumentalist Luke Wyland. Begun back in 2005 while finishing up his degree from the Massachussetts College of Art and moved  across the country to find its roots in the thriving community of Portland, OR. It's now a  working live band with an ever changing roster of players that currently includes Dana Vlatka on drums (Jackie-O_Motherfucker, Mustaphamond)- and has been blessed by the  help of Jonathan Sielaff (Parenthetical Girls, Nick Jaina), Mark Kaylor (Hamor of Hathor, CexFucx), Becky Dawson (Saw Whet, Ah Holly Fam'ly) and Sarah Winchester (A Weather) on it's recordings. It's sound is vast and ""deftly treads a narrow bridge between the loose-associations of the backwoods freak-folk crowd and the more formalized concoctions of art-poppers like Brian Eno."" </span></p>",1,2008-11-26 01:51:30,11,66,45.5234515,"Portland, OR",-122.6762071,Luke Wyland and Dana Valatka ,Au,,['au'],http://au-au-au.com/  http://myspace.com/peaofthesea,,training,small,256000,0,Luke Wyland,2008-11-26 01:48:12,2007-01-01 00:00:00,247,10,Pop,[10],[10],,2828,en,Attribution-NonCommercial-ShareAlike 3.0 International,1148,,1,,[],Boute
226,0,2008-11-26 01:54:25,2006-01-01 00:00:00,,0,88,,2677,,[],Bad News Bats,0,Album,,,,,0,2008-11-26 01:52:07,0,68,39.952335,"Philadelphia, PA",-75.163789,,Bad News Bats,,"['philly', 'bad news bats']",,,training,large,197144,0,,2008-11-26 01:48:54,2006-01-01 00:00:00,231,4,Rock,[25],"[25, 12]",,2764,en,Attribution-Noncommercial-Share Alike 3.0 United States,1351,,2,,[],W.T.M.
228,0,2008-11-26 01:54:25,2006-01-01 00:00:00,,0,88,,2677,,[],Bad News Bats,0,Album,,,,,0,2008-11-26 01:52:07,0,68,39.952335,"Philadelphia, PA",-75.163789,,Bad News Bats,,"['philly', 'bad news bats']",,,training,large,190365,0,,2008-11-26 01:49:00,2006-01-01 00:00:00,218,2,Rock,[25],"[25, 12]",,2467,en,Attribution-Noncommercial-Share Alike 3.0 United States,1366,,4,,[],Don't Run With Pizzas
236,0,2008-11-26 01:54:55,,,0,93,<p>A demo of the first track off of the forthcoming Bersa Discos #8 release.</p>,7702,"Chief Boima, Oro 11",[],Bersa Discos #8,1,Single Tracks,2007-01-01 00:00:00,,,<p></p>,3,2008-11-26 01:52:38,5,73,37.8043637,"Oakland, CA",-122.2711137,"Chief Boima
Oro11",Banana Clipz,Oro11,['banana clipz'],http://www.myspace.com/bananaclipzzz,,training,large,320000,0,,2008-11-26 01:49:25,,309,24,,"[15, 92]","[2, 92, 15]",,11240,en,Attribution-Noncommercial-Share Alike 3.0 United States,7668,,0,,[],"Push Am (Left, Right)"
237,0,2008-11-26 01:55:00,2003-01-11 00:00:00,,3,94,,2544,,[],6,2,Album,2000-01-01 00:00:00,,,"<p><span style=""font-family:Verdana, Geneva, Arial;font-size:xx-small;"">Barnacled is an avant-jazz supergroup from Providence RI, which may account for their prog/noise leanings. Barnacled's nine-member lineup includes local luminaries Alec K Redfearn on accordian, electronic mastermind Frank Difficult, and JMMJ (Jason McGill / Michael Jefferies) on alto/baritone saxophone. Bassoon, guitar, and various types of percussion will all be in the mix for Barnacled's rare NY-area appearances. Barnacled can be found Dec 15th at Don Pedro in Brooklyn, and ESP-Disk is throwing a record release party at Manhattan's Bowery Poetry Club on Dec 16th. The new Barnacled album is called ""Charles,"" it's their first since their 2002 debut on Corleone, and it was released by ESP-Disk in November 2008.<br /></span></p>",3,2008-11-26 01:52:43,14,74,41.8239891,"Providence, RI",-71.4128343,"Frank Difficult - Electronics/keyboard

Michael Jeffries - Baritone sax 

Matt McLaren - Drums, percussion 

Alec K Redfearn - Accordion, Jaw's harp 

Ann Schattle - Horn in F 

Erica Schattle - Bassoon 

Chris Sadlers - Bass 

Nicotina - Guitar 

Jason McGill - Alto Sax",Barnacled,"jmmj, frank difficult, Anntastic, Head Of Horns, Bellows, Nicotina and the Legs, Rustbucket, Black Faced Sheep, Mrs. Six Eyes",['barnacled'],http://bkrstk.com/barnacled/,,training,medium,256000,0,,2008-11-26 01:49:31,2003-01-01 00:00:00,450,7,Jazz,[4],[4],,1391,en,Attribution-NonCommercial-NoDerivatives (aka Music Sharing) 3.0 International,1276,,7,,[],Garbage and (Garbage and Fire)
238,0,2008-11-26 01:55:00,2003-01-11 00:00:00,,3,94,,2544,,[],6,2,Album,2000-01-01 00:00:00,,,"<p><span style=""font-family:Verdana, Geneva, Arial;font-size:xx-small;"">Barnacled is an avant-jazz supergroup from Providence RI, which may account for their prog/noise leanings. Barnacled's nine-member lineup includes local luminaries Alec K Redfearn on accordian, electronic mastermind Frank Difficult, and JMMJ (Jason McGill / Michael Jefferies) on alto/baritone saxophone. Bassoon, guitar, and various types of percussion will all be in the mix for Barnacled's rare NY-area appearances. Barnacled can be found Dec 15th at Don Pedro in Brooklyn, and ESP-Disk is throwing a record release party at Manhattan's Bowery Poetry Club on Dec 16th. The new Barnacled album is called ""Charles,"" it's their first since their 2002 debut on Corleone, and it was released by ESP-Disk in November 2008.<br /></span></p>",3,2008-11-26 01:52:43,14,74,41.8239891,"Providence, RI",-71.4128343,"Frank Difficult - Electronics/keyboard

Michael Jeffries - Baritone sax 

Matt McLaren - Drums, percussion 

Alec K Redfearn - Accordion, Jaw's harp 

Ann Schattle - Horn in F 

Erica Schattle - Bassoon 

Chris Sadlers - Bass 

Nicotina - Guitar 

Jason McGill - Alto Sax",Barnacled,"jmmj, frank difficult, Anntastic, Head Of Horns, Bellows, Nicotina and the Legs, Rustbucket, Black Faced Sheep, Mrs. Six Eyes",['barnacled'],http://bkrstk.com/barnacled/,,training,large,256000,0,,2008-11-26 01:49:38,2003-01-01 00:00:00,821,1,Jazz,[4],[4],,1394,en,Attribution-NonCommercial-NoDerivatives (aka Music Sharing) 3.0 International,1277,,11,,[],France Attacks
246,0,2008-11-26 01:55:43,2008-01-01 00:00:00,,1,99,"<p>Recorded in the 20s of October 2007 in a small empty house in Berkley,
IL on a Fostex R-8. With meditation by Nora, Colin, Albert, David and
sage Griffin Rodriguez sharpening our knives, combing our attitude. As
too much power and choice will overman, the process growthfully gave us
equalization and fidelity within gated space. The album has an AM-radio
sheen, ambivalent moods, and mild gnosis. (<a href=""http://www.unsoundrecords.com/nc/artists/releases/release_items/open_relationship"">Unsound Records</a>; limited-edition handpainted 12"" vinyl available from <a href=""http://www.whamcityrecords.com/"">Wham City Records</a>) - via <a mce_href=""http://birdnamesmusic.com"" href=""http://birdnamesmusic.com"">BirdNamesMusic.com</a><br></p>",3116,Griffin Rodriguez,[],Open Relationship,3,Album,,,,"<p>Brattleboro VT via Athens GA via Chicago IL's Bird Names are a lo-fi avant-pop troupe led by the prolific David Lineal. A warped playfulness, simultaneously joyous and disturbing, inhabits Bird Names' music.</p>",7,2008-11-26 01:53:25,27,80,,,,,Bird Names,,"['athens ga', 'bird names', 'athens', 'vermont', 'chicago', 'fun', 'brattleboro']",http://northern-spy.com/artists/bird-names/,,training,large,256000,0,,2008-11-26 01:50:15,2007-10-20 00:00:00,162,7,,"[12, 76]","[10, 12, 76]",,1650,en,Attribution-Noncommercial-Share Alike 3.0 United States,1328,David Lineal,1,,[],Referents
247,0,2008-11-26 01:55:44,2009-01-09 00:00:00,,0,100,,5613,,[],On Opaque Things,4,Album,,,,"<p>Brattleboro VT via Athens GA via Chicago IL's Bird Names are a lo-fi avant-pop troupe led by the prolific David Lineal. A warped playfulness, simultaneously joyous and disturbing, inhabits Bird Names' music.</p>",7,2008-11-26 01:53:25,27,80,,,,,Bird Names,,"['athens ga', 'bird names', 'athens', 'vermont', 'chicago', 'fun', 'brattleboro']",http://northern-spy.com/artists/bird-names/,,training,medium,256000,0,,2008-11-26 01:50:17,2006-11-26 00:00:00,146,3,Rock,[12],[12],,1549,en,Attribution-Noncommercial-Share Alike 3.0 United States,532,,2,,[],A New Map for Kissing
248,0,2008-11-26 01:55:47,2007-01-01 00:00:00,,0,101,"<p>Summer/fall 2006 4-tracks songs keep us walking down the trail set off
along by On Opaque Things, and the forest turns weirder, uncertain,
heavy with portent. More musical, more straddling the fidelity
threshhold of the Fostex XR-3, more consistent in projection of tone.
Wooden Lake throws a net of being lost, of a child's negativity. (<a href=""http://www.unsoundrecords.com/nc/artists/releases/release_items/wooden_lake_sexual_diner/"">Unsound Records</a>)</p>",2180,,[],Wooden Lake Sexual Diner,3,Album,,,,"<p>Brattleboro VT via Athens GA via Chicago IL's Bird Names are a lo-fi avant-pop troupe led by the prolific David Lineal. A warped playfulness, simultaneously joyous and disturbing, inhabits Bird Names' music.</p>",7,2008-11-26 01:53:25,27,80,,,,,Bird Names,,"['athens ga', 'bird names', 'athens', 'vermont', 'chicago', 'fun', 'brattleboro']",http://northern-spy.com/artists/bird-names/,,training,large,256000,0,,2008-11-26 01:50:21,2006-08-26 00:00:00,169,2,,"[12, 76]","[10, 12, 76]",,1345,en,Attribution-Noncommercial-Share Alike 3.0 United States,747,,2,,[],Ghosts
249,0,2008-11-26 01:55:44,2009-01-09 00:00:00,,0,100,,5613,,[],On Opaque Things,4,Album,,,,"<p>Brattleboro VT via Athens GA via Chicago IL's Bird Names are a lo-fi avant-pop troupe led by the prolific David Lineal. A warped playfulness, simultaneously joyous and disturbing, inhabits Bird Names' music.</p>",7,2008-11-26 01:53:25,27,80,,,,,Bird Names,,"['athens ga', 'bird names', 'athens', 'vermont', 'chicago', 'fun', 'brattleboro']",http://northern-spy.com/artists/bird-names/,,training,medium,256000,0,,2008-11-26 01:50:23,2006-11-26 00:00:00,125,3,Rock,[12],[12],,1470,en,Attribution-Noncommercial-Share Alike 3.0 United States,425,,4,,[],The Indefinite Time Yet to Come
250,0,2008-11-26 01:55:47,2007-01-01 00:00:00,,0,101,"<p>Summer/fall 2006 4-tracks songs keep us walking down the trail set off
along by On Opaque Things, and the forest turns weirder, uncertain,
heavy with portent. More musical, more straddling the fidelity
threshhold of the Fostex XR-3, more consistent in projection of tone.
Wooden Lake throws a net of being lost, of a child's negativity. (<a href=""http://www.unsoundrecords.com/nc/artists/releases/release_items/wooden_lake_sexual_diner/"">Unsound Records</a>)</p>",2180,,[],Wooden Lake Sexual Diner,3,Album,,,,"<p>Brattleboro VT via Athens GA via Chicago IL's Bird Names are a lo-fi avant-pop troupe led by the prolific David Lineal. A warped playfulness, simultaneously joyous and disturbing, inhabits Bird Names' music.</p>",7,2008-11-26 01:53:25,27,80,,,,,Bird Names,,"['athens ga', 'bird names', 'athens', 'vermont', 'chicago', 'fun', 'brattleboro']",http://northern-spy.com/artists/bird-names/,,training,large,256000,0,,2008-11-26 01:50:25,2006-08-26 00:00:00,214,3,,"[12, 76]","[10, 12, 76]",,875,en,Attribution-Noncommercial-Share Alike 3.0 United States,594,,5,,[],Smoovebiz
251,0,2008-11-26 01:55:47,2007-01-01 00:00:00,,0,101,"<p>Summer/fall 2006 4-tracks songs keep us walking down the trail set off
along by On Opaque Things, and the forest turns weirder, uncertain,
heavy with portent. More musical, more straddling the fidelity
threshhold of the Fostex XR-3, more consistent in projection of tone.
Wooden Lake throws a net of being lost, of a child's negativity. (<a href=""http://www.unsoundrecords.com/nc/artists/releases/release_items/wooden_lake_sexual_diner/"">Unsound Records</a>)</p>",2180,,[],Wooden Lake Sexual Diner,3,Album,,,,"<p>Brattleboro VT via Athens GA via Chicago IL's Bird Names are a lo-fi avant-pop troupe led by the prolific David Lineal. A warped playfulness, simultaneously joyous and disturbing, inhabits Bird Names' music.</p>",7,2008-11-26 01:53:25,27,80,,,,,Bird Names,,"['athens ga', 'bird names', 'athens', 'vermont', 'chicago', 'fun', 'brattleboro']",http://northern-spy.com/artists/bird-names/,,training,large,256000,0,,2008-11-26 01:50:28,2006-08-26 00:00:00,114,5,,"[12, 76]","[10, 12, 76]",,1122,en,Attribution-Noncommercial-Share Alike 3.0 United States,855,,9,,[],Nobody Loves Me
252,0,2008-11-26 01:55:44,2009-01-09 00:00:00,,0,100,,5613,,[],On Opaque Things,4,Album,,,,"<p>Brattleboro VT via Athens GA via Chicago IL's Bird Names are a lo-fi avant-pop troupe led by the prolific David Lineal. A warped playfulness, simultaneously joyous and disturbing, inhabits Bird Names' music.</p>",7,2008-11-26 01:53:25,27,80,,,,,Bird Names,,"['athens ga', 'bird names', 'athens', 'vermont', 'chicago', 'fun', 'brattleboro']",http://northern-spy.com/artists/bird-names/,,training,large,256000,0,,2008-11-26 01:50:30,2006-11-26 00:00:00,173,2,Rock,[12],[12],,512,en,Attribution-Noncommercial-Share Alike 3.0 United States,374,,10,,[],It's Becoming a Stranger
253,0,2008-11-26 01:55:43,2008-01-01 00:00:00,,1,99,"<p>Recorded in the 20s of October 2007 in a small empty house in Berkley,
IL on a Fostex R-8. With meditation by Nora, Colin, Albert, David and
sage Griffin Rodriguez sharpening our knives, combing our attitude. As
too much power and choice will overman, the process growthfully gave us
equalization and fidelity within gated space. The album has an AM-radio
sheen, ambivalent moods, and mild gnosis. (<a href=""http://www.unsoundrecords.com/nc/artists/releases/release_items/open_relationship"">Unsound Records</a>; limited-edition handpainted 12"" vinyl available from <a href=""http://www.whamcityrecords.com/"">Wham City Records</a>) - via <a mce_href=""http://birdnamesmusic.com"" href=""http://birdnamesmusic.com"">BirdNamesMusic.com</a><br></p>",3116,Griffin Rodriguez,[],Open Relationship,3,Album,,,,"<p>Brattleboro VT via Athens GA via Chicago IL's Bird Names are a lo-fi avant-pop troupe led by the prolific David Lineal. A warped playfulness, simultaneously joyous and disturbing, inhabits Bird Names' music.</p>",7,2008-11-26 01:53:25,27,80,,,,,Bird Names,,"['athens ga', 'bird names', 'athens', 'vermont', 'chicago', 'fun', 'brattleboro']",http://northern-spy.com/artists/bird-names/,,training,large,256000,0,,2008-11-26 01:50:32,2007-10-20 00:00:00,148,4,,"[12, 76]","[10, 12, 76]",,1647,en,Attribution-Noncommercial-Share Alike 3.0 United States,1045,David Lineal,10,,[],New Life
254,0,2008-11-26 01:55:43,2008-01-01 00:00:00,,1,99,"<p>Recorded in the 20s of October 2007 in a small empty house in Berkley,
IL on a Fostex R-8. With meditation by Nora, Colin, Albert, David and
sage Griffin Rodriguez sharpening our knives, combing our attitude. As
too much power and choice will overman, the process growthfully gave us
equalization and fidelity within gated space. The album has an AM-radio
sheen, ambivalent moods, and mild gnosis. (<a href=""http://www.unsoundrecords.com/nc/artists/releases/release_items/open_relationship"">Unsound Records</a>; limited-edition handpainted 12"" vinyl available from <a href=""http://www.whamcityrecords.com/"">Wham City Records</a>) - via <a mce_href=""http://birdnamesmusic.com"" href=""http://birdnamesmusic.com"">BirdNamesMusic.com</a><br></p>",3116,Griffin Rodriguez,[],Open Relationship,3,Album,,,,"<p>Brattleboro VT via Athens GA via Chicago IL's Bird Names are a lo-fi avant-pop troupe led by the prolific David Lineal. A warped playfulness, simultaneously joyous and disturbing, inhabits Bird Names' music.</p>",7,2008-11-26 01:53:25,27,80,,,,,Bird Names,,"['athens ga', 'bird names', 'athens', 'vermont', 'chicago', 'fun', 'brattleboro']",http://northern-spy.com/artists/bird-names/,,training,large,256000,0,,2008-11-26 01:50:34,2007-10-20 00:00:00,171,4,,"[12, 76]","[10, 12, 76]",,2418,en,Attribution-Noncommercial-Share Alike 3.0 United States,744,David Lineal,11,,[],Masters Of Enjoyment
255,0,2008-11-26 01:55:44,2009-01-09 00:00:00,,0,100,,5613,,[],On Opaque Things,4,Album,,,,"<p>Brattleboro VT via Athens GA via Chicago IL's Bird Names are a lo-fi avant-pop troupe led by the prolific David Lineal. A warped playfulness, simultaneously joyous and disturbing, inhabits Bird Names' music.</p>",7,2008-11-26 01:53:25,27,80,,,,,Bird Names,,"['athens ga', 'bird names', 'athens', 'vermont', 'chicago', 'fun', 'brattleboro']",http://northern-spy.com/artists/bird-names/,,training,small,256000,0,,2008-11-26 01:50:38,2006-11-26 00:00:00,182,24,Rock,[12],[12],,5585,en,Attribution-Noncommercial-Share Alike 3.0 United States,4495,,12,,[],We Want to be Old
256,0,2008-11-26 01:56:04,2009-01-08 00:00:00,,1,102,"<p>The eponymous debut from Portland, Oregon's Black Elk.</p>
<p>featuring Erik Trammell - guitar; Tom Glose - vocals; Jeff Watson - drums; Don Capuano - bass</p>",4418,,[],Black Elk,3,Single Tracks,2006-01-01 00:00:00,,Crucial Blast,"<p>Black Elk's teeth-gnashing blend recalls the metallic grunge/hardcore-sludge/aggro-punk of NW groups like Karp and the Melvins. Vocalist Tom Glose (of <a href=""http://lopezsux.homestead.com/"" target=""_blank"">Lopez</a>) flies from death-metal screams to Ozzy-squak. Guitarist Erik Trammell and bassist Don Capuano developed their interwoven approach by playing together in the instrumental 3-piece Wadsworth. Drummer Jeff Watson (ex-The Icarus Line) stepped up to the drum throne earlier this year after founding drummer Matt Latorre's amicable departure. This October, Black Elk follows up on their 2006 self-titled debut with another album on <a href=""http://www.crucialblast.net/"" target=""_blank"">Crucial Blast</a>: <em>Always a Six, Never a Nine</em>. (-via Jason Sigal at <a href=""http://blog.wfmu.org/freeform/2008/08/playin-free-in.html"" target=""_blank""><em>WFMU's Beware of the Blog!</em></a>)</p>
<p><a href=""http://viewmorepics.myspace.com/index.cfm?fuseaction=viewImage&amp;friendID=12968605&amp;albumID=3007854&amp;imageID=42595996"">photo</a> by <span id=""ctl00_ctl00_cpMain_cpMain_ViewImageControl_ucImageView_lblCaption"">Dan Schales</span><span class=""license""></span></p>",0,2008-11-26 01:53:46,3,81,45.5234515,"Portland, OR",-122.6762071,"Don Capuano
Tom Glose
Erik Trammel
Jeff Watson",Black Elk,"Lopez, The Icarus Line",['black elk'],http://www.blackelk.net/,,training,small,256000,0,,2008-11-26 01:50:40,2006-11-07 00:00:00,202,3,Rock,[31],"[12, 31]",,2864,en,Attribution-NonCommercial-ShareAlike 3.0 International,2311,,1,,[],Toggle
257,0,2008-11-26 01:56:04,2009-01-08 00:00:00,,1,102,"<p>The eponymous debut from Portland, Oregon's Black Elk.</p>
<p>featuring Erik Trammell - guitar; Tom Glose - vocals; Jeff Watson - drums; Don Capuano - bass</p>",4418,,[],Black Elk,3,Single Tracks,2006-01-01 00:00:00,,Crucial Blast,"<p>Black Elk's teeth-gnashing blend recalls the metallic grunge/hardcore-sludge/aggro-punk of NW groups like Karp and the Melvins. Vocalist Tom Glose (of <a href=""http://lopezsux.homestead.com/"" target=""_blank"">Lopez</a>) flies from death-metal screams to Ozzy-squak. Guitarist Erik Trammell and bassist Don Capuano developed their interwoven approach by playing together in the instrumental 3-piece Wadsworth. Drummer Jeff Watson (ex-The Icarus Line) stepped up to the drum throne earlier this year after founding drummer Matt Latorre's amicable departure. This October, Black Elk follows up on their 2006 self-titled debut with another album on <a href=""http://www.crucialblast.net/"" target=""_blank"">Crucial Blast</a>: <em>Always a Six, Never a Nine</em>. (-via Jason Sigal at <a href=""http://blog.wfmu.org/freeform/2008/08/playin-free-in.html"" target=""_blank""><em>WFMU's Beware of the Blog!</em></a>)</p>
<p><a href=""http://viewmorepics.myspace.com/index.cfm?fuseaction=viewImage&amp;friendID=12968605&amp;albumID=3007854&amp;imageID=42595996"">photo</a> by <span id=""ctl00_ctl00_cpMain_cpMain_ViewImageControl_ucImageView_lblCaption"">Dan Schales</span><span class=""license""></span></p>",0,2008-11-26 01:53:46,3,81,45.5234515,"Portland, OR",-122.6762071,"Don Capuano
Tom Glose
Erik Trammel
Jeff Watson",Black Elk,"Lopez, The Icarus Line",['black elk'],http://www.blackelk.net/,,training,medium,320000,0,,2008-11-26 01:50:42,2006-11-07 00:00:00,146,3,Rock,[31],"[12, 31]",,2177,en,Attribution-NonCommercial-ShareAlike 3.0 International,766,,2,,[],My Lil'
258,0,2008-11-26 01:56:04,2009-01-08 00:00:00,,1,102,"<p>The eponymous debut from Portland, Oregon's Black Elk.</p>
<p>featuring Erik Trammell - guitar; Tom Glose - vocals; Jeff Watson - drums; Don Capuano - bass</p>",4418,,[],Black Elk,3,Single Tracks,2006-01-01 00:00:00,,Crucial Blast,"<p>Black Elk's teeth-gnashing blend recalls the metallic grunge/hardcore-sludge/aggro-punk of NW groups like Karp and the Melvins. Vocalist Tom Glose (of <a href=""http://lopezsux.homestead.com/"" target=""_blank"">Lopez</a>) flies from death-metal screams to Ozzy-squak. Guitarist Erik Trammell and bassist Don Capuano developed their interwoven approach by playing together in the instrumental 3-piece Wadsworth. Drummer Jeff Watson (ex-The Icarus Line) stepped up to the drum throne earlier this year after founding drummer Matt Latorre's amicable departure. This October, Black Elk follows up on their 2006 self-titled debut with another album on <a href=""http://www.crucialblast.net/"" target=""_blank"">Crucial Blast</a>: <em>Always a Six, Never a Nine</em>. (-via Jason Sigal at <a href=""http://blog.wfmu.org/freeform/2008/08/playin-free-in.html"" target=""_blank""><em>WFMU's Beware of the Blog!</em></a>)</p>
<p><a href=""http://viewmorepics.myspace.com/index.cfm?fuseaction=viewImage&amp;friendID=12968605&amp;albumID=3007854&amp;imageID=42595996"">photo</a> by <span id=""ctl00_ctl00_cpMain_cpMain_ViewImageControl_ucImageView_lblCaption"">Dan Schales</span><span class=""license""></span></p>",0,2008-11-26 01:53:46,3,81,45.5234515,"Portland, OR",-122.6762071,"Don Capuano
Tom Glose
Erik Trammel
Jeff Watson",Black Elk,"Lopez, The Icarus Line",['black elk'],http://www.blackelk.net/,,training,medium,320000,0,,2008-11-26 01:50:47,2006-11-07 00:00:00,384,2,Rock,[31],"[12, 31]",,1779,en,Attribution-NonCommercial-ShareAlike 3.0 International,1350,,4,,[],Eyebone
273,0,2008-11-26 01:56:31,2005-01-01 00:00:00,,1,106,,767,,[],I,0,Album,,,,"<p>Brian Chippendale's solo project builds on his explosive free-drum, telephone-mic-in-the-mouth masked attack. Outside of the <a href=""/music/Lightning_Bolt/"" target=""_blank"">Lightning Bolt</a>/<a href=""/music/Mincemeat_or_Tenspeed/Dungeon_Master/Mindflayer"" target=""_blank"">Mindflayer</a> context, Chippendale grows a few extra limbs to handle saxophone, synth, and/or guitar. The project started out as harsh, feedback-laden primordial ooze. His newer material shapes more structured songs out of the muck. Take ""Body on the Tide"", the closing track to this year's excellent All Aboard the Magic Pus, which features a disarmingly clean and catchy whistle solo. -Jason Sigal</p>",0,2008-11-26 01:54:10,35,83,41.8239891,"Providence, RI",-71.4128343,Brian Chippendale,Black Pus,,"['providence', 'black pus']",http://laserbeast.com/,http://en.wikipedia.org/wiki/Brian_Chippendale,training,large,128000,0,,2008-11-26 01:51:13,2005-01-01 00:00:00,111,0,Experimental,[32],"[32, 38]",,255,en,Attribution-Noncommercial-No Derivative Works 3.0 United States,193,,2,,[],Dildoughnuts
274,1,2008-11-26 01:56:33,2008-03-01 00:00:00,,1,107,,2972,,[],4: All Aboard the Magic Pus,0,Album,,,,"<p>Brian Chippendale's solo project builds on his explosive free-drum, telephone-mic-in-the-mouth masked attack. Outside of the <a href=""/music/Lightning_Bolt/"" target=""_blank"">Lightning Bolt</a>/<a href=""/music/Mincemeat_or_Tenspeed/Dungeon_Master/Mindflayer"" target=""_blank"">Mindflayer</a> context, Chippendale grows a few extra limbs to handle saxophone, synth, and/or guitar. The project started out as harsh, feedback-laden primordial ooze. His newer material shapes more structured songs out of the muck. Take ""Body on the Tide"", the closing track to this year's excellent All Aboard the Magic Pus, which features a disarmingly clean and catchy whistle solo. -Jason Sigal</p>",0,2008-11-26 01:54:10,35,83,41.8239891,"Providence, RI",-71.4128343,Brian Chippendale,Black Pus,,"['providence', 'black pus']",http://laserbeast.com/,http://en.wikipedia.org/wiki/Brian_Chippendale,training,large,256000,0,Brian Chippendale,2008-11-26 01:51:14,2008-11-26 00:00:00,192,4,Experimental,[32],"[32, 38]",,670,en,Attribution-Noncommercial-No Derivative Works 3.0 United States,593,,2,,[],Land of the Lost
275,0,2008-11-26 01:56:30,2006-06-01 00:00:00,,1,105,,801,,[],III: Metamorpus,0,Album,,,,"<p>Brian Chippendale's solo project builds on his explosive free-drum, telephone-mic-in-the-mouth masked attack. Outside of the <a href=""/music/Lightning_Bolt/"" target=""_blank"">Lightning Bolt</a>/<a href=""/music/Mincemeat_or_Tenspeed/Dungeon_Master/Mindflayer"" target=""_blank"">Mindflayer</a> context, Chippendale grows a few extra limbs to handle saxophone, synth, and/or guitar. The project started out as harsh, feedback-laden primordial ooze. His newer material shapes more structured songs out of the muck. Take ""Body on the Tide"", the closing track to this year's excellent All Aboard the Magic Pus, which features a disarmingly clean and catchy whistle solo. -Jason Sigal</p>",0,2008-11-26 01:54:10,35,83,41.8239891,"Providence, RI",-71.4128343,Brian Chippendale,Black Pus,,"['providence', 'black pus']",http://laserbeast.com/,http://en.wikipedia.org/wiki/Brian_Chippendale,training,large,128000,0,,2008-11-26 01:51:17,2008-11-26 00:00:00,167,1,Experimental,[32],"[32, 38]",,332,en,Attribution-Noncommercial-No Derivative Works 3.0 United States,247,,2,,[],Swampus
276,1,2008-11-26 01:56:29,2006-01-01 00:00:00,,1,104,,421,,[],II,0,Album,,,,"<p>Brian Chippendale's solo project builds on his explosive free-drum, telephone-mic-in-the-mouth masked attack. Outside of the <a href=""/music/Lightning_Bolt/"" target=""_blank"">Lightning Bolt</a>/<a href=""/music/Mincemeat_or_Tenspeed/Dungeon_Master/Mindflayer"" target=""_blank"">Mindflayer</a> context, Chippendale grows a few extra limbs to handle saxophone, synth, and/or guitar. The project started out as harsh, feedback-laden primordial ooze. His newer material shapes more structured songs out of the muck. Take ""Body on the Tide"", the closing track to this year's excellent All Aboard the Magic Pus, which features a disarmingly clean and catchy whistle solo. -Jason Sigal</p>",0,2008-11-26 01:54:10,35,83,41.8239891,"Providence, RI",-71.4128343,Brian Chippendale,Black Pus,,"['providence', 'black pus']",http://laserbeast.com/,http://en.wikipedia.org/wiki/Brian_Chippendale,training,large,128000,0,,2008-11-26 01:51:19,2008-11-26 00:00:00,186,1,Experimental,[32],"[32, 38]",,220,en,Attribution-Noncommercial-No Derivative Works 3.0 United States,129,,2,,[],The Devilhellipers
277,0,2008-11-26 01:56:30,2006-06-01 00:00:00,,1,105,,801,,[],III: Metamorpus,0,Album,,,,"<p>Brian Chippendale's solo project builds on his explosive free-drum, telephone-mic-in-the-mouth masked attack. Outside of the <a href=""/music/Lightning_Bolt/"" target=""_blank"">Lightning Bolt</a>/<a href=""/music/Mincemeat_or_Tenspeed/Dungeon_Master/Mindflayer"" target=""_blank"">Mindflayer</a> context, Chippendale grows a few extra limbs to handle saxophone, synth, and/or guitar. The project started out as harsh, feedback-laden primordial ooze. His newer material shapes more structured songs out of the muck. Take ""Body on the Tide"", the closing track to this year's excellent All Aboard the Magic Pus, which features a disarmingly clean and catchy whistle solo. -Jason Sigal</p>",0,2008-11-26 01:54:10,35,83,41.8239891,"Providence, RI",-71.4128343,Brian Chippendale,Black Pus,,"['providence', 'black pus']",http://laserbeast.com/,http://en.wikipedia.org/wiki/Brian_Chippendale,training,large,128000,0,,2008-11-26 01:51:21,2008-11-26 00:00:00,282,1,Experimental,[32],"[32, 38]",,329,en,Attribution-Noncommercial-No Derivative Works 3.0 United States,233,,3,,[],Kind Companion
281,1,2008-11-26 01:56:33,2008-03-01 00:00:00,,1,107,,2972,,[],4: All Aboard the Magic Pus,0,Album,,,,"<p>Brian Chippendale's solo project builds on his explosive free-drum, telephone-mic-in-the-mouth masked attack. Outside of the <a href=""/music/Lightning_Bolt/"" target=""_blank"">Lightning Bolt</a>/<a href=""/music/Mincemeat_or_Tenspeed/Dungeon_Master/Mindflayer"" target=""_blank"">Mindflayer</a> context, Chippendale grows a few extra limbs to handle saxophone, synth, and/or guitar. The project started out as harsh, feedback-laden primordial ooze. His newer material shapes more structured songs out of the muck. Take ""Body on the Tide"", the closing track to this year's excellent All Aboard the Magic Pus, which features a disarmingly clean and catchy whistle solo. -Jason Sigal</p>",0,2008-11-26 01:54:10,35,83,41.8239891,"Providence, RI",-71.4128343,Brian Chippendale,Black Pus,,"['providence', 'black pus']",http://laserbeast.com/,http://en.wikipedia.org/wiki/Brian_Chippendale,training,large,256000,0,Brian Chippendale,2008-11-26 01:51:32,2008-11-26 00:00:00,346,11,Experimental,[32],"[32, 38]",,2202,en,Attribution-Noncommercial-No Derivative Works 3.0 United States,2114,,4,,[],Juggernaut
282,1,2008-11-26 01:56:29,2006-01-01 00:00:00,,1,104,,421,,[],II,0,Album,,,,"<p>Brian Chippendale's solo project builds on his explosive free-drum, telephone-mic-in-the-mouth masked attack. Outside of the <a href=""/music/Lightning_Bolt/"" target=""_blank"">Lightning Bolt</a>/<a href=""/music/Mincemeat_or_Tenspeed/Dungeon_Master/Mindflayer"" target=""_blank"">Mindflayer</a> context, Chippendale grows a few extra limbs to handle saxophone, synth, and/or guitar. The project started out as harsh, feedback-laden primordial ooze. His newer material shapes more structured songs out of the muck. Take ""Body on the Tide"", the closing track to this year's excellent All Aboard the Magic Pus, which features a disarmingly clean and catchy whistle solo. -Jason Sigal</p>",0,2008-11-26 01:54:10,35,83,41.8239891,"Providence, RI",-71.4128343,Brian Chippendale,Black Pus,,"['providence', 'black pus']",http://laserbeast.com/,http://en.wikipedia.org/wiki/Brian_Chippendale,training,large,128000,0,,2008-11-26 01:51:36,2008-11-26 00:00:00,323,1,Experimental,[32],"[32, 38]",,229,en,Attribution-Noncommercial-No Derivative Works 3.0 United States,126,,4,,[],New Atlantis A
284,0,2008-11-26 01:56:31,2005-01-01 00:00:00,,1,106,,767,,[],I,0,Album,,,,"<p>Brian Chippendale's solo project builds on his explosive free-drum, telephone-mic-in-the-mouth masked attack. Outside of the <a href=""/music/Lightning_Bolt/"" target=""_blank"">Lightning Bolt</a>/<a href=""/music/Mincemeat_or_Tenspeed/Dungeon_Master/Mindflayer"" target=""_blank"">Mindflayer</a> context, Chippendale grows a few extra limbs to handle saxophone, synth, and/or guitar. The project started out as harsh, feedback-laden primordial ooze. His newer material shapes more structured songs out of the muck. Take ""Body on the Tide"", the closing track to this year's excellent All Aboard the Magic Pus, which features a disarmingly clean and catchy whistle solo. -Jason Sigal</p>",0,2008-11-26 01:54:10,35,83,41.8239891,"Providence, RI",-71.4128343,Brian Chippendale,Black Pus,,"['providence', 'black pus']",http://laserbeast.com/,http://en.wikipedia.org/wiki/Brian_Chippendale,training,large,128000,0,,2008-11-26 01:51:41,2005-01-01 00:00:00,141,0,Experimental,[32],"[32, 38]",,229,en,Attribution-Noncommercial-No Derivative Works 3.0 United States,136,,4,,[],Translucent Human
285,0,2008-11-26 01:56:30,2006-06-01 00:00:00,,1,105,,801,,[],III: Metamorpus,0,Album,,,,"<p>Brian Chippendale's solo project builds on his explosive free-drum, telephone-mic-in-the-mouth masked attack. Outside of the <a href=""/music/Lightning_Bolt/"" target=""_blank"">Lightning Bolt</a>/<a href=""/music/Mincemeat_or_Tenspeed/Dungeon_Master/Mindflayer"" target=""_blank"">Mindflayer</a> context, Chippendale grows a few extra limbs to handle saxophone, synth, and/or guitar. The project started out as harsh, feedback-laden primordial ooze. His newer material shapes more structured songs out of the muck. Take ""Body on the Tide"", the closing track to this year's excellent All Aboard the Magic Pus, which features a disarmingly clean and catchy whistle solo. -Jason Sigal</p>",0,2008-11-26 01:54:10,35,83,41.8239891,"Providence, RI",-71.4128343,Brian Chippendale,Black Pus,,"['providence', 'black pus']",http://laserbeast.com/,http://en.wikipedia.org/wiki/Brian_Chippendale,training,large,128000,0,,2008-11-26 01:51:42,2008-11-26 00:00:00,234,1,Experimental,[32],"[32, 38]",,339,en,Attribution-Noncommercial-No Derivative Works 3.0 United States,324,,5,,[],Earth aint Enuff
293,0,2008-11-26 01:56:31,2005-01-01 00:00:00,,1,106,,767,,[],I,0,Album,,,,"<p>Brian Chippendale's solo project builds on his explosive free-drum, telephone-mic-in-the-mouth masked attack. Outside of the <a href=""/music/Lightning_Bolt/"" target=""_blank"">Lightning Bolt</a>/<a href=""/music/Mincemeat_or_Tenspeed/Dungeon_Master/Mindflayer"" target=""_blank"">Mindflayer</a> context, Chippendale grows a few extra limbs to handle saxophone, synth, and/or guitar. The project started out as harsh, feedback-laden primordial ooze. His newer material shapes more structured songs out of the muck. Take ""Body on the Tide"", the closing track to this year's excellent All Aboard the Magic Pus, which features a disarmingly clean and catchy whistle solo. -Jason Sigal</p>",0,2008-11-26 01:54:10,35,83,41.8239891,"Providence, RI",-71.4128343,Brian Chippendale,Black Pus,,"['providence', 'black pus']",http://laserbeast.com/,http://en.wikipedia.org/wiki/Brian_Chippendale,training,large,128000,0,,2008-11-26 01:52:07,2005-01-01 00:00:00,311,0,Experimental,[32],"[32, 38]",,256,en,Attribution-Noncommercial-No Derivative Works 3.0 United States,167,,7,,[],Berserk is the Best
294,1,2008-11-26 01:56:29,2006-01-01 00:00:00,,1,104,,421,,[],II,0,Album,,,,"<p>Brian Chippendale's solo project builds on his explosive free-drum, telephone-mic-in-the-mouth masked attack. Outside of the <a href=""/music/Lightning_Bolt/"" target=""_blank"">Lightning Bolt</a>/<a href=""/music/Mincemeat_or_Tenspeed/Dungeon_Master/Mindflayer"" target=""_blank"">Mindflayer</a> context, Chippendale grows a few extra limbs to handle saxophone, synth, and/or guitar. The project started out as harsh, feedback-laden primordial ooze. His newer material shapes more structured songs out of the muck. Take ""Body on the Tide"", the closing track to this year's excellent All Aboard the Magic Pus, which features a disarmingly clean and catchy whistle solo. -Jason Sigal</p>",0,2008-11-26 01:54:10,35,83,41.8239891,"Providence, RI",-71.4128343,Brian Chippendale,Black Pus,,"['providence', 'black pus']",http://laserbeast.com/,http://en.wikipedia.org/wiki/Brian_Chippendale,training,large,128000,0,,2008-11-26 01:52:10,2008-11-26 00:00:00,218,2,Experimental,[32],"[32, 38]",,281,en,Attribution-Noncommercial-No Derivative Works 3.0 United States,169,,7,,[],Magic Bullet
297,1,2008-11-26 01:56:33,2008-03-01 00:00:00,,1,107,,2972,,[],4: All Aboard the Magic Pus,0,Album,,,,"<p>Brian Chippendale's solo project builds on his explosive free-drum, telephone-mic-in-the-mouth masked attack. Outside of the <a href=""/music/Lightning_Bolt/"" target=""_blank"">Lightning Bolt</a>/<a href=""/music/Mincemeat_or_Tenspeed/Dungeon_Master/Mindflayer"" target=""_blank"">Mindflayer</a> context, Chippendale grows a few extra limbs to handle saxophone, synth, and/or guitar. The project started out as harsh, feedback-laden primordial ooze. His newer material shapes more structured songs out of the muck. Take ""Body on the Tide"", the closing track to this year's excellent All Aboard the Magic Pus, which features a disarmingly clean and catchy whistle solo. -Jason Sigal</p>",0,2008-11-26 01:54:10,35,83,41.8239891,"Providence, RI",-71.4128343,Brian Chippendale,Black Pus,,"['providence', 'black pus']",http://laserbeast.com/,http://en.wikipedia.org/wiki/Brian_Chippendale,training,large,256000,0,Brian Chippendale,2008-11-26 01:52:20,2008-11-26 00:00:00,373,4,Experimental,[32],"[32, 38]",,456,en,Attribution-Noncommercial-No Derivative Works 3.0 United States,330,,8,,[],Body on the Tide
300,0,2008-11-26 01:56:31,2005-01-01 00:00:00,,1,106,,767,,[],I,0,Album,,,,"<p>Brian Chippendale's solo project builds on his explosive free-drum, telephone-mic-in-the-mouth masked attack. Outside of the <a href=""/music/Lightning_Bolt/"" target=""_blank"">Lightning Bolt</a>/<a href=""/music/Mincemeat_or_Tenspeed/Dungeon_Master/Mindflayer"" target=""_blank"">Mindflayer</a> context, Chippendale grows a few extra limbs to handle saxophone, synth, and/or guitar. The project started out as harsh, feedback-laden primordial ooze. His newer material shapes more structured songs out of the muck. Take ""Body on the Tide"", the closing track to this year's excellent All Aboard the Magic Pus, which features a disarmingly clean and catchy whistle solo. -Jason Sigal</p>",0,2008-11-26 01:54:10,35,83,41.8239891,"Providence, RI",-71.4128343,Brian Chippendale,Black Pus,,"['providence', 'black pus']",http://laserbeast.com/,http://en.wikipedia.org/wiki/Brian_Chippendale,training,large,128000,0,,2008-11-26 01:52:29,2005-01-01 00:00:00,192,0,Experimental,[32],"[32, 38]",,406,en,Attribution-Noncommercial-No Derivative Works 3.0 United States,276,,8,,[],The Foot Is Stronger Than The Arm
303,0,2008-11-26 01:57:43,2007-09-01 00:00:00,,1,108,"<p>What's this? One lion, two moles, two zoo keepers, improvised music, no rhythm? Can I take it, this excercise in free thinking? The grunting vocals, the vibrating rubber bands and noise of someone banging on the ceiling. Amusing digs at the modern warrior accompanied by electronic squonks and bips. They consist of one womble two cats and two traffic wardens and specialise in lurching blahism (hyperbolic and frothy sounds) and can be observed on stage dressed as shakespearian actors making unwelcome, ugly noises to the chagrin of many. An eccentric band of experimental musicians with a bizarre brand of rock disguised by weird noises. The worst jazz cords ever invented, excruciating tones  through various noise devices may bring chortles of laughter from the loopy denizens on the extreme arts fringe.</p>
<p>Jaywick jazz? I wouldn't play this to my dog. Dressing up as rocks Blah Blah Blah  are without doubt the weirdest bunch you could ever meet. Manes of electronic gadgetry with wind machines, this is an experience in pop - creepy then crawly examples of the emaciated psychedelic or psychic escapist elements of post-punk music.</p>
<p><strong>In this Green Collection you get 19 fresh Blah tracks for 2007 for your enjoyment.</strong></p>
<p><strong>So listen out for the weatherman, splish spladdy out on the farm and watch out for the crocodiles.</strong></p>",2060,,[],Green Collection,0,Album,,,,"<p><a title=""Blah Latest"" href=""https://www.facebook.com/events/1428696104057184/"" target=""_blank"">CLICK HERE for Latest News</a></p>
<p> </p>
<p>History</p>
<p>Blah Blah Blah started out during the late 70s punk explosion creating sounds that were deliberately anti-music, anti-cool and above all totally unique.  Improvising on electronic instruments they ventured where no-one else dared go.  Their credo never to repeat a single number (even live) meant that everything was recorded for posterity.  Each session unearthed enough golden nuggets to make the journey worth it.  These gathered nuggets were then released as albums. In the 80s they appeared at the 1st Leeds Futurama Festival and were briefly grouped with the Futurists, sharing live bills alongside fledgling electro-poppers Depeche Mode and chanteuse Marc Almond. The division of live audiences into Blah haters and Blah lovers, often caused near-riots. They eventually retired from the limelight following an attempted live arson attack on band members by a nice fellow in the audience at their thirteenth gig in Stevenage. If you mixed The Residents with the Bonzo Dog Doodah Band and Captain Beefheart you might end up with Blah Blah Blah – whimsical, weird and totally barmy.  The influence of nursery rhymes, sea-shanties, trash literature and TV, and instruments sounding like something that’s escaped from the BBC Radiophonic Workshop.</p>",8,2008-11-26 01:55:23,20,84,,Colchester UK,,"Martin Croxford, Peter Wiggins, Vicky Jones, Ian Smith, Chris Andrews.",Blah Blah Blah,,"['blah blah blah', 'chris andrews']",http://sirhcswerdna.wix.com/chris-andrews#!blah-blah-blah/cbff,,training,large,256000,0,chris andrews,2008-11-26 01:52:35,2007-09-01 00:00:00,136,0,Rock,[89],"[89, 12, 25]",,159,en,Attribution-Noncommercial-No Derivative Works 2.0 UK: England ,89,,1,,[],Splish spladdy
304,0,2008-11-26 01:57:45,1982-04-06 00:00:00,,1,109,"<p>What's this? One lion, two moles, two zoo keepers, improvised music, no rhythm? Can I take it, this excercise in free thinking? The grunting vocals, the vibrating rubber bands and noise of someone banging on the ceiling. Amusing digs at the modern warrior accompanied by electronic squonks and bips. They consist of one womble two cats and two traffic wardens and specialise in lurching blahism (hyperbolic and frothy sounds) and can be observed on stage dressed as shakespearian actors making unwelcome, ugly noises to the chagrin of many. An eccentric band of experimental musicians with a bizarre brand of rock disguised by weird noises. The worst jazz cords ever invented, excruciating tones  through various noise devices may bring chortles of laughter from the loopy denizens on the extreme arts fringe.</p>
<p>Jaywick jazz? I wouldn't play this to my dog. Dressing up as rocks Blah Blah Blah  are without doubt the weirdest bunch you could ever meet. Manes of electronic gadgetry with wind machines, this is an experience in pop - creepy then crawly examples of the emaciated psychedelic or psychic escapist elements of post-punk music.<strong>In this Stripey Collection you also get Hands Beckoning, Central Park (from the Some Bizarre Album) and Travelling Transcontinental.So if you are in the hotel and its tropical holiday time do the rum rhumba until your feet meet.</strong></p>",3439,,[],Stripey Collection,0,Album,,,,"<p><a title=""Blah Latest"" href=""https://www.facebook.com/events/1428696104057184/"" target=""_blank"">CLICK HERE for Latest News</a></p>
<p> </p>
<p>History</p>
<p>Blah Blah Blah started out during the late 70s punk explosion creating sounds that were deliberately anti-music, anti-cool and above all totally unique.  Improvising on electronic instruments they ventured where no-one else dared go.  Their credo never to repeat a single number (even live) meant that everything was recorded for posterity.  Each session unearthed enough golden nuggets to make the journey worth it.  These gathered nuggets were then released as albums. In the 80s they appeared at the 1st Leeds Futurama Festival and were briefly grouped with the Futurists, sharing live bills alongside fledgling electro-poppers Depeche Mode and chanteuse Marc Almond. The division of live audiences into Blah haters and Blah lovers, often caused near-riots. They eventually retired from the limelight following an attempted live arson attack on band members by a nice fellow in the audience at their thirteenth gig in Stevenage. If you mixed The Residents with the Bonzo Dog Doodah Band and Captain Beefheart you might end up with Blah Blah Blah – whimsical, weird and totally barmy.  The influence of nursery rhymes, sea-shanties, trash literature and TV, and instruments sounding like something that’s escaped from the BBC Radiophonic Workshop.</p>",8,2008-11-26 01:55:23,20,84,,Colchester UK,,"Martin Croxford, Peter Wiggins, Vicky Jones, Ian Smith, Chris Andrews.",Blah Blah Blah,,"['blah blah blah', 'chris andrews']",http://sirhcswerdna.wix.com/chris-andrews#!blah-blah-blah/cbff,,training,large,256000,0,,2008-11-26 01:52:37,1982-11-26 00:00:00,191,0,Rock,[89],"[89, 12, 25]",,241,en,Attribution-Noncommercial-No Derivative Works 2.0 UK: England ,167,,1,,[],Woo You
305,4,2008-11-26 01:57:48,1981-01-01 00:00:00,,1,110,"<p>What's this? One lion, two moles, two zoo keepers, improvised music, no rhythm? Can I take it, this excercise in free thinking? The grunting vocals, the vibrating rubber bands and noise of someone banging on the ceiling. Amusing digs at the modern warrior accompanied by electronic squonks and bips. They consist of one womble two cats and two traffic wardens and specialise in lurching blahism (hyperbolic and frothy sounds) and can be observed on stage dressed as shakespearian actors making unwelcome, ugly noises to the chagrin of many. An eccentric band of experimental musicians with a bizarre brand of rock disguised by weird noises. The worst jazz cords ever invented, excruciating tones  through various noise devices may bring chortles of laughter from the loopy denizens on the extreme arts fringe.Jaywick jazz? I wouldn't play this to my dog. Dressing up as rocks Blah Blah Blah  are without doubt the weirdest bunch you could ever meet. Manes of electronic gadgetry with wind machines, this is an experience in pop - creepy then crawly examples of the emaciated psychedelic or psychic escapist elements of post-punk music.That was the general view paraphrased from the music press (Sounds,NME,Melody Maker,Smash Hits) 1981-82Blah Records UK are offering all of this on three unforgetable liberating albums now available for download and CD.</p>
<p>In this Gold Collection you also get the singles In the Army and Why Diddle?  So if your mother was a radiator and the natives are restless hunting weazels outside the veg shop, go down to soho and itch your pants.</p>",4250,,[],Gold Collection,0,Album,,,,"<p><a title=""Blah Latest"" href=""https://www.facebook.com/events/1428696104057184/"" target=""_blank"">CLICK HERE for Latest News</a></p>
<p> </p>
<p>History</p>
<p>Blah Blah Blah started out during the late 70s punk explosion creating sounds that were deliberately anti-music, anti-cool and above all totally unique.  Improvising on electronic instruments they ventured where no-one else dared go.  Their credo never to repeat a single number (even live) meant that everything was recorded for posterity.  Each session unearthed enough golden nuggets to make the journey worth it.  These gathered nuggets were then released as albums. In the 80s they appeared at the 1st Leeds Futurama Festival and were briefly grouped with the Futurists, sharing live bills alongside fledgling electro-poppers Depeche Mode and chanteuse Marc Almond. The division of live audiences into Blah haters and Blah lovers, often caused near-riots. They eventually retired from the limelight following an attempted live arson attack on band members by a nice fellow in the audience at their thirteenth gig in Stevenage. If you mixed The Residents with the Bonzo Dog Doodah Band and Captain Beefheart you might end up with Blah Blah Blah – whimsical, weird and totally barmy.  The influence of nursery rhymes, sea-shanties, trash literature and TV, and instruments sounding like something that’s escaped from the BBC Radiophonic Workshop.</p>",8,2008-11-26 01:55:23,20,84,,Colchester UK,,"Martin Croxford, Peter Wiggins, Vicky Jones, Ian Smith, Chris Andrews.",Blah Blah Blah,,"['blah blah blah', 'chris andrews']",http://sirhcswerdna.wix.com/chris-andrews#!blah-blah-blah/cbff,,training,large,256000,0,,2008-11-26 01:52:40,1981-01-01 00:00:00,159,0,Rock,[89],"[89, 12, 25]",,2873,en,Attribution-Noncommercial-No Derivative Works 2.0 UK: England ,2605,,2,,[],Disney on Ice
306,0,2008-11-26 01:57:43,2007-09-01 00:00:00,,1,108,"<p>What's this? One lion, two moles, two zoo keepers, improvised music, no rhythm? Can I take it, this excercise in free thinking? The grunting vocals, the vibrating rubber bands and noise of someone banging on the ceiling. Amusing digs at the modern warrior accompanied by electronic squonks and bips. They consist of one womble two cats and two traffic wardens and specialise in lurching blahism (hyperbolic and frothy sounds) and can be observed on stage dressed as shakespearian actors making unwelcome, ugly noises to the chagrin of many. An eccentric band of experimental musicians with a bizarre brand of rock disguised by weird noises. The worst jazz cords ever invented, excruciating tones  through various noise devices may bring chortles of laughter from the loopy denizens on the extreme arts fringe.</p>
<p>Jaywick jazz? I wouldn't play this to my dog. Dressing up as rocks Blah Blah Blah  are without doubt the weirdest bunch you could ever meet. Manes of electronic gadgetry with wind machines, this is an experience in pop - creepy then crawly examples of the emaciated psychedelic or psychic escapist elements of post-punk music.</p>
<p><strong>In this Green Collection you get 19 fresh Blah tracks for 2007 for your enjoyment.</strong></p>
<p><strong>So listen out for the weatherman, splish spladdy out on the farm and watch out for the crocodiles.</strong></p>",2060,,[],Green Collection,0,Album,,,,"<p><a title=""Blah Latest"" href=""https://www.facebook.com/events/1428696104057184/"" target=""_blank"">CLICK HERE for Latest News</a></p>
<p> </p>
<p>History</p>
<p>Blah Blah Blah started out during the late 70s punk explosion creating sounds that were deliberately anti-music, anti-cool and above all totally unique.  Improvising on electronic instruments they ventured where no-one else dared go.  Their credo never to repeat a single number (even live) meant that everything was recorded for posterity.  Each session unearthed enough golden nuggets to make the journey worth it.  These gathered nuggets were then released as albums. In the 80s they appeared at the 1st Leeds Futurama Festival and were briefly grouped with the Futurists, sharing live bills alongside fledgling electro-poppers Depeche Mode and chanteuse Marc Almond. The division of live audiences into Blah haters and Blah lovers, often caused near-riots. They eventually retired from the limelight following an attempted live arson attack on band members by a nice fellow in the audience at their thirteenth gig in Stevenage. If you mixed The Residents with the Bonzo Dog Doodah Band and Captain Beefheart you might end up with Blah Blah Blah – whimsical, weird and totally barmy.  The influence of nursery rhymes, sea-shanties, trash literature and TV, and instruments sounding like something that’s escaped from the BBC Radiophonic Workshop.</p>",8,2008-11-26 01:55:23,20,84,,Colchester UK,,"Martin Croxford, Peter Wiggins, Vicky Jones, Ian Smith, Chris Andrews.",Blah Blah Blah,,"['blah blah blah', 'chris andrews']",http://sirhcswerdna.wix.com/chris-andrews#!blah-blah-blah/cbff,,training,large,256000,0,,2008-11-26 01:52:41,2007-09-01 00:00:00,129,0,Rock,[89],"[89, 12, 25]",,131,en,Attribution-Noncommercial-No Derivative Works 2.0 UK: England ,50,,2,,[],The Prime Four
307,0,2008-11-26 01:57:43,2007-09-01 00:00:00,,1,108,"<p>What's this? One lion, two moles, two zoo keepers, improvised music, no rhythm? Can I take it, this excercise in free thinking? The grunting vocals, the vibrating rubber bands and noise of someone banging on the ceiling. Amusing digs at the modern warrior accompanied by electronic squonks and bips. They consist of one womble two cats and two traffic wardens and specialise in lurching blahism (hyperbolic and frothy sounds) and can be observed on stage dressed as shakespearian actors making unwelcome, ugly noises to the chagrin of many. An eccentric band of experimental musicians with a bizarre brand of rock disguised by weird noises. The worst jazz cords ever invented, excruciating tones  through various noise devices may bring chortles of laughter from the loopy denizens on the extreme arts fringe.</p>
<p>Jaywick jazz? I wouldn't play this to my dog. Dressing up as rocks Blah Blah Blah  are without doubt the weirdest bunch you could ever meet. Manes of electronic gadgetry with wind machines, this is an experience in pop - creepy then crawly examples of the emaciated psychedelic or psychic escapist elements of post-punk music.</p>
<p><strong>In this Green Collection you get 19 fresh Blah tracks for 2007 for your enjoyment.</strong></p>
<p><strong>So listen out for the weatherman, splish spladdy out on the farm and watch out for the crocodiles.</strong></p>",2060,,[],Green Collection,0,Album,,,,"<p><a title=""Blah Latest"" href=""https://www.facebook.com/events/1428696104057184/"" target=""_blank"">CLICK HERE for Latest News</a></p>
<p> </p>
<p>History</p>
<p>Blah Blah Blah started out during the late 70s punk explosion creating sounds that were deliberately anti-music, anti-cool and above all totally unique.  Improvising on electronic instruments they ventured where no-one else dared go.  Their credo never to repeat a single number (even live) meant that everything was recorded for posterity.  Each session unearthed enough golden nuggets to make the journey worth it.  These gathered nuggets were then released as albums. In the 80s they appeared at the 1st Leeds Futurama Festival and were briefly grouped with the Futurists, sharing live bills alongside fledgling electro-poppers Depeche Mode and chanteuse Marc Almond. The division of live audiences into Blah haters and Blah lovers, often caused near-riots. They eventually retired from the limelight following an attempted live arson attack on band members by a nice fellow in the audience at their thirteenth gig in Stevenage. If you mixed The Residents with the Bonzo Dog Doodah Band and Captain Beefheart you might end up with Blah Blah Blah – whimsical, weird and totally barmy.  The influence of nursery rhymes, sea-shanties, trash literature and TV, and instruments sounding like something that’s escaped from the BBC Radiophonic Workshop.</p>",8,2008-11-26 01:55:23,20,84,,Colchester UK,,"Martin Croxford, Peter Wiggins, Vicky Jones, Ian Smith, Chris Andrews.",Blah Blah Blah,,"['blah blah blah', 'chris andrews']",http://sirhcswerdna.wix.com/chris-andrews#!blah-blah-blah/cbff,,training,large,256000,0,,2008-11-26 01:52:43,2007-09-01 00:00:00,205,0,Rock,[89],"[89, 12, 25]",,289,en,Attribution-Noncommercial-No Derivative Works 2.0 UK: England ,190,,3,,[],Out on the farm
308,0,2008-11-26 01:57:45,1982-04-06 00:00:00,,1,109,"<p>What's this? One lion, two moles, two zoo keepers, improvised music, no rhythm? Can I take it, this excercise in free thinking? The grunting vocals, the vibrating rubber bands and noise of someone banging on the ceiling. Amusing digs at the modern warrior accompanied by electronic squonks and bips. They consist of one womble two cats and two traffic wardens and specialise in lurching blahism (hyperbolic and frothy sounds) and can be observed on stage dressed as shakespearian actors making unwelcome, ugly noises to the chagrin of many. An eccentric band of experimental musicians with a bizarre brand of rock disguised by weird noises. The worst jazz cords ever invented, excruciating tones  through various noise devices may bring chortles of laughter from the loopy denizens on the extreme arts fringe.</p>
<p>Jaywick jazz? I wouldn't play this to my dog. Dressing up as rocks Blah Blah Blah  are without doubt the weirdest bunch you could ever meet. Manes of electronic gadgetry with wind machines, this is an experience in pop - creepy then crawly examples of the emaciated psychedelic or psychic escapist elements of post-punk music.<strong>In this Stripey Collection you also get Hands Beckoning, Central Park (from the Some Bizarre Album) and Travelling Transcontinental.So if you are in the hotel and its tropical holiday time do the rum rhumba until your feet meet.</strong></p>",3439,,[],Stripey Collection,0,Album,,,,"<p><a title=""Blah Latest"" href=""https://www.facebook.com/events/1428696104057184/"" target=""_blank"">CLICK HERE for Latest News</a></p>
<p> </p>
<p>History</p>
<p>Blah Blah Blah started out during the late 70s punk explosion creating sounds that were deliberately anti-music, anti-cool and above all totally unique.  Improvising on electronic instruments they ventured where no-one else dared go.  Their credo never to repeat a single number (even live) meant that everything was recorded for posterity.  Each session unearthed enough golden nuggets to make the journey worth it.  These gathered nuggets were then released as albums. In the 80s they appeared at the 1st Leeds Futurama Festival and were briefly grouped with the Futurists, sharing live bills alongside fledgling electro-poppers Depeche Mode and chanteuse Marc Almond. The division of live audiences into Blah haters and Blah lovers, often caused near-riots. They eventually retired from the limelight following an attempted live arson attack on band members by a nice fellow in the audience at their thirteenth gig in Stevenage. If you mixed The Residents with the Bonzo Dog Doodah Band and Captain Beefheart you might end up with Blah Blah Blah – whimsical, weird and totally barmy.  The influence of nursery rhymes, sea-shanties, trash literature and TV, and instruments sounding like something that’s escaped from the BBC Radiophonic Workshop.</p>",8,2008-11-26 01:55:23,20,84,,Colchester UK,,"Martin Croxford, Peter Wiggins, Vicky Jones, Ian Smith, Chris Andrews.",Blah Blah Blah,,"['blah blah blah', 'chris andrews']",http://sirhcswerdna.wix.com/chris-andrews#!blah-blah-blah/cbff,,training,large,256000,0,,2008-11-26 01:52:46,1982-11-26 00:00:00,186,0,Rock,[89],"[89, 12, 25]",,345,en,Attribution-Noncommercial-No Derivative Works 2.0 UK: England ,260,,4,,[],The Hotel
309,0,2008-11-26 01:57:43,2007-09-01 00:00:00,,1,108,"<p>What's this? One lion, two moles, two zoo keepers, improvised music, no rhythm? Can I take it, this excercise in free thinking? The grunting vocals, the vibrating rubber bands and noise of someone banging on the ceiling. Amusing digs at the modern warrior accompanied by electronic squonks and bips. They consist of one womble two cats and two traffic wardens and specialise in lurching blahism (hyperbolic and frothy sounds) and can be observed on stage dressed as shakespearian actors making unwelcome, ugly noises to the chagrin of many. An eccentric band of experimental musicians with a bizarre brand of rock disguised by weird noises. The worst jazz cords ever invented, excruciating tones  through various noise devices may bring chortles of laughter from the loopy denizens on the extreme arts fringe.</p>
<p>Jaywick jazz? I wouldn't play this to my dog. Dressing up as rocks Blah Blah Blah  are without doubt the weirdest bunch you could ever meet. Manes of electronic gadgetry with wind machines, this is an experience in pop - creepy then crawly examples of the emaciated psychedelic or psychic escapist elements of post-punk music.</p>
<p><strong>In this Green Collection you get 19 fresh Blah tracks for 2007 for your enjoyment.</strong></p>
<p><strong>So listen out for the weatherman, splish spladdy out on the farm and watch out for the crocodiles.</strong></p>",2060,,[],Green Collection,0,Album,,,,"<p><a title=""Blah Latest"" href=""https://www.facebook.com/events/1428696104057184/"" target=""_blank"">CLICK HERE for Latest News</a></p>
<p> </p>
<p>History</p>
<p>Blah Blah Blah started out during the late 70s punk explosion creating sounds that were deliberately anti-music, anti-cool and above all totally unique.  Improvising on electronic instruments they ventured where no-one else dared go.  Their credo never to repeat a single number (even live) meant that everything was recorded for posterity.  Each session unearthed enough golden nuggets to make the journey worth it.  These gathered nuggets were then released as albums. In the 80s they appeared at the 1st Leeds Futurama Festival and were briefly grouped with the Futurists, sharing live bills alongside fledgling electro-poppers Depeche Mode and chanteuse Marc Almond. The division of live audiences into Blah haters and Blah lovers, often caused near-riots. They eventually retired from the limelight following an attempted live arson attack on band members by a nice fellow in the audience at their thirteenth gig in Stevenage. If you mixed The Residents with the Bonzo Dog Doodah Band and Captain Beefheart you might end up with Blah Blah Blah – whimsical, weird and totally barmy.  The influence of nursery rhymes, sea-shanties, trash literature and TV, and instruments sounding like something that’s escaped from the BBC Radiophonic Workshop.</p>",8,2008-11-26 01:55:23,20,84,,Colchester UK,,"Martin Croxford, Peter Wiggins, Vicky Jones, Ian Smith, Chris Andrews.",Blah Blah Blah,,"['blah blah blah', 'chris andrews']",http://sirhcswerdna.wix.com/chris-andrews#!blah-blah-blah/cbff,,training,large,256000,0,,2008-11-26 01:52:49,2007-09-01 00:00:00,229,0,Rock,[89],"[89, 12, 25]",,147,en,Attribution-Noncommercial-No Derivative Works 2.0 UK: England ,56,,4,,[],Where are all the people
310,4,2008-11-26 01:57:48,1981-01-01 00:00:00,,1,110,"<p>What's this? One lion, two moles, two zoo keepers, improvised music, no rhythm? Can I take it, this excercise in free thinking? The grunting vocals, the vibrating rubber bands and noise of someone banging on the ceiling. Amusing digs at the modern warrior accompanied by electronic squonks and bips. They consist of one womble two cats and two traffic wardens and specialise in lurching blahism (hyperbolic and frothy sounds) and can be observed on stage dressed as shakespearian actors making unwelcome, ugly noises to the chagrin of many. An eccentric band of experimental musicians with a bizarre brand of rock disguised by weird noises. The worst jazz cords ever invented, excruciating tones  through various noise devices may bring chortles of laughter from the loopy denizens on the extreme arts fringe.Jaywick jazz? I wouldn't play this to my dog. Dressing up as rocks Blah Blah Blah  are without doubt the weirdest bunch you could ever meet. Manes of electronic gadgetry with wind machines, this is an experience in pop - creepy then crawly examples of the emaciated psychedelic or psychic escapist elements of post-punk music.That was the general view paraphrased from the music press (Sounds,NME,Melody Maker,Smash Hits) 1981-82Blah Records UK are offering all of this on three unforgetable liberating albums now available for download and CD.</p>
<p>In this Gold Collection you also get the singles In the Army and Why Diddle?  So if your mother was a radiator and the natives are restless hunting weazels outside the veg shop, go down to soho and itch your pants.</p>",4250,,[],Gold Collection,0,Album,,,,"<p><a title=""Blah Latest"" href=""https://www.facebook.com/events/1428696104057184/"" target=""_blank"">CLICK HERE for Latest News</a></p>
<p> </p>
<p>History</p>
<p>Blah Blah Blah started out during the late 70s punk explosion creating sounds that were deliberately anti-music, anti-cool and above all totally unique.  Improvising on electronic instruments they ventured where no-one else dared go.  Their credo never to repeat a single number (even live) meant that everything was recorded for posterity.  Each session unearthed enough golden nuggets to make the journey worth it.  These gathered nuggets were then released as albums. In the 80s they appeared at the 1st Leeds Futurama Festival and were briefly grouped with the Futurists, sharing live bills alongside fledgling electro-poppers Depeche Mode and chanteuse Marc Almond. The division of live audiences into Blah haters and Blah lovers, often caused near-riots. They eventually retired from the limelight following an attempted live arson attack on band members by a nice fellow in the audience at their thirteenth gig in Stevenage. If you mixed The Residents with the Bonzo Dog Doodah Band and Captain Beefheart you might end up with Blah Blah Blah – whimsical, weird and totally barmy.  The influence of nursery rhymes, sea-shanties, trash literature and TV, and instruments sounding like something that’s escaped from the BBC Radiophonic Workshop.</p>",8,2008-11-26 01:55:23,20,84,,Colchester UK,,"Martin Croxford, Peter Wiggins, Vicky Jones, Ian Smith, Chris Andrews.",Blah Blah Blah,,"['blah blah blah', 'chris andrews']",http://sirhcswerdna.wix.com/chris-andrews#!blah-blah-blah/cbff,,training,large,256000,0,,2008-11-26 01:52:51,1981-01-01 00:00:00,146,0,Rock,[89],"[89, 12, 25]",,194,en,Attribution-Noncommercial-No Derivative Works 2.0 UK: England ,109,,5,,[],Going Down to Soho
311,0,2008-11-26 01:57:45,1982-04-06 00:00:00,,1,109,"<p>What's this? One lion, two moles, two zoo keepers, improvised music, no rhythm? Can I take it, this excercise in free thinking? The grunting vocals, the vibrating rubber bands and noise of someone banging on the ceiling. Amusing digs at the modern warrior accompanied by electronic squonks and bips. They consist of one womble two cats and two traffic wardens and specialise in lurching blahism (hyperbolic and frothy sounds) and can be observed on stage dressed as shakespearian actors making unwelcome, ugly noises to the chagrin of many. An eccentric band of experimental musicians with a bizarre brand of rock disguised by weird noises. The worst jazz cords ever invented, excruciating tones  through various noise devices may bring chortles of laughter from the loopy denizens on the extreme arts fringe.</p>
<p>Jaywick jazz? I wouldn't play this to my dog. Dressing up as rocks Blah Blah Blah  are without doubt the weirdest bunch you could ever meet. Manes of electronic gadgetry with wind machines, this is an experience in pop - creepy then crawly examples of the emaciated psychedelic or psychic escapist elements of post-punk music.<strong>In this Stripey Collection you also get Hands Beckoning, Central Park (from the Some Bizarre Album) and Travelling Transcontinental.So if you are in the hotel and its tropical holiday time do the rum rhumba until your feet meet.</strong></p>",3439,,[],Stripey Collection,0,Album,,,,"<p><a title=""Blah Latest"" href=""https://www.facebook.com/events/1428696104057184/"" target=""_blank"">CLICK HERE for Latest News</a></p>
<p> </p>
<p>History</p>
<p>Blah Blah Blah started out during the late 70s punk explosion creating sounds that were deliberately anti-music, anti-cool and above all totally unique.  Improvising on electronic instruments they ventured where no-one else dared go.  Their credo never to repeat a single number (even live) meant that everything was recorded for posterity.  Each session unearthed enough golden nuggets to make the journey worth it.  These gathered nuggets were then released as albums. In the 80s they appeared at the 1st Leeds Futurama Festival and were briefly grouped with the Futurists, sharing live bills alongside fledgling electro-poppers Depeche Mode and chanteuse Marc Almond. The division of live audiences into Blah haters and Blah lovers, often caused near-riots. They eventually retired from the limelight following an attempted live arson attack on band members by a nice fellow in the audience at their thirteenth gig in Stevenage. If you mixed The Residents with the Bonzo Dog Doodah Band and Captain Beefheart you might end up with Blah Blah Blah – whimsical, weird and totally barmy.  The influence of nursery rhymes, sea-shanties, trash literature and TV, and instruments sounding like something that’s escaped from the BBC Radiophonic Workshop.</p>",8,2008-11-26 01:55:23,20,84,,Colchester UK,,"Martin Croxford, Peter Wiggins, Vicky Jones, Ian Smith, Chris Andrews.",Blah Blah Blah,,"['blah blah blah', 'chris andrews']",http://sirhcswerdna.wix.com/chris-andrews#!blah-blah-blah/cbff,,training,large,256000,0,,2008-11-26 01:52:53,1982-11-26 00:00:00,205,0,Rock,[89],"[89, 12, 25]",,1597,en,Attribution-Noncommercial-No Derivative Works 2.0 UK: England ,1484,,5,,[],Tropical Holiday Time
312,0,2008-11-26 01:57:43,2007-09-01 00:00:00,,1,108,"<p>What's this? One lion, two moles, two zoo keepers, improvised music, no rhythm? Can I take it, this excercise in free thinking? The grunting vocals, the vibrating rubber bands and noise of someone banging on the ceiling. Amusing digs at the modern warrior accompanied by electronic squonks and bips. They consist of one womble two cats and two traffic wardens and specialise in lurching blahism (hyperbolic and frothy sounds) and can be observed on stage dressed as shakespearian actors making unwelcome, ugly noises to the chagrin of many. An eccentric band of experimental musicians with a bizarre brand of rock disguised by weird noises. The worst jazz cords ever invented, excruciating tones  through various noise devices may bring chortles of laughter from the loopy denizens on the extreme arts fringe.</p>
<p>Jaywick jazz? I wouldn't play this to my dog. Dressing up as rocks Blah Blah Blah  are without doubt the weirdest bunch you could ever meet. Manes of electronic gadgetry with wind machines, this is an experience in pop - creepy then crawly examples of the emaciated psychedelic or psychic escapist elements of post-punk music.</p>
<p><strong>In this Green Collection you get 19 fresh Blah tracks for 2007 for your enjoyment.</strong></p>
<p><strong>So listen out for the weatherman, splish spladdy out on the farm and watch out for the crocodiles.</strong></p>",2060,,[],Green Collection,0,Album,,,,"<p><a title=""Blah Latest"" href=""https://www.facebook.com/events/1428696104057184/"" target=""_blank"">CLICK HERE for Latest News</a></p>
<p> </p>
<p>History</p>
<p>Blah Blah Blah started out during the late 70s punk explosion creating sounds that were deliberately anti-music, anti-cool and above all totally unique.  Improvising on electronic instruments they ventured where no-one else dared go.  Their credo never to repeat a single number (even live) meant that everything was recorded for posterity.  Each session unearthed enough golden nuggets to make the journey worth it.  These gathered nuggets were then released as albums. In the 80s they appeared at the 1st Leeds Futurama Festival and were briefly grouped with the Futurists, sharing live bills alongside fledgling electro-poppers Depeche Mode and chanteuse Marc Almond. The division of live audiences into Blah haters and Blah lovers, often caused near-riots. They eventually retired from the limelight following an attempted live arson attack on band members by a nice fellow in the audience at their thirteenth gig in Stevenage. If you mixed The Residents with the Bonzo Dog Doodah Band and Captain Beefheart you might end up with Blah Blah Blah – whimsical, weird and totally barmy.  The influence of nursery rhymes, sea-shanties, trash literature and TV, and instruments sounding like something that’s escaped from the BBC Radiophonic Workshop.</p>",8,2008-11-26 01:55:23,20,84,,Colchester UK,,"Martin Croxford, Peter Wiggins, Vicky Jones, Ian Smith, Chris Andrews.",Blah Blah Blah,,"['blah blah blah', 'chris andrews']",http://sirhcswerdna.wix.com/chris-andrews#!blah-blah-blah/cbff,,training,large,256000,0,,2008-11-26 01:52:57,2007-09-01 00:00:00,199,0,Rock,[89],"[89, 12, 25]",,833,en,Attribution-Noncommercial-No Derivative Works 2.0 UK: England ,748,,6,,[],Tropical Sheep
313,0,2008-11-26 01:57:45,1982-04-06 00:00:00,,1,109,"<p>What's this? One lion, two moles, two zoo keepers, improvised music, no rhythm? Can I take it, this excercise in free thinking? The grunting vocals, the vibrating rubber bands and noise of someone banging on the ceiling. Amusing digs at the modern warrior accompanied by electronic squonks and bips. They consist of one womble two cats and two traffic wardens and specialise in lurching blahism (hyperbolic and frothy sounds) and can be observed on stage dressed as shakespearian actors making unwelcome, ugly noises to the chagrin of many. An eccentric band of experimental musicians with a bizarre brand of rock disguised by weird noises. The worst jazz cords ever invented, excruciating tones  through various noise devices may bring chortles of laughter from the loopy denizens on the extreme arts fringe.</p>
<p>Jaywick jazz? I wouldn't play this to my dog. Dressing up as rocks Blah Blah Blah  are without doubt the weirdest bunch you could ever meet. Manes of electronic gadgetry with wind machines, this is an experience in pop - creepy then crawly examples of the emaciated psychedelic or psychic escapist elements of post-punk music.<strong>In this Stripey Collection you also get Hands Beckoning, Central Park (from the Some Bizarre Album) and Travelling Transcontinental.So if you are in the hotel and its tropical holiday time do the rum rhumba until your feet meet.</strong></p>",3439,,[],Stripey Collection,0,Album,,,,"<p><a title=""Blah Latest"" href=""https://www.facebook.com/events/1428696104057184/"" target=""_blank"">CLICK HERE for Latest News</a></p>
<p> </p>
<p>History</p>
<p>Blah Blah Blah started out during the late 70s punk explosion creating sounds that were deliberately anti-music, anti-cool and above all totally unique.  Improvising on electronic instruments they ventured where no-one else dared go.  Their credo never to repeat a single number (even live) meant that everything was recorded for posterity.  Each session unearthed enough golden nuggets to make the journey worth it.  These gathered nuggets were then released as albums. In the 80s they appeared at the 1st Leeds Futurama Festival and were briefly grouped with the Futurists, sharing live bills alongside fledgling electro-poppers Depeche Mode and chanteuse Marc Almond. The division of live audiences into Blah haters and Blah lovers, often caused near-riots. They eventually retired from the limelight following an attempted live arson attack on band members by a nice fellow in the audience at their thirteenth gig in Stevenage. If you mixed The Residents with the Bonzo Dog Doodah Band and Captain Beefheart you might end up with Blah Blah Blah – whimsical, weird and totally barmy.  The influence of nursery rhymes, sea-shanties, trash literature and TV, and instruments sounding like something that’s escaped from the BBC Radiophonic Workshop.</p>",8,2008-11-26 01:55:23,20,84,,Colchester UK,,"Martin Croxford, Peter Wiggins, Vicky Jones, Ian Smith, Chris Andrews.",Blah Blah Blah,,"['blah blah blah', 'chris andrews']",http://sirhcswerdna.wix.com/chris-andrews#!blah-blah-blah/cbff,,training,large,256000,0,,2008-11-26 01:52:58,1982-11-26 00:00:00,142,0,Rock,[89],"[89, 12, 25]",,141,en,Attribution-Noncommercial-No Derivative Works 2.0 UK: England ,70,,7,,[],Think Things Of You
314,0,2008-11-26 01:57:43,2007-09-01 00:00:00,,1,108,"<p>What's this? One lion, two moles, two zoo keepers, improvised music, no rhythm? Can I take it, this excercise in free thinking? The grunting vocals, the vibrating rubber bands and noise of someone banging on the ceiling. Amusing digs at the modern warrior accompanied by electronic squonks and bips. They consist of one womble two cats and two traffic wardens and specialise in lurching blahism (hyperbolic and frothy sounds) and can be observed on stage dressed as shakespearian actors making unwelcome, ugly noises to the chagrin of many. An eccentric band of experimental musicians with a bizarre brand of rock disguised by weird noises. The worst jazz cords ever invented, excruciating tones  through various noise devices may bring chortles of laughter from the loopy denizens on the extreme arts fringe.</p>
<p>Jaywick jazz? I wouldn't play this to my dog. Dressing up as rocks Blah Blah Blah  are without doubt the weirdest bunch you could ever meet. Manes of electronic gadgetry with wind machines, this is an experience in pop - creepy then crawly examples of the emaciated psychedelic or psychic escapist elements of post-punk music.</p>
<p><strong>In this Green Collection you get 19 fresh Blah tracks for 2007 for your enjoyment.</strong></p>
<p><strong>So listen out for the weatherman, splish spladdy out on the farm and watch out for the crocodiles.</strong></p>",2060,,[],Green Collection,0,Album,,,,"<p><a title=""Blah Latest"" href=""https://www.facebook.com/events/1428696104057184/"" target=""_blank"">CLICK HERE for Latest News</a></p>
<p> </p>
<p>History</p>
<p>Blah Blah Blah started out during the late 70s punk explosion creating sounds that were deliberately anti-music, anti-cool and above all totally unique.  Improvising on electronic instruments they ventured where no-one else dared go.  Their credo never to repeat a single number (even live) meant that everything was recorded for posterity.  Each session unearthed enough golden nuggets to make the journey worth it.  These gathered nuggets were then released as albums. In the 80s they appeared at the 1st Leeds Futurama Festival and were briefly grouped with the Futurists, sharing live bills alongside fledgling electro-poppers Depeche Mode and chanteuse Marc Almond. The division of live audiences into Blah haters and Blah lovers, often caused near-riots. They eventually retired from the limelight following an attempted live arson attack on band members by a nice fellow in the audience at their thirteenth gig in Stevenage. If you mixed The Residents with the Bonzo Dog Doodah Band and Captain Beefheart you might end up with Blah Blah Blah – whimsical, weird and totally barmy.  The influence of nursery rhymes, sea-shanties, trash literature and TV, and instruments sounding like something that’s escaped from the BBC Radiophonic Workshop.</p>",8,2008-11-26 01:55:23,20,84,,Colchester UK,,"Martin Croxford, Peter Wiggins, Vicky Jones, Ian Smith, Chris Andrews.",Blah Blah Blah,,"['blah blah blah', 'chris andrews']",http://sirhcswerdna.wix.com/chris-andrews#!blah-blah-blah/cbff,,training,large,256000,0,,2008-11-26 01:53:01,2007-09-01 00:00:00,166,0,Rock,[89],"[89, 12, 25]",,142,en,Attribution-Noncommercial-No Derivative Works 2.0 UK: England ,69,,8,,[],Daisey Chains
315,4,2008-11-26 01:57:48,1981-01-01 00:00:00,,1,110,"<p>What's this? One lion, two moles, two zoo keepers, improvised music, no rhythm? Can I take it, this excercise in free thinking? The grunting vocals, the vibrating rubber bands and noise of someone banging on the ceiling. Amusing digs at the modern warrior accompanied by electronic squonks and bips. They consist of one womble two cats and two traffic wardens and specialise in lurching blahism (hyperbolic and frothy sounds) and can be observed on stage dressed as shakespearian actors making unwelcome, ugly noises to the chagrin of many. An eccentric band of experimental musicians with a bizarre brand of rock disguised by weird noises. The worst jazz cords ever invented, excruciating tones  through various noise devices may bring chortles of laughter from the loopy denizens on the extreme arts fringe.Jaywick jazz? I wouldn't play this to my dog. Dressing up as rocks Blah Blah Blah  are without doubt the weirdest bunch you could ever meet. Manes of electronic gadgetry with wind machines, this is an experience in pop - creepy then crawly examples of the emaciated psychedelic or psychic escapist elements of post-punk music.That was the general view paraphrased from the music press (Sounds,NME,Melody Maker,Smash Hits) 1981-82Blah Records UK are offering all of this on three unforgetable liberating albums now available for download and CD.</p>
<p>In this Gold Collection you also get the singles In the Army and Why Diddle?  So if your mother was a radiator and the natives are restless hunting weazels outside the veg shop, go down to soho and itch your pants.</p>",4250,,[],Gold Collection,0,Album,,,,"<p><a title=""Blah Latest"" href=""https://www.facebook.com/events/1428696104057184/"" target=""_blank"">CLICK HERE for Latest News</a></p>
<p> </p>
<p>History</p>
<p>Blah Blah Blah started out during the late 70s punk explosion creating sounds that were deliberately anti-music, anti-cool and above all totally unique.  Improvising on electronic instruments they ventured where no-one else dared go.  Their credo never to repeat a single number (even live) meant that everything was recorded for posterity.  Each session unearthed enough golden nuggets to make the journey worth it.  These gathered nuggets were then released as albums. In the 80s they appeared at the 1st Leeds Futurama Festival and were briefly grouped with the Futurists, sharing live bills alongside fledgling electro-poppers Depeche Mode and chanteuse Marc Almond. The division of live audiences into Blah haters and Blah lovers, often caused near-riots. They eventually retired from the limelight following an attempted live arson attack on band members by a nice fellow in the audience at their thirteenth gig in Stevenage. If you mixed The Residents with the Bonzo Dog Doodah Band and Captain Beefheart you might end up with Blah Blah Blah – whimsical, weird and totally barmy.  The influence of nursery rhymes, sea-shanties, trash literature and TV, and instruments sounding like something that’s escaped from the BBC Radiophonic Workshop.</p>",8,2008-11-26 01:55:23,20,84,,Colchester UK,,"Martin Croxford, Peter Wiggins, Vicky Jones, Ian Smith, Chris Andrews.",Blah Blah Blah,,"['blah blah blah', 'chris andrews']",http://sirhcswerdna.wix.com/chris-andrews#!blah-blah-blah/cbff,,training,large,256000,0,,2008-11-26 01:53:04,1981-01-01 00:00:00,280,0,Rock,[89],"[89, 12, 25]",,383,en,Attribution-Noncommercial-No Derivative Works 2.0 UK: England ,297,,8,,[],Interference
316,4,2008-11-26 01:57:48,1981-01-01 00:00:00,,1,110,"<p>What's this? One lion, two moles, two zoo keepers, improvised music, no rhythm? Can I take it, this excercise in free thinking? The grunting vocals, the vibrating rubber bands and noise of someone banging on the ceiling. Amusing digs at the modern warrior accompanied by electronic squonks and bips. They consist of one womble two cats and two traffic wardens and specialise in lurching blahism (hyperbolic and frothy sounds) and can be observed on stage dressed as shakespearian actors making unwelcome, ugly noises to the chagrin of many. An eccentric band of experimental musicians with a bizarre brand of rock disguised by weird noises. The worst jazz cords ever invented, excruciating tones  through various noise devices may bring chortles of laughter from the loopy denizens on the extreme arts fringe.Jaywick jazz? I wouldn't play this to my dog. Dressing up as rocks Blah Blah Blah  are without doubt the weirdest bunch you could ever meet. Manes of electronic gadgetry with wind machines, this is an experience in pop - creepy then crawly examples of the emaciated psychedelic or psychic escapist elements of post-punk music.That was the general view paraphrased from the music press (Sounds,NME,Melody Maker,Smash Hits) 1981-82Blah Records UK are offering all of this on three unforgetable liberating albums now available for download and CD.</p>
<p>In this Gold Collection you also get the singles In the Army and Why Diddle?  So if your mother was a radiator and the natives are restless hunting weazels outside the veg shop, go down to soho and itch your pants.</p>",4250,,[],Gold Collection,0,Album,,,,"<p><a title=""Blah Latest"" href=""https://www.facebook.com/events/1428696104057184/"" target=""_blank"">CLICK HERE for Latest News</a></p>
<p> </p>
<p>History</p>
<p>Blah Blah Blah started out during the late 70s punk explosion creating sounds that were deliberately anti-music, anti-cool and above all totally unique.  Improvising on electronic instruments they ventured where no-one else dared go.  Their credo never to repeat a single number (even live) meant that everything was recorded for posterity.  Each session unearthed enough golden nuggets to make the journey worth it.  These gathered nuggets were then released as albums. In the 80s they appeared at the 1st Leeds Futurama Festival and were briefly grouped with the Futurists, sharing live bills alongside fledgling electro-poppers Depeche Mode and chanteuse Marc Almond. The division of live audiences into Blah haters and Blah lovers, often caused near-riots. They eventually retired from the limelight following an attempted live arson attack on band members by a nice fellow in the audience at their thirteenth gig in Stevenage. If you mixed The Residents with the Bonzo Dog Doodah Band and Captain Beefheart you might end up with Blah Blah Blah – whimsical, weird and totally barmy.  The influence of nursery rhymes, sea-shanties, trash literature and TV, and instruments sounding like something that’s escaped from the BBC Radiophonic Workshop.</p>",8,2008-11-26 01:55:23,20,84,,Colchester UK,,"Martin Croxford, Peter Wiggins, Vicky Jones, Ian Smith, Chris Andrews.",Blah Blah Blah,,"['blah blah blah', 'chris andrews']",http://sirhcswerdna.wix.com/chris-andrews#!blah-blah-blah/cbff,,training,large,256000,0,,2008-11-26 01:53:07,1981-01-01 00:00:00,87,0,Rock,[89],"[89, 12, 25]",,156,en,Attribution-Noncommercial-No Derivative Works 2.0 UK: England ,90,,9,,[],Itching in my pants
317,0,2008-11-26 01:57:45,1982-04-06 00:00:00,,1,109,"<p>What's this? One lion, two moles, two zoo keepers, improvised music, no rhythm? Can I take it, this excercise in free thinking? The grunting vocals, the vibrating rubber bands and noise of someone banging on the ceiling. Amusing digs at the modern warrior accompanied by electronic squonks and bips. They consist of one womble two cats and two traffic wardens and specialise in lurching blahism (hyperbolic and frothy sounds) and can be observed on stage dressed as shakespearian actors making unwelcome, ugly noises to the chagrin of many. An eccentric band of experimental musicians with a bizarre brand of rock disguised by weird noises. The worst jazz cords ever invented, excruciating tones  through various noise devices may bring chortles of laughter from the loopy denizens on the extreme arts fringe.</p>
<p>Jaywick jazz? I wouldn't play this to my dog. Dressing up as rocks Blah Blah Blah  are without doubt the weirdest bunch you could ever meet. Manes of electronic gadgetry with wind machines, this is an experience in pop - creepy then crawly examples of the emaciated psychedelic or psychic escapist elements of post-punk music.<strong>In this Stripey Collection you also get Hands Beckoning, Central Park (from the Some Bizarre Album) and Travelling Transcontinental.So if you are in the hotel and its tropical holiday time do the rum rhumba until your feet meet.</strong></p>",3439,,[],Stripey Collection,0,Album,,,,"<p><a title=""Blah Latest"" href=""https://www.facebook.com/events/1428696104057184/"" target=""_blank"">CLICK HERE for Latest News</a></p>
<p> </p>
<p>History</p>
<p>Blah Blah Blah started out during the late 70s punk explosion creating sounds that were deliberately anti-music, anti-cool and above all totally unique.  Improvising on electronic instruments they ventured where no-one else dared go.  Their credo never to repeat a single number (even live) meant that everything was recorded for posterity.  Each session unearthed enough golden nuggets to make the journey worth it.  These gathered nuggets were then released as albums. In the 80s they appeared at the 1st Leeds Futurama Festival and were briefly grouped with the Futurists, sharing live bills alongside fledgling electro-poppers Depeche Mode and chanteuse Marc Almond. The division of live audiences into Blah haters and Blah lovers, often caused near-riots. They eventually retired from the limelight following an attempted live arson attack on band members by a nice fellow in the audience at their thirteenth gig in Stevenage. If you mixed The Residents with the Bonzo Dog Doodah Band and Captain Beefheart you might end up with Blah Blah Blah – whimsical, weird and totally barmy.  The influence of nursery rhymes, sea-shanties, trash literature and TV, and instruments sounding like something that’s escaped from the BBC Radiophonic Workshop.</p>",8,2008-11-26 01:55:23,20,84,,Colchester UK,,"Martin Croxford, Peter Wiggins, Vicky Jones, Ian Smith, Chris Andrews.",Blah Blah Blah,,"['blah blah blah', 'chris andrews']",http://sirhcswerdna.wix.com/chris-andrews#!blah-blah-blah/cbff,,training,large,256000,0,,2008-11-26 01:53:08,1982-11-26 00:00:00,198,0,Rock,[89],"[89, 12, 25]",,322,en,Attribution-Noncommercial-No Derivative Works 2.0 UK: England ,241,,9,,[],Very Nice
318,0,2008-11-26 01:58:50,2009-01-01 00:00:00,,1,112,"<p>What's this? One lion, two moles, two zoo keepers, improvised music, no rhythm? Can I take it, this excercise in free thinking? The grunting vocals, the vibrating rubber bands and noise of someone banging on the ceiling. Amusing digs at the modern warrior accompanied by electronic squonks and bips. They consist of one womble two cats and two traffic wardens and specialise in lurching blahism (hyperbolic and frothy sounds) and can be observed on stage dressed as shakespearian actors making unwelcome, ugly noises to the chagrin of many. An eccentric band of experimental musicians with a bizarre brand of rock disguised by weird noises. The worst jazz cords ever invented, excruciating tones&nbsp; through various noise devices may bring chortles of laughter from the loopy denizens on the extreme arts fringe.</p><p>Jaywick jazz? I wouldn't play this to my dog. Dressing up as rocks Blah Blah Blah&nbsp; are without doubt the weirdest bunch you could ever meet. Manes of electronic gadgetry with wind machines, this is an experience in pop - creepy then crawly examples of the emaciated psychedelic or psychic escapist elements of post-punk music<br></p><p><br></p><p>In this Anniversary Special you get an unforgettable 41 Free high quality mp3 downloads available only from the forthcoming WFMU Free Music Archive.</p><p>So go down to Denver to the 39th floor club with your Red Coated young girlfriend and see what's in the sugar bowl.<br mce_bogus=""1""></p>",11086,,[],30th Anniversary Blah Blah Blah,21,Album,,,,"<p><a title=""Blah Latest"" href=""https://www.facebook.com/events/1428696104057184/"" target=""_blank"">CLICK HERE for Latest News</a></p>
<p> </p>
<p>History</p>
<p>Blah Blah Blah started out during the late 70s punk explosion creating sounds that were deliberately anti-music, anti-cool and above all totally unique.  Improvising on electronic instruments they ventured where no-one else dared go.  Their credo never to repeat a single number (even live) meant that everything was recorded for posterity.  Each session unearthed enough golden nuggets to make the journey worth it.  These gathered nuggets were then released as albums. In the 80s they appeared at the 1st Leeds Futurama Festival and were briefly grouped with the Futurists, sharing live bills alongside fledgling electro-poppers Depeche Mode and chanteuse Marc Almond. The division of live audiences into Blah haters and Blah lovers, often caused near-riots. They eventually retired from the limelight following an attempted live arson attack on band members by a nice fellow in the audience at their thirteenth gig in Stevenage. If you mixed The Residents with the Bonzo Dog Doodah Band and Captain Beefheart you might end up with Blah Blah Blah – whimsical, weird and totally barmy.  The influence of nursery rhymes, sea-shanties, trash literature and TV, and instruments sounding like something that’s escaped from the BBC Radiophonic Workshop.</p>",8,2008-11-26 01:55:23,20,84,,Colchester UK,,"Martin Croxford, Peter Wiggins, Vicky Jones, Ian Smith, Chris Andrews.",Blah Blah Blah,,"['blah blah blah', 'chris andrews']",http://sirhcswerdna.wix.com/chris-andrews#!blah-blah-blah/cbff,,training,large,256000,0,,2008-11-26 01:53:11,2008-11-26 00:00:00,41,0,Rock,[89],"[89, 12, 25]",,209,en,Attribution-Noncommercial-No Derivative Works 2.0 UK: England ,153,,0,,[],1-2-3-4
319,0,2008-11-26 01:57:43,2007-09-01 00:00:00,,1,108,"<p>What's this? One lion, two moles, two zoo keepers, improvised music, no rhythm? Can I take it, this excercise in free thinking? The grunting vocals, the vibrating rubber bands and noise of someone banging on the ceiling. Amusing digs at the modern warrior accompanied by electronic squonks and bips. They consist of one womble two cats and two traffic wardens and specialise in lurching blahism (hyperbolic and frothy sounds) and can be observed on stage dressed as shakespearian actors making unwelcome, ugly noises to the chagrin of many. An eccentric band of experimental musicians with a bizarre brand of rock disguised by weird noises. The worst jazz cords ever invented, excruciating tones  through various noise devices may bring chortles of laughter from the loopy denizens on the extreme arts fringe.</p>
<p>Jaywick jazz? I wouldn't play this to my dog. Dressing up as rocks Blah Blah Blah  are without doubt the weirdest bunch you could ever meet. Manes of electronic gadgetry with wind machines, this is an experience in pop - creepy then crawly examples of the emaciated psychedelic or psychic escapist elements of post-punk music.</p>
<p><strong>In this Green Collection you get 19 fresh Blah tracks for 2007 for your enjoyment.</strong></p>
<p><strong>So listen out for the weatherman, splish spladdy out on the farm and watch out for the crocodiles.</strong></p>",2060,,[],Green Collection,0,Album,,,,"<p><a title=""Blah Latest"" href=""https://www.facebook.com/events/1428696104057184/"" target=""_blank"">CLICK HERE for Latest News</a></p>
<p> </p>
<p>History</p>
<p>Blah Blah Blah started out during the late 70s punk explosion creating sounds that were deliberately anti-music, anti-cool and above all totally unique.  Improvising on electronic instruments they ventured where no-one else dared go.  Their credo never to repeat a single number (even live) meant that everything was recorded for posterity.  Each session unearthed enough golden nuggets to make the journey worth it.  These gathered nuggets were then released as albums. In the 80s they appeared at the 1st Leeds Futurama Festival and were briefly grouped with the Futurists, sharing live bills alongside fledgling electro-poppers Depeche Mode and chanteuse Marc Almond. The division of live audiences into Blah haters and Blah lovers, often caused near-riots. They eventually retired from the limelight following an attempted live arson attack on band members by a nice fellow in the audience at their thirteenth gig in Stevenage. If you mixed The Residents with the Bonzo Dog Doodah Band and Captain Beefheart you might end up with Blah Blah Blah – whimsical, weird and totally barmy.  The influence of nursery rhymes, sea-shanties, trash literature and TV, and instruments sounding like something that’s escaped from the BBC Radiophonic Workshop.</p>",8,2008-11-26 01:55:23,20,84,,Colchester UK,,"Martin Croxford, Peter Wiggins, Vicky Jones, Ian Smith, Chris Andrews.",Blah Blah Blah,,"['blah blah blah', 'chris andrews']",http://sirhcswerdna.wix.com/chris-andrews#!blah-blah-blah/cbff,,training,large,256000,0,,2008-11-26 01:53:12,2007-09-01 00:00:00,156,0,Rock,[89],"[89, 12, 25]",,422,en,Attribution-Noncommercial-No Derivative Works 2.0 UK: England ,325,,10,,[],Complete Shakespeare
320,4,2008-11-26 01:57:48,1981-01-01 00:00:00,,1,110,"<p>What's this? One lion, two moles, two zoo keepers, improvised music, no rhythm? Can I take it, this excercise in free thinking? The grunting vocals, the vibrating rubber bands and noise of someone banging on the ceiling. Amusing digs at the modern warrior accompanied by electronic squonks and bips. They consist of one womble two cats and two traffic wardens and specialise in lurching blahism (hyperbolic and frothy sounds) and can be observed on stage dressed as shakespearian actors making unwelcome, ugly noises to the chagrin of many. An eccentric band of experimental musicians with a bizarre brand of rock disguised by weird noises. The worst jazz cords ever invented, excruciating tones  through various noise devices may bring chortles of laughter from the loopy denizens on the extreme arts fringe.Jaywick jazz? I wouldn't play this to my dog. Dressing up as rocks Blah Blah Blah  are without doubt the weirdest bunch you could ever meet. Manes of electronic gadgetry with wind machines, this is an experience in pop - creepy then crawly examples of the emaciated psychedelic or psychic escapist elements of post-punk music.That was the general view paraphrased from the music press (Sounds,NME,Melody Maker,Smash Hits) 1981-82Blah Records UK are offering all of this on three unforgetable liberating albums now available for download and CD.</p>
<p>In this Gold Collection you also get the singles In the Army and Why Diddle?  So if your mother was a radiator and the natives are restless hunting weazels outside the veg shop, go down to soho and itch your pants.</p>",4250,,[],Gold Collection,0,Album,,,,"<p><a title=""Blah Latest"" href=""https://www.facebook.com/events/1428696104057184/"" target=""_blank"">CLICK HERE for Latest News</a></p>
<p> </p>
<p>History</p>
<p>Blah Blah Blah started out during the late 70s punk explosion creating sounds that were deliberately anti-music, anti-cool and above all totally unique.  Improvising on electronic instruments they ventured where no-one else dared go.  Their credo never to repeat a single number (even live) meant that everything was recorded for posterity.  Each session unearthed enough golden nuggets to make the journey worth it.  These gathered nuggets were then released as albums. In the 80s they appeared at the 1st Leeds Futurama Festival and were briefly grouped with the Futurists, sharing live bills alongside fledgling electro-poppers Depeche Mode and chanteuse Marc Almond. The division of live audiences into Blah haters and Blah lovers, often caused near-riots. They eventually retired from the limelight following an attempted live arson attack on band members by a nice fellow in the audience at their thirteenth gig in Stevenage. If you mixed The Residents with the Bonzo Dog Doodah Band and Captain Beefheart you might end up with Blah Blah Blah – whimsical, weird and totally barmy.  The influence of nursery rhymes, sea-shanties, trash literature and TV, and instruments sounding like something that’s escaped from the BBC Radiophonic Workshop.</p>",8,2008-11-26 01:55:23,20,84,,Colchester UK,,"Martin Croxford, Peter Wiggins, Vicky Jones, Ian Smith, Chris Andrews.",Blah Blah Blah,,"['blah blah blah', 'chris andrews']",http://sirhcswerdna.wix.com/chris-andrews#!blah-blah-blah/cbff,,training,large,256000,0,,2008-11-26 01:53:14,1981-01-01 00:00:00,316,0,Rock,[89],"[89, 12, 25]",,406,en,Attribution-Noncommercial-No Derivative Works 2.0 UK: England ,309,,10,,[],The Natives are Restless
321,0,2008-11-26 01:57:45,1982-04-06 00:00:00,,1,109,"<p>What's this? One lion, two moles, two zoo keepers, improvised music, no rhythm? Can I take it, this excercise in free thinking? The grunting vocals, the vibrating rubber bands and noise of someone banging on the ceiling. Amusing digs at the modern warrior accompanied by electronic squonks and bips. They consist of one womble two cats and two traffic wardens and specialise in lurching blahism (hyperbolic and frothy sounds) and can be observed on stage dressed as shakespearian actors making unwelcome, ugly noises to the chagrin of many. An eccentric band of experimental musicians with a bizarre brand of rock disguised by weird noises. The worst jazz cords ever invented, excruciating tones  through various noise devices may bring chortles of laughter from the loopy denizens on the extreme arts fringe.</p>
<p>Jaywick jazz? I wouldn't play this to my dog. Dressing up as rocks Blah Blah Blah  are without doubt the weirdest bunch you could ever meet. Manes of electronic gadgetry with wind machines, this is an experience in pop - creepy then crawly examples of the emaciated psychedelic or psychic escapist elements of post-punk music.<strong>In this Stripey Collection you also get Hands Beckoning, Central Park (from the Some Bizarre Album) and Travelling Transcontinental.So if you are in the hotel and its tropical holiday time do the rum rhumba until your feet meet.</strong></p>",3439,,[],Stripey Collection,0,Album,,,,"<p><a title=""Blah Latest"" href=""https://www.facebook.com/events/1428696104057184/"" target=""_blank"">CLICK HERE for Latest News</a></p>
<p> </p>
<p>History</p>
<p>Blah Blah Blah started out during the late 70s punk explosion creating sounds that were deliberately anti-music, anti-cool and above all totally unique.  Improvising on electronic instruments they ventured where no-one else dared go.  Their credo never to repeat a single number (even live) meant that everything was recorded for posterity.  Each session unearthed enough golden nuggets to make the journey worth it.  These gathered nuggets were then released as albums. In the 80s they appeared at the 1st Leeds Futurama Festival and were briefly grouped with the Futurists, sharing live bills alongside fledgling electro-poppers Depeche Mode and chanteuse Marc Almond. The division of live audiences into Blah haters and Blah lovers, often caused near-riots. They eventually retired from the limelight following an attempted live arson attack on band members by a nice fellow in the audience at their thirteenth gig in Stevenage. If you mixed The Residents with the Bonzo Dog Doodah Band and Captain Beefheart you might end up with Blah Blah Blah – whimsical, weird and totally barmy.  The influence of nursery rhymes, sea-shanties, trash literature and TV, and instruments sounding like something that’s escaped from the BBC Radiophonic Workshop.</p>",8,2008-11-26 01:55:23,20,84,,Colchester UK,,"Martin Croxford, Peter Wiggins, Vicky Jones, Ian Smith, Chris Andrews.",Blah Blah Blah,,"['blah blah blah', 'chris andrews']",http://sirhcswerdna.wix.com/chris-andrews#!blah-blah-blah/cbff,,training,large,256000,0,,2008-11-26 01:53:19,1982-11-26 00:00:00,273,0,Rock,[89],"[89, 12, 25]",,693,en,Attribution-Noncommercial-No Derivative Works 2.0 UK: England ,487,,11,,[],Heart Attack
322,0,2008-11-26 01:57:43,2007-09-01 00:00:00,,1,108,"<p>What's this? One lion, two moles, two zoo keepers, improvised music, no rhythm? Can I take it, this excercise in free thinking? The grunting vocals, the vibrating rubber bands and noise of someone banging on the ceiling. Amusing digs at the modern warrior accompanied by electronic squonks and bips. They consist of one womble two cats and two traffic wardens and specialise in lurching blahism (hyperbolic and frothy sounds) and can be observed on stage dressed as shakespearian actors making unwelcome, ugly noises to the chagrin of many. An eccentric band of experimental musicians with a bizarre brand of rock disguised by weird noises. The worst jazz cords ever invented, excruciating tones  through various noise devices may bring chortles of laughter from the loopy denizens on the extreme arts fringe.</p>
<p>Jaywick jazz? I wouldn't play this to my dog. Dressing up as rocks Blah Blah Blah  are without doubt the weirdest bunch you could ever meet. Manes of electronic gadgetry with wind machines, this is an experience in pop - creepy then crawly examples of the emaciated psychedelic or psychic escapist elements of post-punk music.</p>
<p><strong>In this Green Collection you get 19 fresh Blah tracks for 2007 for your enjoyment.</strong></p>
<p><strong>So listen out for the weatherman, splish spladdy out on the farm and watch out for the crocodiles.</strong></p>",2060,,[],Green Collection,0,Album,,,,"<p><a title=""Blah Latest"" href=""https://www.facebook.com/events/1428696104057184/"" target=""_blank"">CLICK HERE for Latest News</a></p>
<p> </p>
<p>History</p>
<p>Blah Blah Blah started out during the late 70s punk explosion creating sounds that were deliberately anti-music, anti-cool and above all totally unique.  Improvising on electronic instruments they ventured where no-one else dared go.  Their credo never to repeat a single number (even live) meant that everything was recorded for posterity.  Each session unearthed enough golden nuggets to make the journey worth it.  These gathered nuggets were then released as albums. In the 80s they appeared at the 1st Leeds Futurama Festival and were briefly grouped with the Futurists, sharing live bills alongside fledgling electro-poppers Depeche Mode and chanteuse Marc Almond. The division of live audiences into Blah haters and Blah lovers, often caused near-riots. They eventually retired from the limelight following an attempted live arson attack on band members by a nice fellow in the audience at their thirteenth gig in Stevenage. If you mixed The Residents with the Bonzo Dog Doodah Band and Captain Beefheart you might end up with Blah Blah Blah – whimsical, weird and totally barmy.  The influence of nursery rhymes, sea-shanties, trash literature and TV, and instruments sounding like something that’s escaped from the BBC Radiophonic Workshop.</p>",8,2008-11-26 01:55:23,20,84,,Colchester UK,,"Martin Croxford, Peter Wiggins, Vicky Jones, Ian Smith, Chris Andrews.",Blah Blah Blah,,"['blah blah blah', 'chris andrews']",http://sirhcswerdna.wix.com/chris-andrews#!blah-blah-blah/cbff,,training,large,256000,0,,2008-11-26 01:53:22,2007-09-01 00:00:00,110,1,Rock,[89],"[89, 12, 25]",,386,en,Attribution-Noncommercial-No Derivative Works 2.0 UK: England ,304,,11,,[],Shopping Bag
323,0,2008-11-26 01:57:43,2007-09-01 00:00:00,,1,108,"<p>What's this? One lion, two moles, two zoo keepers, improvised music, no rhythm? Can I take it, this excercise in free thinking? The grunting vocals, the vibrating rubber bands and noise of someone banging on the ceiling. Amusing digs at the modern warrior accompanied by electronic squonks and bips. They consist of one womble two cats and two traffic wardens and specialise in lurching blahism (hyperbolic and frothy sounds) and can be observed on stage dressed as shakespearian actors making unwelcome, ugly noises to the chagrin of many. An eccentric band of experimental musicians with a bizarre brand of rock disguised by weird noises. The worst jazz cords ever invented, excruciating tones  through various noise devices may bring chortles of laughter from the loopy denizens on the extreme arts fringe.</p>
<p>Jaywick jazz? I wouldn't play this to my dog. Dressing up as rocks Blah Blah Blah  are without doubt the weirdest bunch you could ever meet. Manes of electronic gadgetry with wind machines, this is an experience in pop - creepy then crawly examples of the emaciated psychedelic or psychic escapist elements of post-punk music.</p>
<p><strong>In this Green Collection you get 19 fresh Blah tracks for 2007 for your enjoyment.</strong></p>
<p><strong>So listen out for the weatherman, splish spladdy out on the farm and watch out for the crocodiles.</strong></p>",2060,,[],Green Collection,0,Album,,,,"<p><a title=""Blah Latest"" href=""https://www.facebook.com/events/1428696104057184/"" target=""_blank"">CLICK HERE for Latest News</a></p>
<p> </p>
<p>History</p>
<p>Blah Blah Blah started out during the late 70s punk explosion creating sounds that were deliberately anti-music, anti-cool and above all totally unique.  Improvising on electronic instruments they ventured where no-one else dared go.  Their credo never to repeat a single number (even live) meant that everything was recorded for posterity.  Each session unearthed enough golden nuggets to make the journey worth it.  These gathered nuggets were then released as albums. In the 80s they appeared at the 1st Leeds Futurama Festival and were briefly grouped with the Futurists, sharing live bills alongside fledgling electro-poppers Depeche Mode and chanteuse Marc Almond. The division of live audiences into Blah haters and Blah lovers, often caused near-riots. They eventually retired from the limelight following an attempted live arson attack on band members by a nice fellow in the audience at their thirteenth gig in Stevenage. If you mixed The Residents with the Bonzo Dog Doodah Band and Captain Beefheart you might end up with Blah Blah Blah – whimsical, weird and totally barmy.  The influence of nursery rhymes, sea-shanties, trash literature and TV, and instruments sounding like something that’s escaped from the BBC Radiophonic Workshop.</p>",8,2008-11-26 01:55:23,20,84,,Colchester UK,,"Martin Croxford, Peter Wiggins, Vicky Jones, Ian Smith, Chris Andrews.",Blah Blah Blah,,"['blah blah blah', 'chris andrews']",http://sirhcswerdna.wix.com/chris-andrews#!blah-blah-blah/cbff,,training,large,256000,0,,2008-11-26 01:53:24,2007-09-01 00:00:00,237,0,Rock,[89],"[89, 12, 25]",,171,en,Attribution-Noncommercial-No Derivative Works 2.0 UK: England ,94,,12,,[],Crocodile Song
324,0,2008-11-26 01:57:45,1982-04-06 00:00:00,,1,109,"<p>What's this? One lion, two moles, two zoo keepers, improvised music, no rhythm? Can I take it, this excercise in free thinking? The grunting vocals, the vibrating rubber bands and noise of someone banging on the ceiling. Amusing digs at the modern warrior accompanied by electronic squonks and bips. They consist of one womble two cats and two traffic wardens and specialise in lurching blahism (hyperbolic and frothy sounds) and can be observed on stage dressed as shakespearian actors making unwelcome, ugly noises to the chagrin of many. An eccentric band of experimental musicians with a bizarre brand of rock disguised by weird noises. The worst jazz cords ever invented, excruciating tones  through various noise devices may bring chortles of laughter from the loopy denizens on the extreme arts fringe.</p>
<p>Jaywick jazz? I wouldn't play this to my dog. Dressing up as rocks Blah Blah Blah  are without doubt the weirdest bunch you could ever meet. Manes of electronic gadgetry with wind machines, this is an experience in pop - creepy then crawly examples of the emaciated psychedelic or psychic escapist elements of post-punk music.<strong>In this Stripey Collection you also get Hands Beckoning, Central Park (from the Some Bizarre Album) and Travelling Transcontinental.So if you are in the hotel and its tropical holiday time do the rum rhumba until your feet meet.</strong></p>",3439,,[],Stripey Collection,0,Album,,,,"<p><a title=""Blah Latest"" href=""https://www.facebook.com/events/1428696104057184/"" target=""_blank"">CLICK HERE for Latest News</a></p>
<p> </p>
<p>History</p>
<p>Blah Blah Blah started out during the late 70s punk explosion creating sounds that were deliberately anti-music, anti-cool and above all totally unique.  Improvising on electronic instruments they ventured where no-one else dared go.  Their credo never to repeat a single number (even live) meant that everything was recorded for posterity.  Each session unearthed enough golden nuggets to make the journey worth it.  These gathered nuggets were then released as albums. In the 80s they appeared at the 1st Leeds Futurama Festival and were briefly grouped with the Futurists, sharing live bills alongside fledgling electro-poppers Depeche Mode and chanteuse Marc Almond. The division of live audiences into Blah haters and Blah lovers, often caused near-riots. They eventually retired from the limelight following an attempted live arson attack on band members by a nice fellow in the audience at their thirteenth gig in Stevenage. If you mixed The Residents with the Bonzo Dog Doodah Band and Captain Beefheart you might end up with Blah Blah Blah – whimsical, weird and totally barmy.  The influence of nursery rhymes, sea-shanties, trash literature and TV, and instruments sounding like something that’s escaped from the BBC Radiophonic Workshop.</p>",8,2008-11-26 01:55:23,20,84,,Colchester UK,,"Martin Croxford, Peter Wiggins, Vicky Jones, Ian Smith, Chris Andrews.",Blah Blah Blah,,"['blah blah blah', 'chris andrews']",http://sirhcswerdna.wix.com/chris-andrews#!blah-blah-blah/cbff,,training,large,256000,0,,2008-11-26 01:53:27,1982-11-26 00:00:00,120,0,Rock,[89],"[89, 12, 25]",,185,en,Attribution-Noncommercial-No Derivative Works 2.0 UK: England ,106,,12,,[],I just don't know
325,4,2008-11-26 01:57:48,1981-01-01 00:00:00,,1,110,"<p>What's this? One lion, two moles, two zoo keepers, improvised music, no rhythm? Can I take it, this excercise in free thinking? The grunting vocals, the vibrating rubber bands and noise of someone banging on the ceiling. Amusing digs at the modern warrior accompanied by electronic squonks and bips. They consist of one womble two cats and two traffic wardens and specialise in lurching blahism (hyperbolic and frothy sounds) and can be observed on stage dressed as shakespearian actors making unwelcome, ugly noises to the chagrin of many. An eccentric band of experimental musicians with a bizarre brand of rock disguised by weird noises. The worst jazz cords ever invented, excruciating tones  through various noise devices may bring chortles of laughter from the loopy denizens on the extreme arts fringe.Jaywick jazz? I wouldn't play this to my dog. Dressing up as rocks Blah Blah Blah  are without doubt the weirdest bunch you could ever meet. Manes of electronic gadgetry with wind machines, this is an experience in pop - creepy then crawly examples of the emaciated psychedelic or psychic escapist elements of post-punk music.That was the general view paraphrased from the music press (Sounds,NME,Melody Maker,Smash Hits) 1981-82Blah Records UK are offering all of this on three unforgetable liberating albums now available for download and CD.</p>
<p>In this Gold Collection you also get the singles In the Army and Why Diddle?  So if your mother was a radiator and the natives are restless hunting weazels outside the veg shop, go down to soho and itch your pants.</p>",4250,,[],Gold Collection,0,Album,,,,"<p><a title=""Blah Latest"" href=""https://www.facebook.com/events/1428696104057184/"" target=""_blank"">CLICK HERE for Latest News</a></p>
<p> </p>
<p>History</p>
<p>Blah Blah Blah started out during the late 70s punk explosion creating sounds that were deliberately anti-music, anti-cool and above all totally unique.  Improvising on electronic instruments they ventured where no-one else dared go.  Their credo never to repeat a single number (even live) meant that everything was recorded for posterity.  Each session unearthed enough golden nuggets to make the journey worth it.  These gathered nuggets were then released as albums. In the 80s they appeared at the 1st Leeds Futurama Festival and were briefly grouped with the Futurists, sharing live bills alongside fledgling electro-poppers Depeche Mode and chanteuse Marc Almond. The division of live audiences into Blah haters and Blah lovers, often caused near-riots. They eventually retired from the limelight following an attempted live arson attack on band members by a nice fellow in the audience at their thirteenth gig in Stevenage. If you mixed The Residents with the Bonzo Dog Doodah Band and Captain Beefheart you might end up with Blah Blah Blah – whimsical, weird and totally barmy.  The influence of nursery rhymes, sea-shanties, trash literature and TV, and instruments sounding like something that’s escaped from the BBC Radiophonic Workshop.</p>",8,2008-11-26 01:55:23,20,84,,Colchester UK,,"Martin Croxford, Peter Wiggins, Vicky Jones, Ian Smith, Chris Andrews.",Blah Blah Blah,,"['blah blah blah', 'chris andrews']",http://sirhcswerdna.wix.com/chris-andrews#!blah-blah-blah/cbff,,training,large,256000,0,,2008-11-26 01:53:29,1981-01-01 00:00:00,199,2,Rock,[89],"[89, 12, 25]",,300,en,Attribution-Noncommercial-No Derivative Works 2.0 UK: England ,217,,12,,[],Liquidizing Chickens
326,0,2008-11-26 01:57:45,1982-04-06 00:00:00,,1,109,"<p>What's this? One lion, two moles, two zoo keepers, improvised music, no rhythm? Can I take it, this excercise in free thinking? The grunting vocals, the vibrating rubber bands and noise of someone banging on the ceiling. Amusing digs at the modern warrior accompanied by electronic squonks and bips. They consist of one womble two cats and two traffic wardens and specialise in lurching blahism (hyperbolic and frothy sounds) and can be observed on stage dressed as shakespearian actors making unwelcome, ugly noises to the chagrin of many. An eccentric band of experimental musicians with a bizarre brand of rock disguised by weird noises. The worst jazz cords ever invented, excruciating tones  through various noise devices may bring chortles of laughter from the loopy denizens on the extreme arts fringe.</p>
<p>Jaywick jazz? I wouldn't play this to my dog. Dressing up as rocks Blah Blah Blah  are without doubt the weirdest bunch you could ever meet. Manes of electronic gadgetry with wind machines, this is an experience in pop - creepy then crawly examples of the emaciated psychedelic or psychic escapist elements of post-punk music.<strong>In this Stripey Collection you also get Hands Beckoning, Central Park (from the Some Bizarre Album) and Travelling Transcontinental.So if you are in the hotel and its tropical holiday time do the rum rhumba until your feet meet.</strong></p>",3439,,[],Stripey Collection,0,Album,,,,"<p><a title=""Blah Latest"" href=""https://www.facebook.com/events/1428696104057184/"" target=""_blank"">CLICK HERE for Latest News</a></p>
<p> </p>
<p>History</p>
<p>Blah Blah Blah started out during the late 70s punk explosion creating sounds that were deliberately anti-music, anti-cool and above all totally unique.  Improvising on electronic instruments they ventured where no-one else dared go.  Their credo never to repeat a single number (even live) meant that everything was recorded for posterity.  Each session unearthed enough golden nuggets to make the journey worth it.  These gathered nuggets were then released as albums. In the 80s they appeared at the 1st Leeds Futurama Festival and were briefly grouped with the Futurists, sharing live bills alongside fledgling electro-poppers Depeche Mode and chanteuse Marc Almond. The division of live audiences into Blah haters and Blah lovers, often caused near-riots. They eventually retired from the limelight following an attempted live arson attack on band members by a nice fellow in the audience at their thirteenth gig in Stevenage. If you mixed The Residents with the Bonzo Dog Doodah Band and Captain Beefheart you might end up with Blah Blah Blah – whimsical, weird and totally barmy.  The influence of nursery rhymes, sea-shanties, trash literature and TV, and instruments sounding like something that’s escaped from the BBC Radiophonic Workshop.</p>",8,2008-11-26 01:55:23,20,84,,Colchester UK,,"Martin Croxford, Peter Wiggins, Vicky Jones, Ian Smith, Chris Andrews.",Blah Blah Blah,,"['blah blah blah', 'chris andrews']",http://sirhcswerdna.wix.com/chris-andrews#!blah-blah-blah/cbff,,training,large,256000,0,,2008-11-26 01:53:32,1982-11-26 00:00:00,105,0,Rock,[89],"[89, 12, 25]",,286,en,Attribution-Noncommercial-No Derivative Works 2.0 UK: England ,228,,13,,[],Burn
327,0,2008-11-26 01:57:45,1982-04-06 00:00:00,,1,109,"<p>What's this? One lion, two moles, two zoo keepers, improvised music, no rhythm? Can I take it, this excercise in free thinking? The grunting vocals, the vibrating rubber bands and noise of someone banging on the ceiling. Amusing digs at the modern warrior accompanied by electronic squonks and bips. They consist of one womble two cats and two traffic wardens and specialise in lurching blahism (hyperbolic and frothy sounds) and can be observed on stage dressed as shakespearian actors making unwelcome, ugly noises to the chagrin of many. An eccentric band of experimental musicians with a bizarre brand of rock disguised by weird noises. The worst jazz cords ever invented, excruciating tones  through various noise devices may bring chortles of laughter from the loopy denizens on the extreme arts fringe.</p>
<p>Jaywick jazz? I wouldn't play this to my dog. Dressing up as rocks Blah Blah Blah  are without doubt the weirdest bunch you could ever meet. Manes of electronic gadgetry with wind machines, this is an experience in pop - creepy then crawly examples of the emaciated psychedelic or psychic escapist elements of post-punk music.<strong>In this Stripey Collection you also get Hands Beckoning, Central Park (from the Some Bizarre Album) and Travelling Transcontinental.So if you are in the hotel and its tropical holiday time do the rum rhumba until your feet meet.</strong></p>",3439,,[],Stripey Collection,0,Album,,,,"<p><a title=""Blah Latest"" href=""https://www.facebook.com/events/1428696104057184/"" target=""_blank"">CLICK HERE for Latest News</a></p>
<p> </p>
<p>History</p>
<p>Blah Blah Blah started out during the late 70s punk explosion creating sounds that were deliberately anti-music, anti-cool and above all totally unique.  Improvising on electronic instruments they ventured where no-one else dared go.  Their credo never to repeat a single number (even live) meant that everything was recorded for posterity.  Each session unearthed enough golden nuggets to make the journey worth it.  These gathered nuggets were then released as albums. In the 80s they appeared at the 1st Leeds Futurama Festival and were briefly grouped with the Futurists, sharing live bills alongside fledgling electro-poppers Depeche Mode and chanteuse Marc Almond. The division of live audiences into Blah haters and Blah lovers, often caused near-riots. They eventually retired from the limelight following an attempted live arson attack on band members by a nice fellow in the audience at their thirteenth gig in Stevenage. If you mixed The Residents with the Bonzo Dog Doodah Band and Captain Beefheart you might end up with Blah Blah Blah – whimsical, weird and totally barmy.  The influence of nursery rhymes, sea-shanties, trash literature and TV, and instruments sounding like something that’s escaped from the BBC Radiophonic Workshop.</p>",8,2008-11-26 01:55:23,20,84,,Colchester UK,,"Martin Croxford, Peter Wiggins, Vicky Jones, Ian Smith, Chris Andrews.",Blah Blah Blah,,"['blah blah blah', 'chris andrews']",http://sirhcswerdna.wix.com/chris-andrews#!blah-blah-blah/cbff,,training,large,256000,0,,2008-11-26 01:53:33,1982-11-26 00:00:00,259,0,Rock,[89],"[89, 12, 25]",,234,en,Attribution-Noncommercial-No Derivative Works 2.0 UK: England ,164,,15,,[],Hands Beckoning
328,0,2008-11-26 01:57:45,1982-04-06 00:00:00,,1,109,"<p>What's this? One lion, two moles, two zoo keepers, improvised music, no rhythm? Can I take it, this excercise in free thinking? The grunting vocals, the vibrating rubber bands and noise of someone banging on the ceiling. Amusing digs at the modern warrior accompanied by electronic squonks and bips. They consist of one womble two cats and two traffic wardens and specialise in lurching blahism (hyperbolic and frothy sounds) and can be observed on stage dressed as shakespearian actors making unwelcome, ugly noises to the chagrin of many. An eccentric band of experimental musicians with a bizarre brand of rock disguised by weird noises. The worst jazz cords ever invented, excruciating tones  through various noise devices may bring chortles of laughter from the loopy denizens on the extreme arts fringe.</p>
<p>Jaywick jazz? I wouldn't play this to my dog. Dressing up as rocks Blah Blah Blah  are without doubt the weirdest bunch you could ever meet. Manes of electronic gadgetry with wind machines, this is an experience in pop - creepy then crawly examples of the emaciated psychedelic or psychic escapist elements of post-punk music.<strong>In this Stripey Collection you also get Hands Beckoning, Central Park (from the Some Bizarre Album) and Travelling Transcontinental.So if you are in the hotel and its tropical holiday time do the rum rhumba until your feet meet.</strong></p>",3439,,[],Stripey Collection,0,Album,,,,"<p><a title=""Blah Latest"" href=""https://www.facebook.com/events/1428696104057184/"" target=""_blank"">CLICK HERE for Latest News</a></p>
<p> </p>
<p>History</p>
<p>Blah Blah Blah started out during the late 70s punk explosion creating sounds that were deliberately anti-music, anti-cool and above all totally unique.  Improvising on electronic instruments they ventured where no-one else dared go.  Their credo never to repeat a single number (even live) meant that everything was recorded for posterity.  Each session unearthed enough golden nuggets to make the journey worth it.  These gathered nuggets were then released as albums. In the 80s they appeared at the 1st Leeds Futurama Festival and were briefly grouped with the Futurists, sharing live bills alongside fledgling electro-poppers Depeche Mode and chanteuse Marc Almond. The division of live audiences into Blah haters and Blah lovers, often caused near-riots. They eventually retired from the limelight following an attempted live arson attack on band members by a nice fellow in the audience at their thirteenth gig in Stevenage. If you mixed The Residents with the Bonzo Dog Doodah Band and Captain Beefheart you might end up with Blah Blah Blah – whimsical, weird and totally barmy.  The influence of nursery rhymes, sea-shanties, trash literature and TV, and instruments sounding like something that’s escaped from the BBC Radiophonic Workshop.</p>",8,2008-11-26 01:55:23,20,84,,Colchester UK,,"Martin Croxford, Peter Wiggins, Vicky Jones, Ian Smith, Chris Andrews.",Blah Blah Blah,,"['blah blah blah', 'chris andrews']",http://sirhcswerdna.wix.com/chris-andrews#!blah-blah-blah/cbff,,training,large,256000,0,,2008-11-26 01:53:37,1982-11-26 00:00:00,236,0,Rock,[89],"[89, 12, 25]",,328,en,Attribution-Noncommercial-No Derivative Works 2.0 UK: England ,254,,16,,[],Central Park
330,0,2008-11-26 01:57:43,2007-09-01 00:00:00,,1,108,"<p>What's this? One lion, two moles, two zoo keepers, improvised music, no rhythm? Can I take it, this excercise in free thinking? The grunting vocals, the vibrating rubber bands and noise of someone banging on the ceiling. Amusing digs at the modern warrior accompanied by electronic squonks and bips. They consist of one womble two cats and two traffic wardens and specialise in lurching blahism (hyperbolic and frothy sounds) and can be observed on stage dressed as shakespearian actors making unwelcome, ugly noises to the chagrin of many. An eccentric band of experimental musicians with a bizarre brand of rock disguised by weird noises. The worst jazz cords ever invented, excruciating tones  through various noise devices may bring chortles of laughter from the loopy denizens on the extreme arts fringe.</p>
<p>Jaywick jazz? I wouldn't play this to my dog. Dressing up as rocks Blah Blah Blah  are without doubt the weirdest bunch you could ever meet. Manes of electronic gadgetry with wind machines, this is an experience in pop - creepy then crawly examples of the emaciated psychedelic or psychic escapist elements of post-punk music.</p>
<p><strong>In this Green Collection you get 19 fresh Blah tracks for 2007 for your enjoyment.</strong></p>
<p><strong>So listen out for the weatherman, splish spladdy out on the farm and watch out for the crocodiles.</strong></p>",2060,,[],Green Collection,0,Album,,,,"<p><a title=""Blah Latest"" href=""https://www.facebook.com/events/1428696104057184/"" target=""_blank"">CLICK HERE for Latest News</a></p>
<p> </p>
<p>History</p>
<p>Blah Blah Blah started out during the late 70s punk explosion creating sounds that were deliberately anti-music, anti-cool and above all totally unique.  Improvising on electronic instruments they ventured where no-one else dared go.  Their credo never to repeat a single number (even live) meant that everything was recorded for posterity.  Each session unearthed enough golden nuggets to make the journey worth it.  These gathered nuggets were then released as albums. In the 80s they appeared at the 1st Leeds Futurama Festival and were briefly grouped with the Futurists, sharing live bills alongside fledgling electro-poppers Depeche Mode and chanteuse Marc Almond. The division of live audiences into Blah haters and Blah lovers, often caused near-riots. They eventually retired from the limelight following an attempted live arson attack on band members by a nice fellow in the audience at their thirteenth gig in Stevenage. If you mixed The Residents with the Bonzo Dog Doodah Band and Captain Beefheart you might end up with Blah Blah Blah – whimsical, weird and totally barmy.  The influence of nursery rhymes, sea-shanties, trash literature and TV, and instruments sounding like something that’s escaped from the BBC Radiophonic Workshop.</p>",8,2008-11-26 01:55:23,20,84,,Colchester UK,,"Martin Croxford, Peter Wiggins, Vicky Jones, Ian Smith, Chris Andrews.",Blah Blah Blah,,"['blah blah blah', 'chris andrews']",http://sirhcswerdna.wix.com/chris-andrews#!blah-blah-blah/cbff,,training,large,256000,0,,2008-11-26 01:53:43,2007-09-01 00:00:00,270,0,Rock,[89],"[89, 12, 25]",,146,en,Attribution-Noncommercial-No Derivative Works 2.0 UK: England ,58,,17,,[],White Man
331,0,2008-11-26 01:57:43,2007-09-01 00:00:00,,1,108,"<p>What's this? One lion, two moles, two zoo keepers, improvised music, no rhythm? Can I take it, this excercise in free thinking? The grunting vocals, the vibrating rubber bands and noise of someone banging on the ceiling. Amusing digs at the modern warrior accompanied by electronic squonks and bips. They consist of one womble two cats and two traffic wardens and specialise in lurching blahism (hyperbolic and frothy sounds) and can be observed on stage dressed as shakespearian actors making unwelcome, ugly noises to the chagrin of many. An eccentric band of experimental musicians with a bizarre brand of rock disguised by weird noises. The worst jazz cords ever invented, excruciating tones  through various noise devices may bring chortles of laughter from the loopy denizens on the extreme arts fringe.</p>
<p>Jaywick jazz? I wouldn't play this to my dog. Dressing up as rocks Blah Blah Blah  are without doubt the weirdest bunch you could ever meet. Manes of electronic gadgetry with wind machines, this is an experience in pop - creepy then crawly examples of the emaciated psychedelic or psychic escapist elements of post-punk music.</p>
<p><strong>In this Green Collection you get 19 fresh Blah tracks for 2007 for your enjoyment.</strong></p>
<p><strong>So listen out for the weatherman, splish spladdy out on the farm and watch out for the crocodiles.</strong></p>",2060,,[],Green Collection,0,Album,,,,"<p><a title=""Blah Latest"" href=""https://www.facebook.com/events/1428696104057184/"" target=""_blank"">CLICK HERE for Latest News</a></p>
<p> </p>
<p>History</p>
<p>Blah Blah Blah started out during the late 70s punk explosion creating sounds that were deliberately anti-music, anti-cool and above all totally unique.  Improvising on electronic instruments they ventured where no-one else dared go.  Their credo never to repeat a single number (even live) meant that everything was recorded for posterity.  Each session unearthed enough golden nuggets to make the journey worth it.  These gathered nuggets were then released as albums. In the 80s they appeared at the 1st Leeds Futurama Festival and were briefly grouped with the Futurists, sharing live bills alongside fledgling electro-poppers Depeche Mode and chanteuse Marc Almond. The division of live audiences into Blah haters and Blah lovers, often caused near-riots. They eventually retired from the limelight following an attempted live arson attack on band members by a nice fellow in the audience at their thirteenth gig in Stevenage. If you mixed The Residents with the Bonzo Dog Doodah Band and Captain Beefheart you might end up with Blah Blah Blah – whimsical, weird and totally barmy.  The influence of nursery rhymes, sea-shanties, trash literature and TV, and instruments sounding like something that’s escaped from the BBC Radiophonic Workshop.</p>",8,2008-11-26 01:55:23,20,84,,Colchester UK,,"Martin Croxford, Peter Wiggins, Vicky Jones, Ian Smith, Chris Andrews.",Blah Blah Blah,,"['blah blah blah', 'chris andrews']",http://sirhcswerdna.wix.com/chris-andrews#!blah-blah-blah/cbff,,training,large,256000,0,,2008-11-26 01:53:46,2007-09-01 00:00:00,214,0,Rock,[89],"[89, 12, 25]",,187,en,Attribution-Noncommercial-No Derivative Works 2.0 UK: England ,105,,19,,[],Weatherman
332,0,2008-11-26 01:58:50,2009-01-01 00:00:00,,1,112,"<p>What's this? One lion, two moles, two zoo keepers, improvised music, no rhythm? Can I take it, this excercise in free thinking? The grunting vocals, the vibrating rubber bands and noise of someone banging on the ceiling. Amusing digs at the modern warrior accompanied by electronic squonks and bips. They consist of one womble two cats and two traffic wardens and specialise in lurching blahism (hyperbolic and frothy sounds) and can be observed on stage dressed as shakespearian actors making unwelcome, ugly noises to the chagrin of many. An eccentric band of experimental musicians with a bizarre brand of rock disguised by weird noises. The worst jazz cords ever invented, excruciating tones&nbsp; through various noise devices may bring chortles of laughter from the loopy denizens on the extreme arts fringe.</p><p>Jaywick jazz? I wouldn't play this to my dog. Dressing up as rocks Blah Blah Blah&nbsp; are without doubt the weirdest bunch you could ever meet. Manes of electronic gadgetry with wind machines, this is an experience in pop - creepy then crawly examples of the emaciated psychedelic or psychic escapist elements of post-punk music<br></p><p><br></p><p>In this Anniversary Special you get an unforgettable 41 Free high quality mp3 downloads available only from the forthcoming WFMU Free Music Archive.</p><p>So go down to Denver to the 39th floor club with your Red Coated young girlfriend and see what's in the sugar bowl.<br mce_bogus=""1""></p>",11086,,[],30th Anniversary Blah Blah Blah,21,Album,,,,"<p><a title=""Blah Latest"" href=""https://www.facebook.com/events/1428696104057184/"" target=""_blank"">CLICK HERE for Latest News</a></p>
<p> </p>
<p>History</p>
<p>Blah Blah Blah started out during the late 70s punk explosion creating sounds that were deliberately anti-music, anti-cool and above all totally unique.  Improvising on electronic instruments they ventured where no-one else dared go.  Their credo never to repeat a single number (even live) meant that everything was recorded for posterity.  Each session unearthed enough golden nuggets to make the journey worth it.  These gathered nuggets were then released as albums. In the 80s they appeared at the 1st Leeds Futurama Festival and were briefly grouped with the Futurists, sharing live bills alongside fledgling electro-poppers Depeche Mode and chanteuse Marc Almond. The division of live audiences into Blah haters and Blah lovers, often caused near-riots. They eventually retired from the limelight following an attempted live arson attack on band members by a nice fellow in the audience at their thirteenth gig in Stevenage. If you mixed The Residents with the Bonzo Dog Doodah Band and Captain Beefheart you might end up with Blah Blah Blah – whimsical, weird and totally barmy.  The influence of nursery rhymes, sea-shanties, trash literature and TV, and instruments sounding like something that’s escaped from the BBC Radiophonic Workshop.</p>",8,2008-11-26 01:55:23,20,84,,Colchester UK,,"Martin Croxford, Peter Wiggins, Vicky Jones, Ian Smith, Chris Andrews.",Blah Blah Blah,,"['blah blah blah', 'chris andrews']",http://sirhcswerdna.wix.com/chris-andrews#!blah-blah-blah/cbff,,training,large,256000,0,,2008-11-26 01:53:49,2008-11-26 00:00:00,174,0,Rock,[89],"[89, 12, 25]",,139,en,Attribution-Noncommercial-No Derivative Works 2.0 UK: England ,76,,0,,[],39th floor Club
333,0,2008-11-26 01:58:50,2009-01-01 00:00:00,,1,112,"<p>What's this? One lion, two moles, two zoo keepers, improvised music, no rhythm? Can I take it, this excercise in free thinking? The grunting vocals, the vibrating rubber bands and noise of someone banging on the ceiling. Amusing digs at the modern warrior accompanied by electronic squonks and bips. They consist of one womble two cats and two traffic wardens and specialise in lurching blahism (hyperbolic and frothy sounds) and can be observed on stage dressed as shakespearian actors making unwelcome, ugly noises to the chagrin of many. An eccentric band of experimental musicians with a bizarre brand of rock disguised by weird noises. The worst jazz cords ever invented, excruciating tones&nbsp; through various noise devices may bring chortles of laughter from the loopy denizens on the extreme arts fringe.</p><p>Jaywick jazz? I wouldn't play this to my dog. Dressing up as rocks Blah Blah Blah&nbsp; are without doubt the weirdest bunch you could ever meet. Manes of electronic gadgetry with wind machines, this is an experience in pop - creepy then crawly examples of the emaciated psychedelic or psychic escapist elements of post-punk music<br></p><p><br></p><p>In this Anniversary Special you get an unforgettable 41 Free high quality mp3 downloads available only from the forthcoming WFMU Free Music Archive.</p><p>So go down to Denver to the 39th floor club with your Red Coated young girlfriend and see what's in the sugar bowl.<br mce_bogus=""1""></p>",11086,,[],30th Anniversary Blah Blah Blah,21,Album,,,,"<p><a title=""Blah Latest"" href=""https://www.facebook.com/events/1428696104057184/"" target=""_blank"">CLICK HERE for Latest News</a></p>
<p> </p>
<p>History</p>
<p>Blah Blah Blah started out during the late 70s punk explosion creating sounds that were deliberately anti-music, anti-cool and above all totally unique.  Improvising on electronic instruments they ventured where no-one else dared go.  Their credo never to repeat a single number (even live) meant that everything was recorded for posterity.  Each session unearthed enough golden nuggets to make the journey worth it.  These gathered nuggets were then released as albums. In the 80s they appeared at the 1st Leeds Futurama Festival and were briefly grouped with the Futurists, sharing live bills alongside fledgling electro-poppers Depeche Mode and chanteuse Marc Almond. The division of live audiences into Blah haters and Blah lovers, often caused near-riots. They eventually retired from the limelight following an attempted live arson attack on band members by a nice fellow in the audience at their thirteenth gig in Stevenage. If you mixed The Residents with the Bonzo Dog Doodah Band and Captain Beefheart you might end up with Blah Blah Blah – whimsical, weird and totally barmy.  The influence of nursery rhymes, sea-shanties, trash literature and TV, and instruments sounding like something that’s escaped from the BBC Radiophonic Workshop.</p>",8,2008-11-26 01:55:23,20,84,,Colchester UK,,"Martin Croxford, Peter Wiggins, Vicky Jones, Ian Smith, Chris Andrews.",Blah Blah Blah,,"['blah blah blah', 'chris andrews']",http://sirhcswerdna.wix.com/chris-andrews#!blah-blah-blah/cbff,,training,large,256000,0,,2008-11-26 01:53:51,1981-01-01 00:00:00,96,0,Rock,[89],"[89, 12, 25]",,423,en,Attribution-Noncommercial-No Derivative Works 2.0 UK: England ,322,,0,Cherry Red Music (UK),[],Blah intro
334,0,2008-11-26 01:58:50,2009-01-01 00:00:00,,1,112,"<p>What's this? One lion, two moles, two zoo keepers, improvised music, no rhythm? Can I take it, this excercise in free thinking? The grunting vocals, the vibrating rubber bands and noise of someone banging on the ceiling. Amusing digs at the modern warrior accompanied by electronic squonks and bips. They consist of one womble two cats and two traffic wardens and specialise in lurching blahism (hyperbolic and frothy sounds) and can be observed on stage dressed as shakespearian actors making unwelcome, ugly noises to the chagrin of many. An eccentric band of experimental musicians with a bizarre brand of rock disguised by weird noises. The worst jazz cords ever invented, excruciating tones&nbsp; through various noise devices may bring chortles of laughter from the loopy denizens on the extreme arts fringe.</p><p>Jaywick jazz? I wouldn't play this to my dog. Dressing up as rocks Blah Blah Blah&nbsp; are without doubt the weirdest bunch you could ever meet. Manes of electronic gadgetry with wind machines, this is an experience in pop - creepy then crawly examples of the emaciated psychedelic or psychic escapist elements of post-punk music<br></p><p><br></p><p>In this Anniversary Special you get an unforgettable 41 Free high quality mp3 downloads available only from the forthcoming WFMU Free Music Archive.</p><p>So go down to Denver to the 39th floor club with your Red Coated young girlfriend and see what's in the sugar bowl.<br mce_bogus=""1""></p>",11086,,[],30th Anniversary Blah Blah Blah,21,Album,,,,"<p><a title=""Blah Latest"" href=""https://www.facebook.com/events/1428696104057184/"" target=""_blank"">CLICK HERE for Latest News</a></p>
<p> </p>
<p>History</p>
<p>Blah Blah Blah started out during the late 70s punk explosion creating sounds that were deliberately anti-music, anti-cool and above all totally unique.  Improvising on electronic instruments they ventured where no-one else dared go.  Their credo never to repeat a single number (even live) meant that everything was recorded for posterity.  Each session unearthed enough golden nuggets to make the journey worth it.  These gathered nuggets were then released as albums. In the 80s they appeared at the 1st Leeds Futurama Festival and were briefly grouped with the Futurists, sharing live bills alongside fledgling electro-poppers Depeche Mode and chanteuse Marc Almond. The division of live audiences into Blah haters and Blah lovers, often caused near-riots. They eventually retired from the limelight following an attempted live arson attack on band members by a nice fellow in the audience at their thirteenth gig in Stevenage. If you mixed The Residents with the Bonzo Dog Doodah Band and Captain Beefheart you might end up with Blah Blah Blah – whimsical, weird and totally barmy.  The influence of nursery rhymes, sea-shanties, trash literature and TV, and instruments sounding like something that’s escaped from the BBC Radiophonic Workshop.</p>",8,2008-11-26 01:55:23,20,84,,Colchester UK,,"Martin Croxford, Peter Wiggins, Vicky Jones, Ian Smith, Chris Andrews.",Blah Blah Blah,,"['blah blah blah', 'chris andrews']",http://sirhcswerdna.wix.com/chris-andrews#!blah-blah-blah/cbff,,training,large,256000,0,,2008-11-26 01:53:53,1981-01-01 00:00:00,275,0,Rock,[89],"[89, 12, 25]",,405,en,Attribution-Noncommercial-No Derivative Works 2.0 UK: England ,388,,0,Cherry Red Music (UK),[],Blahpunk
335,0,2008-11-26 01:58:50,2009-01-01 00:00:00,,1,112,"<p>What's this? One lion, two moles, two zoo keepers, improvised music, no rhythm? Can I take it, this excercise in free thinking? The grunting vocals, the vibrating rubber bands and noise of someone banging on the ceiling. Amusing digs at the modern warrior accompanied by electronic squonks and bips. They consist of one womble two cats and two traffic wardens and specialise in lurching blahism (hyperbolic and frothy sounds) and can be observed on stage dressed as shakespearian actors making unwelcome, ugly noises to the chagrin of many. An eccentric band of experimental musicians with a bizarre brand of rock disguised by weird noises. The worst jazz cords ever invented, excruciating tones&nbsp; through various noise devices may bring chortles of laughter from the loopy denizens on the extreme arts fringe.</p><p>Jaywick jazz? I wouldn't play this to my dog. Dressing up as rocks Blah Blah Blah&nbsp; are without doubt the weirdest bunch you could ever meet. Manes of electronic gadgetry with wind machines, this is an experience in pop - creepy then crawly examples of the emaciated psychedelic or psychic escapist elements of post-punk music<br></p><p><br></p><p>In this Anniversary Special you get an unforgettable 41 Free high quality mp3 downloads available only from the forthcoming WFMU Free Music Archive.</p><p>So go down to Denver to the 39th floor club with your Red Coated young girlfriend and see what's in the sugar bowl.<br mce_bogus=""1""></p>",11086,,[],30th Anniversary Blah Blah Blah,21,Album,,,,"<p><a title=""Blah Latest"" href=""https://www.facebook.com/events/1428696104057184/"" target=""_blank"">CLICK HERE for Latest News</a></p>
<p> </p>
<p>History</p>
<p>Blah Blah Blah started out during the late 70s punk explosion creating sounds that were deliberately anti-music, anti-cool and above all totally unique.  Improvising on electronic instruments they ventured where no-one else dared go.  Their credo never to repeat a single number (even live) meant that everything was recorded for posterity.  Each session unearthed enough golden nuggets to make the journey worth it.  These gathered nuggets were then released as albums. In the 80s they appeared at the 1st Leeds Futurama Festival and were briefly grouped with the Futurists, sharing live bills alongside fledgling electro-poppers Depeche Mode and chanteuse Marc Almond. The division of live audiences into Blah haters and Blah lovers, often caused near-riots. They eventually retired from the limelight following an attempted live arson attack on band members by a nice fellow in the audience at their thirteenth gig in Stevenage. If you mixed The Residents with the Bonzo Dog Doodah Band and Captain Beefheart you might end up with Blah Blah Blah – whimsical, weird and totally barmy.  The influence of nursery rhymes, sea-shanties, trash literature and TV, and instruments sounding like something that’s escaped from the BBC Radiophonic Workshop.</p>",8,2008-11-26 01:55:23,20,84,,Colchester UK,,"Martin Croxford, Peter Wiggins, Vicky Jones, Ian Smith, Chris Andrews.",Blah Blah Blah,,"['blah blah blah', 'chris andrews']",http://sirhcswerdna.wix.com/chris-andrews#!blah-blah-blah/cbff,,training,large,256000,0,,2008-11-26 01:53:57,1981-01-01 00:00:00,188,1,Rock,[89],"[89, 12, 25]",,303,en,Attribution-Noncommercial-No Derivative Works 2.0 UK: England ,225,,0,Cherry Red Music (UK),[],Bored
336,0,2008-11-26 01:58:50,2009-01-01 00:00:00,,1,112,"<p>What's this? One lion, two moles, two zoo keepers, improvised music, no rhythm? Can I take it, this excercise in free thinking? The grunting vocals, the vibrating rubber bands and noise of someone banging on the ceiling. Amusing digs at the modern warrior accompanied by electronic squonks and bips. They consist of one womble two cats and two traffic wardens and specialise in lurching blahism (hyperbolic and frothy sounds) and can be observed on stage dressed as shakespearian actors making unwelcome, ugly noises to the chagrin of many. An eccentric band of experimental musicians with a bizarre brand of rock disguised by weird noises. The worst jazz cords ever invented, excruciating tones&nbsp; through various noise devices may bring chortles of laughter from the loopy denizens on the extreme arts fringe.</p><p>Jaywick jazz? I wouldn't play this to my dog. Dressing up as rocks Blah Blah Blah&nbsp; are without doubt the weirdest bunch you could ever meet. Manes of electronic gadgetry with wind machines, this is an experience in pop - creepy then crawly examples of the emaciated psychedelic or psychic escapist elements of post-punk music<br></p><p><br></p><p>In this Anniversary Special you get an unforgettable 41 Free high quality mp3 downloads available only from the forthcoming WFMU Free Music Archive.</p><p>So go down to Denver to the 39th floor club with your Red Coated young girlfriend and see what's in the sugar bowl.<br mce_bogus=""1""></p>",11086,,[],30th Anniversary Blah Blah Blah,21,Album,,,,"<p><a title=""Blah Latest"" href=""https://www.facebook.com/events/1428696104057184/"" target=""_blank"">CLICK HERE for Latest News</a></p>
<p> </p>
<p>History</p>
<p>Blah Blah Blah started out during the late 70s punk explosion creating sounds that were deliberately anti-music, anti-cool and above all totally unique.  Improvising on electronic instruments they ventured where no-one else dared go.  Their credo never to repeat a single number (even live) meant that everything was recorded for posterity.  Each session unearthed enough golden nuggets to make the journey worth it.  These gathered nuggets were then released as albums. In the 80s they appeared at the 1st Leeds Futurama Festival and were briefly grouped with the Futurists, sharing live bills alongside fledgling electro-poppers Depeche Mode and chanteuse Marc Almond. The division of live audiences into Blah haters and Blah lovers, often caused near-riots. They eventually retired from the limelight following an attempted live arson attack on band members by a nice fellow in the audience at their thirteenth gig in Stevenage. If you mixed The Residents with the Bonzo Dog Doodah Band and Captain Beefheart you might end up with Blah Blah Blah – whimsical, weird and totally barmy.  The influence of nursery rhymes, sea-shanties, trash literature and TV, and instruments sounding like something that’s escaped from the BBC Radiophonic Workshop.</p>",8,2008-11-26 01:55:23,20,84,,Colchester UK,,"Martin Croxford, Peter Wiggins, Vicky Jones, Ian Smith, Chris Andrews.",Blah Blah Blah,,"['blah blah blah', 'chris andrews']",http://sirhcswerdna.wix.com/chris-andrews#!blah-blah-blah/cbff,,training,large,256000,0,,2008-11-26 01:53:59,1981-01-01 00:00:00,204,0,Rock,[89],"[89, 12, 25]",,226,en,Attribution-Noncommercial-No Derivative Works 2.0 UK: England ,144,,0,Cherry Red Music (UK),[],Breeder
337,0,2008-11-26 01:58:50,2009-01-01 00:00:00,,1,112,"<p>What's this? One lion, two moles, two zoo keepers, improvised music, no rhythm? Can I take it, this excercise in free thinking? The grunting vocals, the vibrating rubber bands and noise of someone banging on the ceiling. Amusing digs at the modern warrior accompanied by electronic squonks and bips. They consist of one womble two cats and two traffic wardens and specialise in lurching blahism (hyperbolic and frothy sounds) and can be observed on stage dressed as shakespearian actors making unwelcome, ugly noises to the chagrin of many. An eccentric band of experimental musicians with a bizarre brand of rock disguised by weird noises. The worst jazz cords ever invented, excruciating tones&nbsp; through various noise devices may bring chortles of laughter from the loopy denizens on the extreme arts fringe.</p><p>Jaywick jazz? I wouldn't play this to my dog. Dressing up as rocks Blah Blah Blah&nbsp; are without doubt the weirdest bunch you could ever meet. Manes of electronic gadgetry with wind machines, this is an experience in pop - creepy then crawly examples of the emaciated psychedelic or psychic escapist elements of post-punk music<br></p><p><br></p><p>In this Anniversary Special you get an unforgettable 41 Free high quality mp3 downloads available only from the forthcoming WFMU Free Music Archive.</p><p>So go down to Denver to the 39th floor club with your Red Coated young girlfriend and see what's in the sugar bowl.<br mce_bogus=""1""></p>",11086,,[],30th Anniversary Blah Blah Blah,21,Album,,,,"<p><a title=""Blah Latest"" href=""https://www.facebook.com/events/1428696104057184/"" target=""_blank"">CLICK HERE for Latest News</a></p>
<p> </p>
<p>History</p>
<p>Blah Blah Blah started out during the late 70s punk explosion creating sounds that were deliberately anti-music, anti-cool and above all totally unique.  Improvising on electronic instruments they ventured where no-one else dared go.  Their credo never to repeat a single number (even live) meant that everything was recorded for posterity.  Each session unearthed enough golden nuggets to make the journey worth it.  These gathered nuggets were then released as albums. In the 80s they appeared at the 1st Leeds Futurama Festival and were briefly grouped with the Futurists, sharing live bills alongside fledgling electro-poppers Depeche Mode and chanteuse Marc Almond. The division of live audiences into Blah haters and Blah lovers, often caused near-riots. They eventually retired from the limelight following an attempted live arson attack on band members by a nice fellow in the audience at their thirteenth gig in Stevenage. If you mixed The Residents with the Bonzo Dog Doodah Band and Captain Beefheart you might end up with Blah Blah Blah – whimsical, weird and totally barmy.  The influence of nursery rhymes, sea-shanties, trash literature and TV, and instruments sounding like something that’s escaped from the BBC Radiophonic Workshop.</p>",8,2008-11-26 01:55:23,20,84,,Colchester UK,,"Martin Croxford, Peter Wiggins, Vicky Jones, Ian Smith, Chris Andrews.",Blah Blah Blah,,"['blah blah blah', 'chris andrews']",http://sirhcswerdna.wix.com/chris-andrews#!blah-blah-blah/cbff,,training,large,256000,0,,2008-11-26 01:54:02,1981-01-01 00:00:00,271,0,Rock,[89],"[89, 12, 25]",,279,en,Attribution-Noncommercial-No Derivative Works 2.0 UK: England ,195,,0,Cherry Red Music (UK),[],Brian's Garage
338,0,2008-11-26 01:58:50,2009-01-01 00:00:00,,1,112,"<p>What's this? One lion, two moles, two zoo keepers, improvised music, no rhythm? Can I take it, this excercise in free thinking? The grunting vocals, the vibrating rubber bands and noise of someone banging on the ceiling. Amusing digs at the modern warrior accompanied by electronic squonks and bips. They consist of one womble two cats and two traffic wardens and specialise in lurching blahism (hyperbolic and frothy sounds) and can be observed on stage dressed as shakespearian actors making unwelcome, ugly noises to the chagrin of many. An eccentric band of experimental musicians with a bizarre brand of rock disguised by weird noises. The worst jazz cords ever invented, excruciating tones&nbsp; through various noise devices may bring chortles of laughter from the loopy denizens on the extreme arts fringe.</p><p>Jaywick jazz? I wouldn't play this to my dog. Dressing up as rocks Blah Blah Blah&nbsp; are without doubt the weirdest bunch you could ever meet. Manes of electronic gadgetry with wind machines, this is an experience in pop - creepy then crawly examples of the emaciated psychedelic or psychic escapist elements of post-punk music<br></p><p><br></p><p>In this Anniversary Special you get an unforgettable 41 Free high quality mp3 downloads available only from the forthcoming WFMU Free Music Archive.</p><p>So go down to Denver to the 39th floor club with your Red Coated young girlfriend and see what's in the sugar bowl.<br mce_bogus=""1""></p>",11086,,[],30th Anniversary Blah Blah Blah,21,Album,,,,"<p><a title=""Blah Latest"" href=""https://www.facebook.com/events/1428696104057184/"" target=""_blank"">CLICK HERE for Latest News</a></p>
<p> </p>
<p>History</p>
<p>Blah Blah Blah started out during the late 70s punk explosion creating sounds that were deliberately anti-music, anti-cool and above all totally unique.  Improvising on electronic instruments they ventured where no-one else dared go.  Their credo never to repeat a single number (even live) meant that everything was recorded for posterity.  Each session unearthed enough golden nuggets to make the journey worth it.  These gathered nuggets were then released as albums. In the 80s they appeared at the 1st Leeds Futurama Festival and were briefly grouped with the Futurists, sharing live bills alongside fledgling electro-poppers Depeche Mode and chanteuse Marc Almond. The division of live audiences into Blah haters and Blah lovers, often caused near-riots. They eventually retired from the limelight following an attempted live arson attack on band members by a nice fellow in the audience at their thirteenth gig in Stevenage. If you mixed The Residents with the Bonzo Dog Doodah Band and Captain Beefheart you might end up with Blah Blah Blah – whimsical, weird and totally barmy.  The influence of nursery rhymes, sea-shanties, trash literature and TV, and instruments sounding like something that’s escaped from the BBC Radiophonic Workshop.</p>",8,2008-11-26 01:55:23,20,84,,Colchester UK,,"Martin Croxford, Peter Wiggins, Vicky Jones, Ian Smith, Chris Andrews.",Blah Blah Blah,,"['blah blah blah', 'chris andrews']",http://sirhcswerdna.wix.com/chris-andrews#!blah-blah-blah/cbff,,training,large,256000,0,,2008-11-26 01:54:06,1981-01-01 00:00:00,88,0,Rock,[89],"[89, 12, 25]",,196,en,Attribution-Noncommercial-No Derivative Works 2.0 UK: England ,160,,0,Cherry Red Music (UK),[],Cabages in the sunset
339,0,2008-11-26 01:58:50,2009-01-01 00:00:00,,1,112,"<p>What's this? One lion, two moles, two zoo keepers, improvised music, no rhythm? Can I take it, this excercise in free thinking? The grunting vocals, the vibrating rubber bands and noise of someone banging on the ceiling. Amusing digs at the modern warrior accompanied by electronic squonks and bips. They consist of one womble two cats and two traffic wardens and specialise in lurching blahism (hyperbolic and frothy sounds) and can be observed on stage dressed as shakespearian actors making unwelcome, ugly noises to the chagrin of many. An eccentric band of experimental musicians with a bizarre brand of rock disguised by weird noises. The worst jazz cords ever invented, excruciating tones&nbsp; through various noise devices may bring chortles of laughter from the loopy denizens on the extreme arts fringe.</p><p>Jaywick jazz? I wouldn't play this to my dog. Dressing up as rocks Blah Blah Blah&nbsp; are without doubt the weirdest bunch you could ever meet. Manes of electronic gadgetry with wind machines, this is an experience in pop - creepy then crawly examples of the emaciated psychedelic or psychic escapist elements of post-punk music<br></p><p><br></p><p>In this Anniversary Special you get an unforgettable 41 Free high quality mp3 downloads available only from the forthcoming WFMU Free Music Archive.</p><p>So go down to Denver to the 39th floor club with your Red Coated young girlfriend and see what's in the sugar bowl.<br mce_bogus=""1""></p>",11086,,[],30th Anniversary Blah Blah Blah,21,Album,,,,"<p><a title=""Blah Latest"" href=""https://www.facebook.com/events/1428696104057184/"" target=""_blank"">CLICK HERE for Latest News</a></p>
<p> </p>
<p>History</p>
<p>Blah Blah Blah started out during the late 70s punk explosion creating sounds that were deliberately anti-music, anti-cool and above all totally unique.  Improvising on electronic instruments they ventured where no-one else dared go.  Their credo never to repeat a single number (even live) meant that everything was recorded for posterity.  Each session unearthed enough golden nuggets to make the journey worth it.  These gathered nuggets were then released as albums. In the 80s they appeared at the 1st Leeds Futurama Festival and were briefly grouped with the Futurists, sharing live bills alongside fledgling electro-poppers Depeche Mode and chanteuse Marc Almond. The division of live audiences into Blah haters and Blah lovers, often caused near-riots. They eventually retired from the limelight following an attempted live arson attack on band members by a nice fellow in the audience at their thirteenth gig in Stevenage. If you mixed The Residents with the Bonzo Dog Doodah Band and Captain Beefheart you might end up with Blah Blah Blah – whimsical, weird and totally barmy.  The influence of nursery rhymes, sea-shanties, trash literature and TV, and instruments sounding like something that’s escaped from the BBC Radiophonic Workshop.</p>",8,2008-11-26 01:55:23,20,84,,Colchester UK,,"Martin Croxford, Peter Wiggins, Vicky Jones, Ian Smith, Chris Andrews.",Blah Blah Blah,,"['blah blah blah', 'chris andrews']",http://sirhcswerdna.wix.com/chris-andrews#!blah-blah-blah/cbff,,training,large,256000,0,,2008-11-26 01:54:08,1981-01-01 00:00:00,110,0,Rock,[89],"[89, 12, 25]",,177,en,Attribution-Noncommercial-No Derivative Works 2.0 UK: England ,118,,0,Cherry Red Music (UK),[],Chimpanzees disease
340,0,2008-11-26 01:58:50,2009-01-01 00:00:00,,1,112,"<p>What's this? One lion, two moles, two zoo keepers, improvised music, no rhythm? Can I take it, this excercise in free thinking? The grunting vocals, the vibrating rubber bands and noise of someone banging on the ceiling. Amusing digs at the modern warrior accompanied by electronic squonks and bips. They consist of one womble two cats and two traffic wardens and specialise in lurching blahism (hyperbolic and frothy sounds) and can be observed on stage dressed as shakespearian actors making unwelcome, ugly noises to the chagrin of many. An eccentric band of experimental musicians with a bizarre brand of rock disguised by weird noises. The worst jazz cords ever invented, excruciating tones&nbsp; through various noise devices may bring chortles of laughter from the loopy denizens on the extreme arts fringe.</p><p>Jaywick jazz? I wouldn't play this to my dog. Dressing up as rocks Blah Blah Blah&nbsp; are without doubt the weirdest bunch you could ever meet. Manes of electronic gadgetry with wind machines, this is an experience in pop - creepy then crawly examples of the emaciated psychedelic or psychic escapist elements of post-punk music<br></p><p><br></p><p>In this Anniversary Special you get an unforgettable 41 Free high quality mp3 downloads available only from the forthcoming WFMU Free Music Archive.</p><p>So go down to Denver to the 39th floor club with your Red Coated young girlfriend and see what's in the sugar bowl.<br mce_bogus=""1""></p>",11086,,[],30th Anniversary Blah Blah Blah,21,Album,,,,"<p><a title=""Blah Latest"" href=""https://www.facebook.com/events/1428696104057184/"" target=""_blank"">CLICK HERE for Latest News</a></p>
<p> </p>
<p>History</p>
<p>Blah Blah Blah started out during the late 70s punk explosion creating sounds that were deliberately anti-music, anti-cool and above all totally unique.  Improvising on electronic instruments they ventured where no-one else dared go.  Their credo never to repeat a single number (even live) meant that everything was recorded for posterity.  Each session unearthed enough golden nuggets to make the journey worth it.  These gathered nuggets were then released as albums. In the 80s they appeared at the 1st Leeds Futurama Festival and were briefly grouped with the Futurists, sharing live bills alongside fledgling electro-poppers Depeche Mode and chanteuse Marc Almond. The division of live audiences into Blah haters and Blah lovers, often caused near-riots. They eventually retired from the limelight following an attempted live arson attack on band members by a nice fellow in the audience at their thirteenth gig in Stevenage. If you mixed The Residents with the Bonzo Dog Doodah Band and Captain Beefheart you might end up with Blah Blah Blah – whimsical, weird and totally barmy.  The influence of nursery rhymes, sea-shanties, trash literature and TV, and instruments sounding like something that’s escaped from the BBC Radiophonic Workshop.</p>",8,2008-11-26 01:55:23,20,84,,Colchester UK,,"Martin Croxford, Peter Wiggins, Vicky Jones, Ian Smith, Chris Andrews.",Blah Blah Blah,,"['blah blah blah', 'chris andrews']",http://sirhcswerdna.wix.com/chris-andrews#!blah-blah-blah/cbff,,training,large,256000,0,,2008-11-26 01:54:10,1981-01-01 00:00:00,142,0,Rock,[89],"[89, 12, 25]",,363,en,Attribution-Noncommercial-No Derivative Works 2.0 UK: England ,281,,0,Cherry Red Music (UK),[],Circles in London
341,0,2008-11-26 01:58:50,2009-01-01 00:00:00,,1,112,"<p>What's this? One lion, two moles, two zoo keepers, improvised music, no rhythm? Can I take it, this excercise in free thinking? The grunting vocals, the vibrating rubber bands and noise of someone banging on the ceiling. Amusing digs at the modern warrior accompanied by electronic squonks and bips. They consist of one womble two cats and two traffic wardens and specialise in lurching blahism (hyperbolic and frothy sounds) and can be observed on stage dressed as shakespearian actors making unwelcome, ugly noises to the chagrin of many. An eccentric band of experimental musicians with a bizarre brand of rock disguised by weird noises. The worst jazz cords ever invented, excruciating tones&nbsp; through various noise devices may bring chortles of laughter from the loopy denizens on the extreme arts fringe.</p><p>Jaywick jazz? I wouldn't play this to my dog. Dressing up as rocks Blah Blah Blah&nbsp; are without doubt the weirdest bunch you could ever meet. Manes of electronic gadgetry with wind machines, this is an experience in pop - creepy then crawly examples of the emaciated psychedelic or psychic escapist elements of post-punk music<br></p><p><br></p><p>In this Anniversary Special you get an unforgettable 41 Free high quality mp3 downloads available only from the forthcoming WFMU Free Music Archive.</p><p>So go down to Denver to the 39th floor club with your Red Coated young girlfriend and see what's in the sugar bowl.<br mce_bogus=""1""></p>",11086,,[],30th Anniversary Blah Blah Blah,21,Album,,,,"<p><a title=""Blah Latest"" href=""https://www.facebook.com/events/1428696104057184/"" target=""_blank"">CLICK HERE for Latest News</a></p>
<p> </p>
<p>History</p>
<p>Blah Blah Blah started out during the late 70s punk explosion creating sounds that were deliberately anti-music, anti-cool and above all totally unique.  Improvising on electronic instruments they ventured where no-one else dared go.  Their credo never to repeat a single number (even live) meant that everything was recorded for posterity.  Each session unearthed enough golden nuggets to make the journey worth it.  These gathered nuggets were then released as albums. In the 80s they appeared at the 1st Leeds Futurama Festival and were briefly grouped with the Futurists, sharing live bills alongside fledgling electro-poppers Depeche Mode and chanteuse Marc Almond. The division of live audiences into Blah haters and Blah lovers, often caused near-riots. They eventually retired from the limelight following an attempted live arson attack on band members by a nice fellow in the audience at their thirteenth gig in Stevenage. If you mixed The Residents with the Bonzo Dog Doodah Band and Captain Beefheart you might end up with Blah Blah Blah – whimsical, weird and totally barmy.  The influence of nursery rhymes, sea-shanties, trash literature and TV, and instruments sounding like something that’s escaped from the BBC Radiophonic Workshop.</p>",8,2008-11-26 01:55:23,20,84,,Colchester UK,,"Martin Croxford, Peter Wiggins, Vicky Jones, Ian Smith, Chris Andrews.",Blah Blah Blah,,"['blah blah blah', 'chris andrews']",http://sirhcswerdna.wix.com/chris-andrews#!blah-blah-blah/cbff,,training,medium,256000,0,,2008-11-26 01:54:11,1981-01-01 00:00:00,84,0,Rock,[89],"[89, 12, 25]",,1498,en,Attribution-Noncommercial-No Derivative Works 2.0 UK: England ,1629,,0,Cherry Red Music (UK),[],Count Dracula's castle
342,0,2008-11-26 01:58:50,2009-01-01 00:00:00,,1,112,"<p>What's this? One lion, two moles, two zoo keepers, improvised music, no rhythm? Can I take it, this excercise in free thinking? The grunting vocals, the vibrating rubber bands and noise of someone banging on the ceiling. Amusing digs at the modern warrior accompanied by electronic squonks and bips. They consist of one womble two cats and two traffic wardens and specialise in lurching blahism (hyperbolic and frothy sounds) and can be observed on stage dressed as shakespearian actors making unwelcome, ugly noises to the chagrin of many. An eccentric band of experimental musicians with a bizarre brand of rock disguised by weird noises. The worst jazz cords ever invented, excruciating tones&nbsp; through various noise devices may bring chortles of laughter from the loopy denizens on the extreme arts fringe.</p><p>Jaywick jazz? I wouldn't play this to my dog. Dressing up as rocks Blah Blah Blah&nbsp; are without doubt the weirdest bunch you could ever meet. Manes of electronic gadgetry with wind machines, this is an experience in pop - creepy then crawly examples of the emaciated psychedelic or psychic escapist elements of post-punk music<br></p><p><br></p><p>In this Anniversary Special you get an unforgettable 41 Free high quality mp3 downloads available only from the forthcoming WFMU Free Music Archive.</p><p>So go down to Denver to the 39th floor club with your Red Coated young girlfriend and see what's in the sugar bowl.<br mce_bogus=""1""></p>",11086,,[],30th Anniversary Blah Blah Blah,21,Album,,,,"<p><a title=""Blah Latest"" href=""https://www.facebook.com/events/1428696104057184/"" target=""_blank"">CLICK HERE for Latest News</a></p>
<p> </p>
<p>History</p>
<p>Blah Blah Blah started out during the late 70s punk explosion creating sounds that were deliberately anti-music, anti-cool and above all totally unique.  Improvising on electronic instruments they ventured where no-one else dared go.  Their credo never to repeat a single number (even live) meant that everything was recorded for posterity.  Each session unearthed enough golden nuggets to make the journey worth it.  These gathered nuggets were then released as albums. In the 80s they appeared at the 1st Leeds Futurama Festival and were briefly grouped with the Futurists, sharing live bills alongside fledgling electro-poppers Depeche Mode and chanteuse Marc Almond. The division of live audiences into Blah haters and Blah lovers, often caused near-riots. They eventually retired from the limelight following an attempted live arson attack on band members by a nice fellow in the audience at their thirteenth gig in Stevenage. If you mixed The Residents with the Bonzo Dog Doodah Band and Captain Beefheart you might end up with Blah Blah Blah – whimsical, weird and totally barmy.  The influence of nursery rhymes, sea-shanties, trash literature and TV, and instruments sounding like something that’s escaped from the BBC Radiophonic Workshop.</p>",8,2008-11-26 01:55:23,20,84,,Colchester UK,,"Martin Croxford, Peter Wiggins, Vicky Jones, Ian Smith, Chris Andrews.",Blah Blah Blah,,"['blah blah blah', 'chris andrews']",http://sirhcswerdna.wix.com/chris-andrews#!blah-blah-blah/cbff,,training,large,256000,0,,2008-11-26 01:54:13,1981-01-01 00:00:00,55,0,Rock,[89],"[89, 12, 25]",,240,en,Attribution-Noncommercial-No Derivative Works 2.0 UK: England ,165,,0,Cherry Red Music (UK),[],Crash
343,0,2008-11-26 01:58:50,2009-01-01 00:00:00,,1,112,"<p>What's this? One lion, two moles, two zoo keepers, improvised music, no rhythm? Can I take it, this excercise in free thinking? The grunting vocals, the vibrating rubber bands and noise of someone banging on the ceiling. Amusing digs at the modern warrior accompanied by electronic squonks and bips. They consist of one womble two cats and two traffic wardens and specialise in lurching blahism (hyperbolic and frothy sounds) and can be observed on stage dressed as shakespearian actors making unwelcome, ugly noises to the chagrin of many. An eccentric band of experimental musicians with a bizarre brand of rock disguised by weird noises. The worst jazz cords ever invented, excruciating tones&nbsp; through various noise devices may bring chortles of laughter from the loopy denizens on the extreme arts fringe.</p><p>Jaywick jazz? I wouldn't play this to my dog. Dressing up as rocks Blah Blah Blah&nbsp; are without doubt the weirdest bunch you could ever meet. Manes of electronic gadgetry with wind machines, this is an experience in pop - creepy then crawly examples of the emaciated psychedelic or psychic escapist elements of post-punk music<br></p><p><br></p><p>In this Anniversary Special you get an unforgettable 41 Free high quality mp3 downloads available only from the forthcoming WFMU Free Music Archive.</p><p>So go down to Denver to the 39th floor club with your Red Coated young girlfriend and see what's in the sugar bowl.<br mce_bogus=""1""></p>",11086,,[],30th Anniversary Blah Blah Blah,21,Album,,,,"<p><a title=""Blah Latest"" href=""https://www.facebook.com/events/1428696104057184/"" target=""_blank"">CLICK HERE for Latest News</a></p>
<p> </p>
<p>History</p>
<p>Blah Blah Blah started out during the late 70s punk explosion creating sounds that were deliberately anti-music, anti-cool and above all totally unique.  Improvising on electronic instruments they ventured where no-one else dared go.  Their credo never to repeat a single number (even live) meant that everything was recorded for posterity.  Each session unearthed enough golden nuggets to make the journey worth it.  These gathered nuggets were then released as albums. In the 80s they appeared at the 1st Leeds Futurama Festival and were briefly grouped with the Futurists, sharing live bills alongside fledgling electro-poppers Depeche Mode and chanteuse Marc Almond. The division of live audiences into Blah haters and Blah lovers, often caused near-riots. They eventually retired from the limelight following an attempted live arson attack on band members by a nice fellow in the audience at their thirteenth gig in Stevenage. If you mixed The Residents with the Bonzo Dog Doodah Band and Captain Beefheart you might end up with Blah Blah Blah – whimsical, weird and totally barmy.  The influence of nursery rhymes, sea-shanties, trash literature and TV, and instruments sounding like something that’s escaped from the BBC Radiophonic Workshop.</p>",8,2008-11-26 01:55:23,20,84,,Colchester UK,,"Martin Croxford, Peter Wiggins, Vicky Jones, Ian Smith, Chris Andrews.",Blah Blah Blah,,"['blah blah blah', 'chris andrews']",http://sirhcswerdna.wix.com/chris-andrews#!blah-blah-blah/cbff,,training,medium,256000,0,chris andrews,2008-11-26 01:54:15,1981-01-01 00:00:00,66,0,Rock,[89],"[89, 12, 25]",,5683,en,Attribution-Noncommercial-No Derivative Works 2.0 UK: England ,192,,0,Cherry Red Music (UK),[],Cybernetics
344,0,2008-11-26 01:58:50,2009-01-01 00:00:00,,1,112,"<p>What's this? One lion, two moles, two zoo keepers, improvised music, no rhythm? Can I take it, this excercise in free thinking? The grunting vocals, the vibrating rubber bands and noise of someone banging on the ceiling. Amusing digs at the modern warrior accompanied by electronic squonks and bips. They consist of one womble two cats and two traffic wardens and specialise in lurching blahism (hyperbolic and frothy sounds) and can be observed on stage dressed as shakespearian actors making unwelcome, ugly noises to the chagrin of many. An eccentric band of experimental musicians with a bizarre brand of rock disguised by weird noises. The worst jazz cords ever invented, excruciating tones&nbsp; through various noise devices may bring chortles of laughter from the loopy denizens on the extreme arts fringe.</p><p>Jaywick jazz? I wouldn't play this to my dog. Dressing up as rocks Blah Blah Blah&nbsp; are without doubt the weirdest bunch you could ever meet. Manes of electronic gadgetry with wind machines, this is an experience in pop - creepy then crawly examples of the emaciated psychedelic or psychic escapist elements of post-punk music<br></p><p><br></p><p>In this Anniversary Special you get an unforgettable 41 Free high quality mp3 downloads available only from the forthcoming WFMU Free Music Archive.</p><p>So go down to Denver to the 39th floor club with your Red Coated young girlfriend and see what's in the sugar bowl.<br mce_bogus=""1""></p>",11086,,[],30th Anniversary Blah Blah Blah,21,Album,,,,"<p><a title=""Blah Latest"" href=""https://www.facebook.com/events/1428696104057184/"" target=""_blank"">CLICK HERE for Latest News</a></p>
<p> </p>
<p>History</p>
<p>Blah Blah Blah started out during the late 70s punk explosion creating sounds that were deliberately anti-music, anti-cool and above all totally unique.  Improvising on electronic instruments they ventured where no-one else dared go.  Their credo never to repeat a single number (even live) meant that everything was recorded for posterity.  Each session unearthed enough golden nuggets to make the journey worth it.  These gathered nuggets were then released as albums. In the 80s they appeared at the 1st Leeds Futurama Festival and were briefly grouped with the Futurists, sharing live bills alongside fledgling electro-poppers Depeche Mode and chanteuse Marc Almond. The division of live audiences into Blah haters and Blah lovers, often caused near-riots. They eventually retired from the limelight following an attempted live arson attack on band members by a nice fellow in the audience at their thirteenth gig in Stevenage. If you mixed The Residents with the Bonzo Dog Doodah Band and Captain Beefheart you might end up with Blah Blah Blah – whimsical, weird and totally barmy.  The influence of nursery rhymes, sea-shanties, trash literature and TV, and instruments sounding like something that’s escaped from the BBC Radiophonic Workshop.</p>",8,2008-11-26 01:55:23,20,84,,Colchester UK,,"Martin Croxford, Peter Wiggins, Vicky Jones, Ian Smith, Chris Andrews.",Blah Blah Blah,,"['blah blah blah', 'chris andrews']",http://sirhcswerdna.wix.com/chris-andrews#!blah-blah-blah/cbff,,training,large,256000,0,,2008-11-26 01:54:16,1981-01-01 00:00:00,115,0,Rock,[89],"[89, 12, 25]",,190,en,Attribution-Noncommercial-No Derivative Works 2.0 UK: England ,111,,0,Cherry Red Music (UK),[],Denver
345,0,2008-11-26 01:58:50,2009-01-01 00:00:00,,1,112,"<p>What's this? One lion, two moles, two zoo keepers, improvised music, no rhythm? Can I take it, this excercise in free thinking? The grunting vocals, the vibrating rubber bands and noise of someone banging on the ceiling. Amusing digs at the modern warrior accompanied by electronic squonks and bips. They consist of one womble two cats and two traffic wardens and specialise in lurching blahism (hyperbolic and frothy sounds) and can be observed on stage dressed as shakespearian actors making unwelcome, ugly noises to the chagrin of many. An eccentric band of experimental musicians with a bizarre brand of rock disguised by weird noises. The worst jazz cords ever invented, excruciating tones&nbsp; through various noise devices may bring chortles of laughter from the loopy denizens on the extreme arts fringe.</p><p>Jaywick jazz? I wouldn't play this to my dog. Dressing up as rocks Blah Blah Blah&nbsp; are without doubt the weirdest bunch you could ever meet. Manes of electronic gadgetry with wind machines, this is an experience in pop - creepy then crawly examples of the emaciated psychedelic or psychic escapist elements of post-punk music<br></p><p><br></p><p>In this Anniversary Special you get an unforgettable 41 Free high quality mp3 downloads available only from the forthcoming WFMU Free Music Archive.</p><p>So go down to Denver to the 39th floor club with your Red Coated young girlfriend and see what's in the sugar bowl.<br mce_bogus=""1""></p>",11086,,[],30th Anniversary Blah Blah Blah,21,Album,,,,"<p><a title=""Blah Latest"" href=""https://www.facebook.com/events/1428696104057184/"" target=""_blank"">CLICK HERE for Latest News</a></p>
<p> </p>
<p>History</p>
<p>Blah Blah Blah started out during the late 70s punk explosion creating sounds that were deliberately anti-music, anti-cool and above all totally unique.  Improvising on electronic instruments they ventured where no-one else dared go.  Their credo never to repeat a single number (even live) meant that everything was recorded for posterity.  Each session unearthed enough golden nuggets to make the journey worth it.  These gathered nuggets were then released as albums. In the 80s they appeared at the 1st Leeds Futurama Festival and were briefly grouped with the Futurists, sharing live bills alongside fledgling electro-poppers Depeche Mode and chanteuse Marc Almond. The division of live audiences into Blah haters and Blah lovers, often caused near-riots. They eventually retired from the limelight following an attempted live arson attack on band members by a nice fellow in the audience at their thirteenth gig in Stevenage. If you mixed The Residents with the Bonzo Dog Doodah Band and Captain Beefheart you might end up with Blah Blah Blah – whimsical, weird and totally barmy.  The influence of nursery rhymes, sea-shanties, trash literature and TV, and instruments sounding like something that’s escaped from the BBC Radiophonic Workshop.</p>",8,2008-11-26 01:55:23,20,84,,Colchester UK,,"Martin Croxford, Peter Wiggins, Vicky Jones, Ian Smith, Chris Andrews.",Blah Blah Blah,,"['blah blah blah', 'chris andrews']",http://sirhcswerdna.wix.com/chris-andrews#!blah-blah-blah/cbff,,training,large,256000,0,,2008-11-26 01:54:18,1981-01-01 00:00:00,202,0,Rock,[89],"[89, 12, 25]",,326,en,Attribution-Noncommercial-No Derivative Works 2.0 UK: England ,251,,0,Cherry Red Music (UK),[],Ding dang (skat)
346,0,2008-11-26 01:58:50,2009-01-01 00:00:00,,1,112,"<p>What's this? One lion, two moles, two zoo keepers, improvised music, no rhythm? Can I take it, this excercise in free thinking? The grunting vocals, the vibrating rubber bands and noise of someone banging on the ceiling. Amusing digs at the modern warrior accompanied by electronic squonks and bips. They consist of one womble two cats and two traffic wardens and specialise in lurching blahism (hyperbolic and frothy sounds) and can be observed on stage dressed as shakespearian actors making unwelcome, ugly noises to the chagrin of many. An eccentric band of experimental musicians with a bizarre brand of rock disguised by weird noises. The worst jazz cords ever invented, excruciating tones&nbsp; through various noise devices may bring chortles of laughter from the loopy denizens on the extreme arts fringe.</p><p>Jaywick jazz? I wouldn't play this to my dog. Dressing up as rocks Blah Blah Blah&nbsp; are without doubt the weirdest bunch you could ever meet. Manes of electronic gadgetry with wind machines, this is an experience in pop - creepy then crawly examples of the emaciated psychedelic or psychic escapist elements of post-punk music<br></p><p><br></p><p>In this Anniversary Special you get an unforgettable 41 Free high quality mp3 downloads available only from the forthcoming WFMU Free Music Archive.</p><p>So go down to Denver to the 39th floor club with your Red Coated young girlfriend and see what's in the sugar bowl.<br mce_bogus=""1""></p>",11086,,[],30th Anniversary Blah Blah Blah,21,Album,,,,"<p><a title=""Blah Latest"" href=""https://www.facebook.com/events/1428696104057184/"" target=""_blank"">CLICK HERE for Latest News</a></p>
<p> </p>
<p>History</p>
<p>Blah Blah Blah started out during the late 70s punk explosion creating sounds that were deliberately anti-music, anti-cool and above all totally unique.  Improvising on electronic instruments they ventured where no-one else dared go.  Their credo never to repeat a single number (even live) meant that everything was recorded for posterity.  Each session unearthed enough golden nuggets to make the journey worth it.  These gathered nuggets were then released as albums. In the 80s they appeared at the 1st Leeds Futurama Festival and were briefly grouped with the Futurists, sharing live bills alongside fledgling electro-poppers Depeche Mode and chanteuse Marc Almond. The division of live audiences into Blah haters and Blah lovers, often caused near-riots. They eventually retired from the limelight following an attempted live arson attack on band members by a nice fellow in the audience at their thirteenth gig in Stevenage. If you mixed The Residents with the Bonzo Dog Doodah Band and Captain Beefheart you might end up with Blah Blah Blah – whimsical, weird and totally barmy.  The influence of nursery rhymes, sea-shanties, trash literature and TV, and instruments sounding like something that’s escaped from the BBC Radiophonic Workshop.</p>",8,2008-11-26 01:55:23,20,84,,Colchester UK,,"Martin Croxford, Peter Wiggins, Vicky Jones, Ian Smith, Chris Andrews.",Blah Blah Blah,,"['blah blah blah', 'chris andrews']",http://sirhcswerdna.wix.com/chris-andrews#!blah-blah-blah/cbff,,training,large,256000,0,,2008-11-26 01:54:21,1981-01-01 00:00:00,158,0,Rock,[89],"[89, 12, 25]",,252,en,Attribution-Noncommercial-No Derivative Works 2.0 UK: England ,181,,0,Cherry Red Music (UK),[],Disco Ghoul
347,0,2008-11-26 01:58:50,2009-01-01 00:00:00,,1,112,"<p>What's this? One lion, two moles, two zoo keepers, improvised music, no rhythm? Can I take it, this excercise in free thinking? The grunting vocals, the vibrating rubber bands and noise of someone banging on the ceiling. Amusing digs at the modern warrior accompanied by electronic squonks and bips. They consist of one womble two cats and two traffic wardens and specialise in lurching blahism (hyperbolic and frothy sounds) and can be observed on stage dressed as shakespearian actors making unwelcome, ugly noises to the chagrin of many. An eccentric band of experimental musicians with a bizarre brand of rock disguised by weird noises. The worst jazz cords ever invented, excruciating tones&nbsp; through various noise devices may bring chortles of laughter from the loopy denizens on the extreme arts fringe.</p><p>Jaywick jazz? I wouldn't play this to my dog. Dressing up as rocks Blah Blah Blah&nbsp; are without doubt the weirdest bunch you could ever meet. Manes of electronic gadgetry with wind machines, this is an experience in pop - creepy then crawly examples of the emaciated psychedelic or psychic escapist elements of post-punk music<br></p><p><br></p><p>In this Anniversary Special you get an unforgettable 41 Free high quality mp3 downloads available only from the forthcoming WFMU Free Music Archive.</p><p>So go down to Denver to the 39th floor club with your Red Coated young girlfriend and see what's in the sugar bowl.<br mce_bogus=""1""></p>",11086,,[],30th Anniversary Blah Blah Blah,21,Album,,,,"<p><a title=""Blah Latest"" href=""https://www.facebook.com/events/1428696104057184/"" target=""_blank"">CLICK HERE for Latest News</a></p>
<p> </p>
<p>History</p>
<p>Blah Blah Blah started out during the late 70s punk explosion creating sounds that were deliberately anti-music, anti-cool and above all totally unique.  Improvising on electronic instruments they ventured where no-one else dared go.  Their credo never to repeat a single number (even live) meant that everything was recorded for posterity.  Each session unearthed enough golden nuggets to make the journey worth it.  These gathered nuggets were then released as albums. In the 80s they appeared at the 1st Leeds Futurama Festival and were briefly grouped with the Futurists, sharing live bills alongside fledgling electro-poppers Depeche Mode and chanteuse Marc Almond. The division of live audiences into Blah haters and Blah lovers, often caused near-riots. They eventually retired from the limelight following an attempted live arson attack on band members by a nice fellow in the audience at their thirteenth gig in Stevenage. If you mixed The Residents with the Bonzo Dog Doodah Band and Captain Beefheart you might end up with Blah Blah Blah – whimsical, weird and totally barmy.  The influence of nursery rhymes, sea-shanties, trash literature and TV, and instruments sounding like something that’s escaped from the BBC Radiophonic Workshop.</p>",8,2008-11-26 01:55:23,20,84,,Colchester UK,,"Martin Croxford, Peter Wiggins, Vicky Jones, Ian Smith, Chris Andrews.",Blah Blah Blah,,"['blah blah blah', 'chris andrews']",http://sirhcswerdna.wix.com/chris-andrews#!blah-blah-blah/cbff,,training,large,256000,0,,2008-11-26 01:54:23,1981-01-01 00:00:00,150,0,Rock,[89],"[89, 12, 25]",,202,en,Attribution-Noncommercial-No Derivative Works 2.0 UK: England ,71,,0,Cherry Red Music (UK),[],Down in the pits again
348,0,2008-11-26 01:58:50,2009-01-01 00:00:00,,1,112,"<p>What's this? One lion, two moles, two zoo keepers, improvised music, no rhythm? Can I take it, this excercise in free thinking? The grunting vocals, the vibrating rubber bands and noise of someone banging on the ceiling. Amusing digs at the modern warrior accompanied by electronic squonks and bips. They consist of one womble two cats and two traffic wardens and specialise in lurching blahism (hyperbolic and frothy sounds) and can be observed on stage dressed as shakespearian actors making unwelcome, ugly noises to the chagrin of many. An eccentric band of experimental musicians with a bizarre brand of rock disguised by weird noises. The worst jazz cords ever invented, excruciating tones&nbsp; through various noise devices may bring chortles of laughter from the loopy denizens on the extreme arts fringe.</p><p>Jaywick jazz? I wouldn't play this to my dog. Dressing up as rocks Blah Blah Blah&nbsp; are without doubt the weirdest bunch you could ever meet. Manes of electronic gadgetry with wind machines, this is an experience in pop - creepy then crawly examples of the emaciated psychedelic or psychic escapist elements of post-punk music<br></p><p><br></p><p>In this Anniversary Special you get an unforgettable 41 Free high quality mp3 downloads available only from the forthcoming WFMU Free Music Archive.</p><p>So go down to Denver to the 39th floor club with your Red Coated young girlfriend and see what's in the sugar bowl.<br mce_bogus=""1""></p>",11086,,[],30th Anniversary Blah Blah Blah,21,Album,,,,"<p><a title=""Blah Latest"" href=""https://www.facebook.com/events/1428696104057184/"" target=""_blank"">CLICK HERE for Latest News</a></p>
<p> </p>
<p>History</p>
<p>Blah Blah Blah started out during the late 70s punk explosion creating sounds that were deliberately anti-music, anti-cool and above all totally unique.  Improvising on electronic instruments they ventured where no-one else dared go.  Their credo never to repeat a single number (even live) meant that everything was recorded for posterity.  Each session unearthed enough golden nuggets to make the journey worth it.  These gathered nuggets were then released as albums. In the 80s they appeared at the 1st Leeds Futurama Festival and were briefly grouped with the Futurists, sharing live bills alongside fledgling electro-poppers Depeche Mode and chanteuse Marc Almond. The division of live audiences into Blah haters and Blah lovers, often caused near-riots. They eventually retired from the limelight following an attempted live arson attack on band members by a nice fellow in the audience at their thirteenth gig in Stevenage. If you mixed The Residents with the Bonzo Dog Doodah Band and Captain Beefheart you might end up with Blah Blah Blah – whimsical, weird and totally barmy.  The influence of nursery rhymes, sea-shanties, trash literature and TV, and instruments sounding like something that’s escaped from the BBC Radiophonic Workshop.</p>",8,2008-11-26 01:55:23,20,84,,Colchester UK,,"Martin Croxford, Peter Wiggins, Vicky Jones, Ian Smith, Chris Andrews.",Blah Blah Blah,,"['blah blah blah', 'chris andrews']",http://sirhcswerdna.wix.com/chris-andrews#!blah-blah-blah/cbff,,training,large,256000,0,?,2008-11-26 01:54:25,1981-01-01 00:00:00,165,0,Rock,[89],"[89, 12, 25]",,132,en,Attribution-Noncommercial-No Derivative Works 2.0 UK: England ,97,,0,Cherry Red Music (UK),[],Excretia
349,0,2008-11-26 01:58:50,2009-01-01 00:00:00,,1,112,"<p>What's this? One lion, two moles, two zoo keepers, improvised music, no rhythm? Can I take it, this excercise in free thinking? The grunting vocals, the vibrating rubber bands and noise of someone banging on the ceiling. Amusing digs at the modern warrior accompanied by electronic squonks and bips. They consist of one womble two cats and two traffic wardens and specialise in lurching blahism (hyperbolic and frothy sounds) and can be observed on stage dressed as shakespearian actors making unwelcome, ugly noises to the chagrin of many. An eccentric band of experimental musicians with a bizarre brand of rock disguised by weird noises. The worst jazz cords ever invented, excruciating tones&nbsp; through various noise devices may bring chortles of laughter from the loopy denizens on the extreme arts fringe.</p><p>Jaywick jazz? I wouldn't play this to my dog. Dressing up as rocks Blah Blah Blah&nbsp; are without doubt the weirdest bunch you could ever meet. Manes of electronic gadgetry with wind machines, this is an experience in pop - creepy then crawly examples of the emaciated psychedelic or psychic escapist elements of post-punk music<br></p><p><br></p><p>In this Anniversary Special you get an unforgettable 41 Free high quality mp3 downloads available only from the forthcoming WFMU Free Music Archive.</p><p>So go down to Denver to the 39th floor club with your Red Coated young girlfriend and see what's in the sugar bowl.<br mce_bogus=""1""></p>",11086,,[],30th Anniversary Blah Blah Blah,21,Album,,,,"<p><a title=""Blah Latest"" href=""https://www.facebook.com/events/1428696104057184/"" target=""_blank"">CLICK HERE for Latest News</a></p>
<p> </p>
<p>History</p>
<p>Blah Blah Blah started out during the late 70s punk explosion creating sounds that were deliberately anti-music, anti-cool and above all totally unique.  Improvising on electronic instruments they ventured where no-one else dared go.  Their credo never to repeat a single number (even live) meant that everything was recorded for posterity.  Each session unearthed enough golden nuggets to make the journey worth it.  These gathered nuggets were then released as albums. In the 80s they appeared at the 1st Leeds Futurama Festival and were briefly grouped with the Futurists, sharing live bills alongside fledgling electro-poppers Depeche Mode and chanteuse Marc Almond. The division of live audiences into Blah haters and Blah lovers, often caused near-riots. They eventually retired from the limelight following an attempted live arson attack on band members by a nice fellow in the audience at their thirteenth gig in Stevenage. If you mixed The Residents with the Bonzo Dog Doodah Band and Captain Beefheart you might end up with Blah Blah Blah – whimsical, weird and totally barmy.  The influence of nursery rhymes, sea-shanties, trash literature and TV, and instruments sounding like something that’s escaped from the BBC Radiophonic Workshop.</p>",8,2008-11-26 01:55:23,20,84,,Colchester UK,,"Martin Croxford, Peter Wiggins, Vicky Jones, Ian Smith, Chris Andrews.",Blah Blah Blah,,"['blah blah blah', 'chris andrews']",http://sirhcswerdna.wix.com/chris-andrews#!blah-blah-blah/cbff,,training,large,256000,0,,2008-11-26 01:54:28,1981-01-01 00:00:00,74,0,Rock,[89],"[89, 12, 25]",,191,en,Attribution-Noncommercial-No Derivative Works 2.0 UK: England ,125,,0,Cherry Red Music (UK),[],Garden of Eden
350,0,2008-11-26 01:58:50,2009-01-01 00:00:00,,1,112,"<p>What's this? One lion, two moles, two zoo keepers, improvised music, no rhythm? Can I take it, this excercise in free thinking? The grunting vocals, the vibrating rubber bands and noise of someone banging on the ceiling. Amusing digs at the modern warrior accompanied by electronic squonks and bips. They consist of one womble two cats and two traffic wardens and specialise in lurching blahism (hyperbolic and frothy sounds) and can be observed on stage dressed as shakespearian actors making unwelcome, ugly noises to the chagrin of many. An eccentric band of experimental musicians with a bizarre brand of rock disguised by weird noises. The worst jazz cords ever invented, excruciating tones&nbsp; through various noise devices may bring chortles of laughter from the loopy denizens on the extreme arts fringe.</p><p>Jaywick jazz? I wouldn't play this to my dog. Dressing up as rocks Blah Blah Blah&nbsp; are without doubt the weirdest bunch you could ever meet. Manes of electronic gadgetry with wind machines, this is an experience in pop - creepy then crawly examples of the emaciated psychedelic or psychic escapist elements of post-punk music<br></p><p><br></p><p>In this Anniversary Special you get an unforgettable 41 Free high quality mp3 downloads available only from the forthcoming WFMU Free Music Archive.</p><p>So go down to Denver to the 39th floor club with your Red Coated young girlfriend and see what's in the sugar bowl.<br mce_bogus=""1""></p>",11086,,[],30th Anniversary Blah Blah Blah,21,Album,,,,"<p><a title=""Blah Latest"" href=""https://www.facebook.com/events/1428696104057184/"" target=""_blank"">CLICK HERE for Latest News</a></p>
<p> </p>
<p>History</p>
<p>Blah Blah Blah started out during the late 70s punk explosion creating sounds that were deliberately anti-music, anti-cool and above all totally unique.  Improvising on electronic instruments they ventured where no-one else dared go.  Their credo never to repeat a single number (even live) meant that everything was recorded for posterity.  Each session unearthed enough golden nuggets to make the journey worth it.  These gathered nuggets were then released as albums. In the 80s they appeared at the 1st Leeds Futurama Festival and were briefly grouped with the Futurists, sharing live bills alongside fledgling electro-poppers Depeche Mode and chanteuse Marc Almond. The division of live audiences into Blah haters and Blah lovers, often caused near-riots. They eventually retired from the limelight following an attempted live arson attack on band members by a nice fellow in the audience at their thirteenth gig in Stevenage. If you mixed The Residents with the Bonzo Dog Doodah Band and Captain Beefheart you might end up with Blah Blah Blah – whimsical, weird and totally barmy.  The influence of nursery rhymes, sea-shanties, trash literature and TV, and instruments sounding like something that’s escaped from the BBC Radiophonic Workshop.</p>",8,2008-11-26 01:55:23,20,84,,Colchester UK,,"Martin Croxford, Peter Wiggins, Vicky Jones, Ian Smith, Chris Andrews.",Blah Blah Blah,,"['blah blah blah', 'chris andrews']",http://sirhcswerdna.wix.com/chris-andrews#!blah-blah-blah/cbff,,training,large,256000,0,,2008-11-26 01:54:29,1981-01-01 00:00:00,101,1,Rock,[89],"[89, 12, 25]",,168,en,Attribution-Noncommercial-No Derivative Works 2.0 UK: England ,90,,0,Cherry Red Music (UK),[],Gotta Go
351,0,2008-11-26 01:58:50,2009-01-01 00:00:00,,1,112,"<p>What's this? One lion, two moles, two zoo keepers, improvised music, no rhythm? Can I take it, this excercise in free thinking? The grunting vocals, the vibrating rubber bands and noise of someone banging on the ceiling. Amusing digs at the modern warrior accompanied by electronic squonks and bips. They consist of one womble two cats and two traffic wardens and specialise in lurching blahism (hyperbolic and frothy sounds) and can be observed on stage dressed as shakespearian actors making unwelcome, ugly noises to the chagrin of many. An eccentric band of experimental musicians with a bizarre brand of rock disguised by weird noises. The worst jazz cords ever invented, excruciating tones&nbsp; through various noise devices may bring chortles of laughter from the loopy denizens on the extreme arts fringe.</p><p>Jaywick jazz? I wouldn't play this to my dog. Dressing up as rocks Blah Blah Blah&nbsp; are without doubt the weirdest bunch you could ever meet. Manes of electronic gadgetry with wind machines, this is an experience in pop - creepy then crawly examples of the emaciated psychedelic or psychic escapist elements of post-punk music<br></p><p><br></p><p>In this Anniversary Special you get an unforgettable 41 Free high quality mp3 downloads available only from the forthcoming WFMU Free Music Archive.</p><p>So go down to Denver to the 39th floor club with your Red Coated young girlfriend and see what's in the sugar bowl.<br mce_bogus=""1""></p>",11086,,[],30th Anniversary Blah Blah Blah,21,Album,,,,"<p><a title=""Blah Latest"" href=""https://www.facebook.com/events/1428696104057184/"" target=""_blank"">CLICK HERE for Latest News</a></p>
<p> </p>
<p>History</p>
<p>Blah Blah Blah started out during the late 70s punk explosion creating sounds that were deliberately anti-music, anti-cool and above all totally unique.  Improvising on electronic instruments they ventured where no-one else dared go.  Their credo never to repeat a single number (even live) meant that everything was recorded for posterity.  Each session unearthed enough golden nuggets to make the journey worth it.  These gathered nuggets were then released as albums. In the 80s they appeared at the 1st Leeds Futurama Festival and were briefly grouped with the Futurists, sharing live bills alongside fledgling electro-poppers Depeche Mode and chanteuse Marc Almond. The division of live audiences into Blah haters and Blah lovers, often caused near-riots. They eventually retired from the limelight following an attempted live arson attack on band members by a nice fellow in the audience at their thirteenth gig in Stevenage. If you mixed The Residents with the Bonzo Dog Doodah Band and Captain Beefheart you might end up with Blah Blah Blah – whimsical, weird and totally barmy.  The influence of nursery rhymes, sea-shanties, trash literature and TV, and instruments sounding like something that’s escaped from the BBC Radiophonic Workshop.</p>",8,2008-11-26 01:55:23,20,84,,Colchester UK,,"Martin Croxford, Peter Wiggins, Vicky Jones, Ian Smith, Chris Andrews.",Blah Blah Blah,,"['blah blah blah', 'chris andrews']",http://sirhcswerdna.wix.com/chris-andrews#!blah-blah-blah/cbff,,training,large,256000,0,,2008-11-26 01:54:31,1981-01-01 00:00:00,249,1,Rock,[89],"[89, 12, 25]",,269,en,Attribution-Noncommercial-No Derivative Works 2.0 UK: England ,150,,0,Cherry Red Music (UK),[],Hippopotamus
352,0,2008-11-26 01:58:50,2009-01-01 00:00:00,,1,112,"<p>What's this? One lion, two moles, two zoo keepers, improvised music, no rhythm? Can I take it, this excercise in free thinking? The grunting vocals, the vibrating rubber bands and noise of someone banging on the ceiling. Amusing digs at the modern warrior accompanied by electronic squonks and bips. They consist of one womble two cats and two traffic wardens and specialise in lurching blahism (hyperbolic and frothy sounds) and can be observed on stage dressed as shakespearian actors making unwelcome, ugly noises to the chagrin of many. An eccentric band of experimental musicians with a bizarre brand of rock disguised by weird noises. The worst jazz cords ever invented, excruciating tones&nbsp; through various noise devices may bring chortles of laughter from the loopy denizens on the extreme arts fringe.</p><p>Jaywick jazz? I wouldn't play this to my dog. Dressing up as rocks Blah Blah Blah&nbsp; are without doubt the weirdest bunch you could ever meet. Manes of electronic gadgetry with wind machines, this is an experience in pop - creepy then crawly examples of the emaciated psychedelic or psychic escapist elements of post-punk music<br></p><p><br></p><p>In this Anniversary Special you get an unforgettable 41 Free high quality mp3 downloads available only from the forthcoming WFMU Free Music Archive.</p><p>So go down to Denver to the 39th floor club with your Red Coated young girlfriend and see what's in the sugar bowl.<br mce_bogus=""1""></p>",11086,,[],30th Anniversary Blah Blah Blah,21,Album,,,,"<p><a title=""Blah Latest"" href=""https://www.facebook.com/events/1428696104057184/"" target=""_blank"">CLICK HERE for Latest News</a></p>
<p> </p>
<p>History</p>
<p>Blah Blah Blah started out during the late 70s punk explosion creating sounds that were deliberately anti-music, anti-cool and above all totally unique.  Improvising on electronic instruments they ventured where no-one else dared go.  Their credo never to repeat a single number (even live) meant that everything was recorded for posterity.  Each session unearthed enough golden nuggets to make the journey worth it.  These gathered nuggets were then released as albums. In the 80s they appeared at the 1st Leeds Futurama Festival and were briefly grouped with the Futurists, sharing live bills alongside fledgling electro-poppers Depeche Mode and chanteuse Marc Almond. The division of live audiences into Blah haters and Blah lovers, often caused near-riots. They eventually retired from the limelight following an attempted live arson attack on band members by a nice fellow in the audience at their thirteenth gig in Stevenage. If you mixed The Residents with the Bonzo Dog Doodah Band and Captain Beefheart you might end up with Blah Blah Blah – whimsical, weird and totally barmy.  The influence of nursery rhymes, sea-shanties, trash literature and TV, and instruments sounding like something that’s escaped from the BBC Radiophonic Workshop.</p>",8,2008-11-26 01:55:23,20,84,,Colchester UK,,"Martin Croxford, Peter Wiggins, Vicky Jones, Ian Smith, Chris Andrews.",Blah Blah Blah,,"['blah blah blah', 'chris andrews']",http://sirhcswerdna.wix.com/chris-andrews#!blah-blah-blah/cbff,,training,medium,256000,0,,2008-11-26 01:54:35,2008-11-26 00:00:00,165,0,Rock,[89],"[89, 12, 25]",,609,en,Attribution-Noncommercial-No Derivative Works 2.0 UK: England ,505,,0,,[],In Arabia
353,0,2008-11-26 01:58:50,2009-01-01 00:00:00,,1,112,"<p>What's this? One lion, two moles, two zoo keepers, improvised music, no rhythm? Can I take it, this excercise in free thinking? The grunting vocals, the vibrating rubber bands and noise of someone banging on the ceiling. Amusing digs at the modern warrior accompanied by electronic squonks and bips. They consist of one womble two cats and two traffic wardens and specialise in lurching blahism (hyperbolic and frothy sounds) and can be observed on stage dressed as shakespearian actors making unwelcome, ugly noises to the chagrin of many. An eccentric band of experimental musicians with a bizarre brand of rock disguised by weird noises. The worst jazz cords ever invented, excruciating tones&nbsp; through various noise devices may bring chortles of laughter from the loopy denizens on the extreme arts fringe.</p><p>Jaywick jazz? I wouldn't play this to my dog. Dressing up as rocks Blah Blah Blah&nbsp; are without doubt the weirdest bunch you could ever meet. Manes of electronic gadgetry with wind machines, this is an experience in pop - creepy then crawly examples of the emaciated psychedelic or psychic escapist elements of post-punk music<br></p><p><br></p><p>In this Anniversary Special you get an unforgettable 41 Free high quality mp3 downloads available only from the forthcoming WFMU Free Music Archive.</p><p>So go down to Denver to the 39th floor club with your Red Coated young girlfriend and see what's in the sugar bowl.<br mce_bogus=""1""></p>",11086,,[],30th Anniversary Blah Blah Blah,21,Album,,,,"<p><a title=""Blah Latest"" href=""https://www.facebook.com/events/1428696104057184/"" target=""_blank"">CLICK HERE for Latest News</a></p>
<p> </p>
<p>History</p>
<p>Blah Blah Blah started out during the late 70s punk explosion creating sounds that were deliberately anti-music, anti-cool and above all totally unique.  Improvising on electronic instruments they ventured where no-one else dared go.  Their credo never to repeat a single number (even live) meant that everything was recorded for posterity.  Each session unearthed enough golden nuggets to make the journey worth it.  These gathered nuggets were then released as albums. In the 80s they appeared at the 1st Leeds Futurama Festival and were briefly grouped with the Futurists, sharing live bills alongside fledgling electro-poppers Depeche Mode and chanteuse Marc Almond. The division of live audiences into Blah haters and Blah lovers, often caused near-riots. They eventually retired from the limelight following an attempted live arson attack on band members by a nice fellow in the audience at their thirteenth gig in Stevenage. If you mixed The Residents with the Bonzo Dog Doodah Band and Captain Beefheart you might end up with Blah Blah Blah – whimsical, weird and totally barmy.  The influence of nursery rhymes, sea-shanties, trash literature and TV, and instruments sounding like something that’s escaped from the BBC Radiophonic Workshop.</p>",8,2008-11-26 01:55:23,20,84,,Colchester UK,,"Martin Croxford, Peter Wiggins, Vicky Jones, Ian Smith, Chris Andrews.",Blah Blah Blah,,"['blah blah blah', 'chris andrews']",http://sirhcswerdna.wix.com/chris-andrews#!blah-blah-blah/cbff,,training,large,256000,0,,2008-11-26 01:54:37,1981-01-01 00:00:00,149,1,Rock,[89],"[89, 12, 25]",,212,en,Attribution-Noncommercial-No Derivative Works 2.0 UK: England ,139,,0,Cherry Red Music (UK),[],In my Grandfather's Clock
354,0,2008-11-26 01:58:50,2009-01-01 00:00:00,,1,112,"<p>What's this? One lion, two moles, two zoo keepers, improvised music, no rhythm? Can I take it, this excercise in free thinking? The grunting vocals, the vibrating rubber bands and noise of someone banging on the ceiling. Amusing digs at the modern warrior accompanied by electronic squonks and bips. They consist of one womble two cats and two traffic wardens and specialise in lurching blahism (hyperbolic and frothy sounds) and can be observed on stage dressed as shakespearian actors making unwelcome, ugly noises to the chagrin of many. An eccentric band of experimental musicians with a bizarre brand of rock disguised by weird noises. The worst jazz cords ever invented, excruciating tones&nbsp; through various noise devices may bring chortles of laughter from the loopy denizens on the extreme arts fringe.</p><p>Jaywick jazz? I wouldn't play this to my dog. Dressing up as rocks Blah Blah Blah&nbsp; are without doubt the weirdest bunch you could ever meet. Manes of electronic gadgetry with wind machines, this is an experience in pop - creepy then crawly examples of the emaciated psychedelic or psychic escapist elements of post-punk music<br></p><p><br></p><p>In this Anniversary Special you get an unforgettable 41 Free high quality mp3 downloads available only from the forthcoming WFMU Free Music Archive.</p><p>So go down to Denver to the 39th floor club with your Red Coated young girlfriend and see what's in the sugar bowl.<br mce_bogus=""1""></p>",11086,,[],30th Anniversary Blah Blah Blah,21,Album,,,,"<p><a title=""Blah Latest"" href=""https://www.facebook.com/events/1428696104057184/"" target=""_blank"">CLICK HERE for Latest News</a></p>
<p> </p>
<p>History</p>
<p>Blah Blah Blah started out during the late 70s punk explosion creating sounds that were deliberately anti-music, anti-cool and above all totally unique.  Improvising on electronic instruments they ventured where no-one else dared go.  Their credo never to repeat a single number (even live) meant that everything was recorded for posterity.  Each session unearthed enough golden nuggets to make the journey worth it.  These gathered nuggets were then released as albums. In the 80s they appeared at the 1st Leeds Futurama Festival and were briefly grouped with the Futurists, sharing live bills alongside fledgling electro-poppers Depeche Mode and chanteuse Marc Almond. The division of live audiences into Blah haters and Blah lovers, often caused near-riots. They eventually retired from the limelight following an attempted live arson attack on band members by a nice fellow in the audience at their thirteenth gig in Stevenage. If you mixed The Residents with the Bonzo Dog Doodah Band and Captain Beefheart you might end up with Blah Blah Blah – whimsical, weird and totally barmy.  The influence of nursery rhymes, sea-shanties, trash literature and TV, and instruments sounding like something that’s escaped from the BBC Radiophonic Workshop.</p>",8,2008-11-26 01:55:23,20,84,,Colchester UK,,"Martin Croxford, Peter Wiggins, Vicky Jones, Ian Smith, Chris Andrews.",Blah Blah Blah,,"['blah blah blah', 'chris andrews']",http://sirhcswerdna.wix.com/chris-andrews#!blah-blah-blah/cbff,,training,large,256000,0,,2008-11-26 01:54:39,2008-11-26 00:00:00,60,1,Rock,[89],"[89, 12, 25]",,186,en,Attribution-Noncommercial-No Derivative Works 2.0 UK: England ,108,,0,,[],Julie Andrews
355,0,2008-11-26 01:58:50,2009-01-01 00:00:00,,1,112,"<p>What's this? One lion, two moles, two zoo keepers, improvised music, no rhythm? Can I take it, this excercise in free thinking? The grunting vocals, the vibrating rubber bands and noise of someone banging on the ceiling. Amusing digs at the modern warrior accompanied by electronic squonks and bips. They consist of one womble two cats and two traffic wardens and specialise in lurching blahism (hyperbolic and frothy sounds) and can be observed on stage dressed as shakespearian actors making unwelcome, ugly noises to the chagrin of many. An eccentric band of experimental musicians with a bizarre brand of rock disguised by weird noises. The worst jazz cords ever invented, excruciating tones&nbsp; through various noise devices may bring chortles of laughter from the loopy denizens on the extreme arts fringe.</p><p>Jaywick jazz? I wouldn't play this to my dog. Dressing up as rocks Blah Blah Blah&nbsp; are without doubt the weirdest bunch you could ever meet. Manes of electronic gadgetry with wind machines, this is an experience in pop - creepy then crawly examples of the emaciated psychedelic or psychic escapist elements of post-punk music<br></p><p><br></p><p>In this Anniversary Special you get an unforgettable 41 Free high quality mp3 downloads available only from the forthcoming WFMU Free Music Archive.</p><p>So go down to Denver to the 39th floor club with your Red Coated young girlfriend and see what's in the sugar bowl.<br mce_bogus=""1""></p>",11086,,[],30th Anniversary Blah Blah Blah,21,Album,,,,"<p><a title=""Blah Latest"" href=""https://www.facebook.com/events/1428696104057184/"" target=""_blank"">CLICK HERE for Latest News</a></p>
<p> </p>
<p>History</p>
<p>Blah Blah Blah started out during the late 70s punk explosion creating sounds that were deliberately anti-music, anti-cool and above all totally unique.  Improvising on electronic instruments they ventured where no-one else dared go.  Their credo never to repeat a single number (even live) meant that everything was recorded for posterity.  Each session unearthed enough golden nuggets to make the journey worth it.  These gathered nuggets were then released as albums. In the 80s they appeared at the 1st Leeds Futurama Festival and were briefly grouped with the Futurists, sharing live bills alongside fledgling electro-poppers Depeche Mode and chanteuse Marc Almond. The division of live audiences into Blah haters and Blah lovers, often caused near-riots. They eventually retired from the limelight following an attempted live arson attack on band members by a nice fellow in the audience at their thirteenth gig in Stevenage. If you mixed The Residents with the Bonzo Dog Doodah Band and Captain Beefheart you might end up with Blah Blah Blah – whimsical, weird and totally barmy.  The influence of nursery rhymes, sea-shanties, trash literature and TV, and instruments sounding like something that’s escaped from the BBC Radiophonic Workshop.</p>",8,2008-11-26 01:55:23,20,84,,Colchester UK,,"Martin Croxford, Peter Wiggins, Vicky Jones, Ian Smith, Chris Andrews.",Blah Blah Blah,,"['blah blah blah', 'chris andrews']",http://sirhcswerdna.wix.com/chris-andrews#!blah-blah-blah/cbff,,training,large,256000,0,,2008-11-26 01:54:42,2008-11-26 00:00:00,144,0,Rock,[89],"[89, 12, 25]",,133,en,Attribution-Noncommercial-No Derivative Works 2.0 UK: England ,65,,0,,[],Just you wait and see
356,0,2008-11-26 01:58:50,2009-01-01 00:00:00,,1,112,"<p>What's this? One lion, two moles, two zoo keepers, improvised music, no rhythm? Can I take it, this excercise in free thinking? The grunting vocals, the vibrating rubber bands and noise of someone banging on the ceiling. Amusing digs at the modern warrior accompanied by electronic squonks and bips. They consist of one womble two cats and two traffic wardens and specialise in lurching blahism (hyperbolic and frothy sounds) and can be observed on stage dressed as shakespearian actors making unwelcome, ugly noises to the chagrin of many. An eccentric band of experimental musicians with a bizarre brand of rock disguised by weird noises. The worst jazz cords ever invented, excruciating tones&nbsp; through various noise devices may bring chortles of laughter from the loopy denizens on the extreme arts fringe.</p><p>Jaywick jazz? I wouldn't play this to my dog. Dressing up as rocks Blah Blah Blah&nbsp; are without doubt the weirdest bunch you could ever meet. Manes of electronic gadgetry with wind machines, this is an experience in pop - creepy then crawly examples of the emaciated psychedelic or psychic escapist elements of post-punk music<br></p><p><br></p><p>In this Anniversary Special you get an unforgettable 41 Free high quality mp3 downloads available only from the forthcoming WFMU Free Music Archive.</p><p>So go down to Denver to the 39th floor club with your Red Coated young girlfriend and see what's in the sugar bowl.<br mce_bogus=""1""></p>",11086,,[],30th Anniversary Blah Blah Blah,21,Album,,,,"<p><a title=""Blah Latest"" href=""https://www.facebook.com/events/1428696104057184/"" target=""_blank"">CLICK HERE for Latest News</a></p>
<p> </p>
<p>History</p>
<p>Blah Blah Blah started out during the late 70s punk explosion creating sounds that were deliberately anti-music, anti-cool and above all totally unique.  Improvising on electronic instruments they ventured where no-one else dared go.  Their credo never to repeat a single number (even live) meant that everything was recorded for posterity.  Each session unearthed enough golden nuggets to make the journey worth it.  These gathered nuggets were then released as albums. In the 80s they appeared at the 1st Leeds Futurama Festival and were briefly grouped with the Futurists, sharing live bills alongside fledgling electro-poppers Depeche Mode and chanteuse Marc Almond. The division of live audiences into Blah haters and Blah lovers, often caused near-riots. They eventually retired from the limelight following an attempted live arson attack on band members by a nice fellow in the audience at their thirteenth gig in Stevenage. If you mixed The Residents with the Bonzo Dog Doodah Band and Captain Beefheart you might end up with Blah Blah Blah – whimsical, weird and totally barmy.  The influence of nursery rhymes, sea-shanties, trash literature and TV, and instruments sounding like something that’s escaped from the BBC Radiophonic Workshop.</p>",8,2008-11-26 01:55:23,20,84,,Colchester UK,,"Martin Croxford, Peter Wiggins, Vicky Jones, Ian Smith, Chris Andrews.",Blah Blah Blah,,"['blah blah blah', 'chris andrews']",http://sirhcswerdna.wix.com/chris-andrews#!blah-blah-blah/cbff,,training,large,256000,0,,2008-11-26 01:54:44,2008-11-26 00:00:00,225,0,Rock,[89],"[89, 12, 25]",,179,en,Attribution-Noncommercial-No Derivative Works 2.0 UK: England ,144,,0,,[],Little White Boxes
357,0,2008-11-26 01:58:50,2009-01-01 00:00:00,,1,112,"<p>What's this? One lion, two moles, two zoo keepers, improvised music, no rhythm? Can I take it, this excercise in free thinking? The grunting vocals, the vibrating rubber bands and noise of someone banging on the ceiling. Amusing digs at the modern warrior accompanied by electronic squonks and bips. They consist of one womble two cats and two traffic wardens and specialise in lurching blahism (hyperbolic and frothy sounds) and can be observed on stage dressed as shakespearian actors making unwelcome, ugly noises to the chagrin of many. An eccentric band of experimental musicians with a bizarre brand of rock disguised by weird noises. The worst jazz cords ever invented, excruciating tones&nbsp; through various noise devices may bring chortles of laughter from the loopy denizens on the extreme arts fringe.</p><p>Jaywick jazz? I wouldn't play this to my dog. Dressing up as rocks Blah Blah Blah&nbsp; are without doubt the weirdest bunch you could ever meet. Manes of electronic gadgetry with wind machines, this is an experience in pop - creepy then crawly examples of the emaciated psychedelic or psychic escapist elements of post-punk music<br></p><p><br></p><p>In this Anniversary Special you get an unforgettable 41 Free high quality mp3 downloads available only from the forthcoming WFMU Free Music Archive.</p><p>So go down to Denver to the 39th floor club with your Red Coated young girlfriend and see what's in the sugar bowl.<br mce_bogus=""1""></p>",11086,,[],30th Anniversary Blah Blah Blah,21,Album,,,,"<p><a title=""Blah Latest"" href=""https://www.facebook.com/events/1428696104057184/"" target=""_blank"">CLICK HERE for Latest News</a></p>
<p> </p>
<p>History</p>
<p>Blah Blah Blah started out during the late 70s punk explosion creating sounds that were deliberately anti-music, anti-cool and above all totally unique.  Improvising on electronic instruments they ventured where no-one else dared go.  Their credo never to repeat a single number (even live) meant that everything was recorded for posterity.  Each session unearthed enough golden nuggets to make the journey worth it.  These gathered nuggets were then released as albums. In the 80s they appeared at the 1st Leeds Futurama Festival and were briefly grouped with the Futurists, sharing live bills alongside fledgling electro-poppers Depeche Mode and chanteuse Marc Almond. The division of live audiences into Blah haters and Blah lovers, often caused near-riots. They eventually retired from the limelight following an attempted live arson attack on band members by a nice fellow in the audience at their thirteenth gig in Stevenage. If you mixed The Residents with the Bonzo Dog Doodah Band and Captain Beefheart you might end up with Blah Blah Blah – whimsical, weird and totally barmy.  The influence of nursery rhymes, sea-shanties, trash literature and TV, and instruments sounding like something that’s escaped from the BBC Radiophonic Workshop.</p>",8,2008-11-26 01:55:23,20,84,,Colchester UK,,"Martin Croxford, Peter Wiggins, Vicky Jones, Ian Smith, Chris Andrews.",Blah Blah Blah,,"['blah blah blah', 'chris andrews']",http://sirhcswerdna.wix.com/chris-andrews#!blah-blah-blah/cbff,,training,large,256000,0,,2008-11-26 01:54:46,2008-11-26 00:00:00,139,1,Rock,[89],"[89, 12, 25]",,215,en,Attribution-Noncommercial-No Derivative Works 2.0 UK: England ,165,,0,,[],Mr Mystery
358,0,2008-11-26 01:58:50,2009-01-01 00:00:00,,1,112,"<p>What's this? One lion, two moles, two zoo keepers, improvised music, no rhythm? Can I take it, this excercise in free thinking? The grunting vocals, the vibrating rubber bands and noise of someone banging on the ceiling. Amusing digs at the modern warrior accompanied by electronic squonks and bips. They consist of one womble two cats and two traffic wardens and specialise in lurching blahism (hyperbolic and frothy sounds) and can be observed on stage dressed as shakespearian actors making unwelcome, ugly noises to the chagrin of many. An eccentric band of experimental musicians with a bizarre brand of rock disguised by weird noises. The worst jazz cords ever invented, excruciating tones&nbsp; through various noise devices may bring chortles of laughter from the loopy denizens on the extreme arts fringe.</p><p>Jaywick jazz? I wouldn't play this to my dog. Dressing up as rocks Blah Blah Blah&nbsp; are without doubt the weirdest bunch you could ever meet. Manes of electronic gadgetry with wind machines, this is an experience in pop - creepy then crawly examples of the emaciated psychedelic or psychic escapist elements of post-punk music<br></p><p><br></p><p>In this Anniversary Special you get an unforgettable 41 Free high quality mp3 downloads available only from the forthcoming WFMU Free Music Archive.</p><p>So go down to Denver to the 39th floor club with your Red Coated young girlfriend and see what's in the sugar bowl.<br mce_bogus=""1""></p>",11086,,[],30th Anniversary Blah Blah Blah,21,Album,,,,"<p><a title=""Blah Latest"" href=""https://www.facebook.com/events/1428696104057184/"" target=""_blank"">CLICK HERE for Latest News</a></p>
<p> </p>
<p>History</p>
<p>Blah Blah Blah started out during the late 70s punk explosion creating sounds that were deliberately anti-music, anti-cool and above all totally unique.  Improvising on electronic instruments they ventured where no-one else dared go.  Their credo never to repeat a single number (even live) meant that everything was recorded for posterity.  Each session unearthed enough golden nuggets to make the journey worth it.  These gathered nuggets were then released as albums. In the 80s they appeared at the 1st Leeds Futurama Festival and were briefly grouped with the Futurists, sharing live bills alongside fledgling electro-poppers Depeche Mode and chanteuse Marc Almond. The division of live audiences into Blah haters and Blah lovers, often caused near-riots. They eventually retired from the limelight following an attempted live arson attack on band members by a nice fellow in the audience at their thirteenth gig in Stevenage. If you mixed The Residents with the Bonzo Dog Doodah Band and Captain Beefheart you might end up with Blah Blah Blah – whimsical, weird and totally barmy.  The influence of nursery rhymes, sea-shanties, trash literature and TV, and instruments sounding like something that’s escaped from the BBC Radiophonic Workshop.</p>",8,2008-11-26 01:55:23,20,84,,Colchester UK,,"Martin Croxford, Peter Wiggins, Vicky Jones, Ian Smith, Chris Andrews.",Blah Blah Blah,,"['blah blah blah', 'chris andrews']",http://sirhcswerdna.wix.com/chris-andrews#!blah-blah-blah/cbff,,training,large,256000,0,,2008-11-26 01:54:49,2008-11-26 00:00:00,121,0,Rock,[89],"[89, 12, 25]",,294,en,Attribution-Noncommercial-No Derivative Works 2.0 UK: England ,182,,0,,[],My House
359,0,2008-11-26 01:58:50,2009-01-01 00:00:00,,1,112,"<p>What's this? One lion, two moles, two zoo keepers, improvised music, no rhythm? Can I take it, this excercise in free thinking? The grunting vocals, the vibrating rubber bands and noise of someone banging on the ceiling. Amusing digs at the modern warrior accompanied by electronic squonks and bips. They consist of one womble two cats and two traffic wardens and specialise in lurching blahism (hyperbolic and frothy sounds) and can be observed on stage dressed as shakespearian actors making unwelcome, ugly noises to the chagrin of many. An eccentric band of experimental musicians with a bizarre brand of rock disguised by weird noises. The worst jazz cords ever invented, excruciating tones&nbsp; through various noise devices may bring chortles of laughter from the loopy denizens on the extreme arts fringe.</p><p>Jaywick jazz? I wouldn't play this to my dog. Dressing up as rocks Blah Blah Blah&nbsp; are without doubt the weirdest bunch you could ever meet. Manes of electronic gadgetry with wind machines, this is an experience in pop - creepy then crawly examples of the emaciated psychedelic or psychic escapist elements of post-punk music<br></p><p><br></p><p>In this Anniversary Special you get an unforgettable 41 Free high quality mp3 downloads available only from the forthcoming WFMU Free Music Archive.</p><p>So go down to Denver to the 39th floor club with your Red Coated young girlfriend and see what's in the sugar bowl.<br mce_bogus=""1""></p>",11086,,[],30th Anniversary Blah Blah Blah,21,Album,,,,"<p><a title=""Blah Latest"" href=""https://www.facebook.com/events/1428696104057184/"" target=""_blank"">CLICK HERE for Latest News</a></p>
<p> </p>
<p>History</p>
<p>Blah Blah Blah started out during the late 70s punk explosion creating sounds that were deliberately anti-music, anti-cool and above all totally unique.  Improvising on electronic instruments they ventured where no-one else dared go.  Their credo never to repeat a single number (even live) meant that everything was recorded for posterity.  Each session unearthed enough golden nuggets to make the journey worth it.  These gathered nuggets were then released as albums. In the 80s they appeared at the 1st Leeds Futurama Festival and were briefly grouped with the Futurists, sharing live bills alongside fledgling electro-poppers Depeche Mode and chanteuse Marc Almond. The division of live audiences into Blah haters and Blah lovers, often caused near-riots. They eventually retired from the limelight following an attempted live arson attack on band members by a nice fellow in the audience at their thirteenth gig in Stevenage. If you mixed The Residents with the Bonzo Dog Doodah Band and Captain Beefheart you might end up with Blah Blah Blah – whimsical, weird and totally barmy.  The influence of nursery rhymes, sea-shanties, trash literature and TV, and instruments sounding like something that’s escaped from the BBC Radiophonic Workshop.</p>",8,2008-11-26 01:55:23,20,84,,Colchester UK,,"Martin Croxford, Peter Wiggins, Vicky Jones, Ian Smith, Chris Andrews.",Blah Blah Blah,,"['blah blah blah', 'chris andrews']",http://sirhcswerdna.wix.com/chris-andrews#!blah-blah-blah/cbff,,training,large,256000,0,,2008-11-26 01:54:51,2008-11-26 00:00:00,178,0,Rock,[89],"[89, 12, 25]",,130,en,Attribution-Noncommercial-No Derivative Works 2.0 UK: England ,62,,0,,[],My Room
360,0,2008-11-26 01:58:50,2009-01-01 00:00:00,,1,112,"<p>What's this? One lion, two moles, two zoo keepers, improvised music, no rhythm? Can I take it, this excercise in free thinking? The grunting vocals, the vibrating rubber bands and noise of someone banging on the ceiling. Amusing digs at the modern warrior accompanied by electronic squonks and bips. They consist of one womble two cats and two traffic wardens and specialise in lurching blahism (hyperbolic and frothy sounds) and can be observed on stage dressed as shakespearian actors making unwelcome, ugly noises to the chagrin of many. An eccentric band of experimental musicians with a bizarre brand of rock disguised by weird noises. The worst jazz cords ever invented, excruciating tones&nbsp; through various noise devices may bring chortles of laughter from the loopy denizens on the extreme arts fringe.</p><p>Jaywick jazz? I wouldn't play this to my dog. Dressing up as rocks Blah Blah Blah&nbsp; are without doubt the weirdest bunch you could ever meet. Manes of electronic gadgetry with wind machines, this is an experience in pop - creepy then crawly examples of the emaciated psychedelic or psychic escapist elements of post-punk music<br></p><p><br></p><p>In this Anniversary Special you get an unforgettable 41 Free high quality mp3 downloads available only from the forthcoming WFMU Free Music Archive.</p><p>So go down to Denver to the 39th floor club with your Red Coated young girlfriend and see what's in the sugar bowl.<br mce_bogus=""1""></p>",11086,,[],30th Anniversary Blah Blah Blah,21,Album,,,,"<p><a title=""Blah Latest"" href=""https://www.facebook.com/events/1428696104057184/"" target=""_blank"">CLICK HERE for Latest News</a></p>
<p> </p>
<p>History</p>
<p>Blah Blah Blah started out during the late 70s punk explosion creating sounds that were deliberately anti-music, anti-cool and above all totally unique.  Improvising on electronic instruments they ventured where no-one else dared go.  Their credo never to repeat a single number (even live) meant that everything was recorded for posterity.  Each session unearthed enough golden nuggets to make the journey worth it.  These gathered nuggets were then released as albums. In the 80s they appeared at the 1st Leeds Futurama Festival and were briefly grouped with the Futurists, sharing live bills alongside fledgling electro-poppers Depeche Mode and chanteuse Marc Almond. The division of live audiences into Blah haters and Blah lovers, often caused near-riots. They eventually retired from the limelight following an attempted live arson attack on band members by a nice fellow in the audience at their thirteenth gig in Stevenage. If you mixed The Residents with the Bonzo Dog Doodah Band and Captain Beefheart you might end up with Blah Blah Blah – whimsical, weird and totally barmy.  The influence of nursery rhymes, sea-shanties, trash literature and TV, and instruments sounding like something that’s escaped from the BBC Radiophonic Workshop.</p>",8,2008-11-26 01:55:23,20,84,,Colchester UK,,"Martin Croxford, Peter Wiggins, Vicky Jones, Ian Smith, Chris Andrews.",Blah Blah Blah,,"['blah blah blah', 'chris andrews']",http://sirhcswerdna.wix.com/chris-andrews#!blah-blah-blah/cbff,,training,large,256000,0,,2008-11-26 01:54:54,2008-11-26 00:00:00,126,1,Rock,[89],"[89, 12, 25]",,332,en,Attribution-Noncommercial-No Derivative Works 2.0 UK: England ,255,,0,,[],Radio Jazz with Mr Rhodes
361,0,2008-11-26 01:58:50,2009-01-01 00:00:00,,1,112,"<p>What's this? One lion, two moles, two zoo keepers, improvised music, no rhythm? Can I take it, this excercise in free thinking? The grunting vocals, the vibrating rubber bands and noise of someone banging on the ceiling. Amusing digs at the modern warrior accompanied by electronic squonks and bips. They consist of one womble two cats and two traffic wardens and specialise in lurching blahism (hyperbolic and frothy sounds) and can be observed on stage dressed as shakespearian actors making unwelcome, ugly noises to the chagrin of many. An eccentric band of experimental musicians with a bizarre brand of rock disguised by weird noises. The worst jazz cords ever invented, excruciating tones&nbsp; through various noise devices may bring chortles of laughter from the loopy denizens on the extreme arts fringe.</p><p>Jaywick jazz? I wouldn't play this to my dog. Dressing up as rocks Blah Blah Blah&nbsp; are without doubt the weirdest bunch you could ever meet. Manes of electronic gadgetry with wind machines, this is an experience in pop - creepy then crawly examples of the emaciated psychedelic or psychic escapist elements of post-punk music<br></p><p><br></p><p>In this Anniversary Special you get an unforgettable 41 Free high quality mp3 downloads available only from the forthcoming WFMU Free Music Archive.</p><p>So go down to Denver to the 39th floor club with your Red Coated young girlfriend and see what's in the sugar bowl.<br mce_bogus=""1""></p>",11086,,[],30th Anniversary Blah Blah Blah,21,Album,,,,"<p><a title=""Blah Latest"" href=""https://www.facebook.com/events/1428696104057184/"" target=""_blank"">CLICK HERE for Latest News</a></p>
<p> </p>
<p>History</p>
<p>Blah Blah Blah started out during the late 70s punk explosion creating sounds that were deliberately anti-music, anti-cool and above all totally unique.  Improvising on electronic instruments they ventured where no-one else dared go.  Their credo never to repeat a single number (even live) meant that everything was recorded for posterity.  Each session unearthed enough golden nuggets to make the journey worth it.  These gathered nuggets were then released as albums. In the 80s they appeared at the 1st Leeds Futurama Festival and were briefly grouped with the Futurists, sharing live bills alongside fledgling electro-poppers Depeche Mode and chanteuse Marc Almond. The division of live audiences into Blah haters and Blah lovers, often caused near-riots. They eventually retired from the limelight following an attempted live arson attack on band members by a nice fellow in the audience at their thirteenth gig in Stevenage. If you mixed The Residents with the Bonzo Dog Doodah Band and Captain Beefheart you might end up with Blah Blah Blah – whimsical, weird and totally barmy.  The influence of nursery rhymes, sea-shanties, trash literature and TV, and instruments sounding like something that’s escaped from the BBC Radiophonic Workshop.</p>",8,2008-11-26 01:55:23,20,84,,Colchester UK,,"Martin Croxford, Peter Wiggins, Vicky Jones, Ian Smith, Chris Andrews.",Blah Blah Blah,,"['blah blah blah', 'chris andrews']",http://sirhcswerdna.wix.com/chris-andrews#!blah-blah-blah/cbff,,training,large,256000,0,,2008-11-26 01:54:57,2008-11-26 00:00:00,218,0,Rock,[89],"[89, 12, 25]",,140,en,Attribution-Noncommercial-No Derivative Works 2.0 UK: England ,65,,0,,[],Red coated young girlfriend
362,0,2008-11-26 01:58:50,2009-01-01 00:00:00,,1,112,"<p>What's this? One lion, two moles, two zoo keepers, improvised music, no rhythm? Can I take it, this excercise in free thinking? The grunting vocals, the vibrating rubber bands and noise of someone banging on the ceiling. Amusing digs at the modern warrior accompanied by electronic squonks and bips. They consist of one womble two cats and two traffic wardens and specialise in lurching blahism (hyperbolic and frothy sounds) and can be observed on stage dressed as shakespearian actors making unwelcome, ugly noises to the chagrin of many. An eccentric band of experimental musicians with a bizarre brand of rock disguised by weird noises. The worst jazz cords ever invented, excruciating tones&nbsp; through various noise devices may bring chortles of laughter from the loopy denizens on the extreme arts fringe.</p><p>Jaywick jazz? I wouldn't play this to my dog. Dressing up as rocks Blah Blah Blah&nbsp; are without doubt the weirdest bunch you could ever meet. Manes of electronic gadgetry with wind machines, this is an experience in pop - creepy then crawly examples of the emaciated psychedelic or psychic escapist elements of post-punk music<br></p><p><br></p><p>In this Anniversary Special you get an unforgettable 41 Free high quality mp3 downloads available only from the forthcoming WFMU Free Music Archive.</p><p>So go down to Denver to the 39th floor club with your Red Coated young girlfriend and see what's in the sugar bowl.<br mce_bogus=""1""></p>",11086,,[],30th Anniversary Blah Blah Blah,21,Album,,,,"<p><a title=""Blah Latest"" href=""https://www.facebook.com/events/1428696104057184/"" target=""_blank"">CLICK HERE for Latest News</a></p>
<p> </p>
<p>History</p>
<p>Blah Blah Blah started out during the late 70s punk explosion creating sounds that were deliberately anti-music, anti-cool and above all totally unique.  Improvising on electronic instruments they ventured where no-one else dared go.  Their credo never to repeat a single number (even live) meant that everything was recorded for posterity.  Each session unearthed enough golden nuggets to make the journey worth it.  These gathered nuggets were then released as albums. In the 80s they appeared at the 1st Leeds Futurama Festival and were briefly grouped with the Futurists, sharing live bills alongside fledgling electro-poppers Depeche Mode and chanteuse Marc Almond. The division of live audiences into Blah haters and Blah lovers, often caused near-riots. They eventually retired from the limelight following an attempted live arson attack on band members by a nice fellow in the audience at their thirteenth gig in Stevenage. If you mixed The Residents with the Bonzo Dog Doodah Band and Captain Beefheart you might end up with Blah Blah Blah – whimsical, weird and totally barmy.  The influence of nursery rhymes, sea-shanties, trash literature and TV, and instruments sounding like something that’s escaped from the BBC Radiophonic Workshop.</p>",8,2008-11-26 01:55:23,20,84,,Colchester UK,,"Martin Croxford, Peter Wiggins, Vicky Jones, Ian Smith, Chris Andrews.",Blah Blah Blah,,"['blah blah blah', 'chris andrews']",http://sirhcswerdna.wix.com/chris-andrews#!blah-blah-blah/cbff,,training,large,256000,0,,2008-11-26 01:54:59,,122,0,Rock,[89],"[89, 12, 25]",,131,en,Attribution-Noncommercial-No Derivative Works 2.0 UK: England ,59,,0,,[],Starsigns
363,0,2008-11-26 01:58:50,2009-01-01 00:00:00,,1,112,"<p>What's this? One lion, two moles, two zoo keepers, improvised music, no rhythm? Can I take it, this excercise in free thinking? The grunting vocals, the vibrating rubber bands and noise of someone banging on the ceiling. Amusing digs at the modern warrior accompanied by electronic squonks and bips. They consist of one womble two cats and two traffic wardens and specialise in lurching blahism (hyperbolic and frothy sounds) and can be observed on stage dressed as shakespearian actors making unwelcome, ugly noises to the chagrin of many. An eccentric band of experimental musicians with a bizarre brand of rock disguised by weird noises. The worst jazz cords ever invented, excruciating tones&nbsp; through various noise devices may bring chortles of laughter from the loopy denizens on the extreme arts fringe.</p><p>Jaywick jazz? I wouldn't play this to my dog. Dressing up as rocks Blah Blah Blah&nbsp; are without doubt the weirdest bunch you could ever meet. Manes of electronic gadgetry with wind machines, this is an experience in pop - creepy then crawly examples of the emaciated psychedelic or psychic escapist elements of post-punk music<br></p><p><br></p><p>In this Anniversary Special you get an unforgettable 41 Free high quality mp3 downloads available only from the forthcoming WFMU Free Music Archive.</p><p>So go down to Denver to the 39th floor club with your Red Coated young girlfriend and see what's in the sugar bowl.<br mce_bogus=""1""></p>",11086,,[],30th Anniversary Blah Blah Blah,21,Album,,,,"<p><a title=""Blah Latest"" href=""https://www.facebook.com/events/1428696104057184/"" target=""_blank"">CLICK HERE for Latest News</a></p>
<p> </p>
<p>History</p>
<p>Blah Blah Blah started out during the late 70s punk explosion creating sounds that were deliberately anti-music, anti-cool and above all totally unique.  Improvising on electronic instruments they ventured where no-one else dared go.  Their credo never to repeat a single number (even live) meant that everything was recorded for posterity.  Each session unearthed enough golden nuggets to make the journey worth it.  These gathered nuggets were then released as albums. In the 80s they appeared at the 1st Leeds Futurama Festival and were briefly grouped with the Futurists, sharing live bills alongside fledgling electro-poppers Depeche Mode and chanteuse Marc Almond. The division of live audiences into Blah haters and Blah lovers, often caused near-riots. They eventually retired from the limelight following an attempted live arson attack on band members by a nice fellow in the audience at their thirteenth gig in Stevenage. If you mixed The Residents with the Bonzo Dog Doodah Band and Captain Beefheart you might end up with Blah Blah Blah – whimsical, weird and totally barmy.  The influence of nursery rhymes, sea-shanties, trash literature and TV, and instruments sounding like something that’s escaped from the BBC Radiophonic Workshop.</p>",8,2008-11-26 01:55:23,20,84,,Colchester UK,,"Martin Croxford, Peter Wiggins, Vicky Jones, Ian Smith, Chris Andrews.",Blah Blah Blah,,"['blah blah blah', 'chris andrews']",http://sirhcswerdna.wix.com/chris-andrews#!blah-blah-blah/cbff,,training,large,256000,0,,2008-11-26 01:55:02,2008-11-26 00:00:00,165,0,Rock,[89],"[89, 12, 25]",,184,en,Attribution-Noncommercial-No Derivative Works 2.0 UK: England ,98,,0,,[],Sugar Bowl
364,0,2008-11-26 01:58:50,2009-01-01 00:00:00,,1,112,"<p>What's this? One lion, two moles, two zoo keepers, improvised music, no rhythm? Can I take it, this excercise in free thinking? The grunting vocals, the vibrating rubber bands and noise of someone banging on the ceiling. Amusing digs at the modern warrior accompanied by electronic squonks and bips. They consist of one womble two cats and two traffic wardens and specialise in lurching blahism (hyperbolic and frothy sounds) and can be observed on stage dressed as shakespearian actors making unwelcome, ugly noises to the chagrin of many. An eccentric band of experimental musicians with a bizarre brand of rock disguised by weird noises. The worst jazz cords ever invented, excruciating tones&nbsp; through various noise devices may bring chortles of laughter from the loopy denizens on the extreme arts fringe.</p><p>Jaywick jazz? I wouldn't play this to my dog. Dressing up as rocks Blah Blah Blah&nbsp; are without doubt the weirdest bunch you could ever meet. Manes of electronic gadgetry with wind machines, this is an experience in pop - creepy then crawly examples of the emaciated psychedelic or psychic escapist elements of post-punk music<br></p><p><br></p><p>In this Anniversary Special you get an unforgettable 41 Free high quality mp3 downloads available only from the forthcoming WFMU Free Music Archive.</p><p>So go down to Denver to the 39th floor club with your Red Coated young girlfriend and see what's in the sugar bowl.<br mce_bogus=""1""></p>",11086,,[],30th Anniversary Blah Blah Blah,21,Album,,,,"<p><a title=""Blah Latest"" href=""https://www.facebook.com/events/1428696104057184/"" target=""_blank"">CLICK HERE for Latest News</a></p>
<p> </p>
<p>History</p>
<p>Blah Blah Blah started out during the late 70s punk explosion creating sounds that were deliberately anti-music, anti-cool and above all totally unique.  Improvising on electronic instruments they ventured where no-one else dared go.  Their credo never to repeat a single number (even live) meant that everything was recorded for posterity.  Each session unearthed enough golden nuggets to make the journey worth it.  These gathered nuggets were then released as albums. In the 80s they appeared at the 1st Leeds Futurama Festival and were briefly grouped with the Futurists, sharing live bills alongside fledgling electro-poppers Depeche Mode and chanteuse Marc Almond. The division of live audiences into Blah haters and Blah lovers, often caused near-riots. They eventually retired from the limelight following an attempted live arson attack on band members by a nice fellow in the audience at their thirteenth gig in Stevenage. If you mixed The Residents with the Bonzo Dog Doodah Band and Captain Beefheart you might end up with Blah Blah Blah – whimsical, weird and totally barmy.  The influence of nursery rhymes, sea-shanties, trash literature and TV, and instruments sounding like something that’s escaped from the BBC Radiophonic Workshop.</p>",8,2008-11-26 01:55:23,20,84,,Colchester UK,,"Martin Croxford, Peter Wiggins, Vicky Jones, Ian Smith, Chris Andrews.",Blah Blah Blah,,"['blah blah blah', 'chris andrews']",http://sirhcswerdna.wix.com/chris-andrews#!blah-blah-blah/cbff,,training,large,256000,0,,2008-11-26 01:55:04,2008-11-26 00:00:00,152,0,Rock,[89],"[89, 12, 25]",,113,en,Attribution-Noncommercial-No Derivative Works 2.0 UK: England ,47,,0,,[],Sunspot activity
365,0,2008-11-26 01:58:50,2009-01-01 00:00:00,,1,112,"<p>What's this? One lion, two moles, two zoo keepers, improvised music, no rhythm? Can I take it, this excercise in free thinking? The grunting vocals, the vibrating rubber bands and noise of someone banging on the ceiling. Amusing digs at the modern warrior accompanied by electronic squonks and bips. They consist of one womble two cats and two traffic wardens and specialise in lurching blahism (hyperbolic and frothy sounds) and can be observed on stage dressed as shakespearian actors making unwelcome, ugly noises to the chagrin of many. An eccentric band of experimental musicians with a bizarre brand of rock disguised by weird noises. The worst jazz cords ever invented, excruciating tones&nbsp; through various noise devices may bring chortles of laughter from the loopy denizens on the extreme arts fringe.</p><p>Jaywick jazz? I wouldn't play this to my dog. Dressing up as rocks Blah Blah Blah&nbsp; are without doubt the weirdest bunch you could ever meet. Manes of electronic gadgetry with wind machines, this is an experience in pop - creepy then crawly examples of the emaciated psychedelic or psychic escapist elements of post-punk music<br></p><p><br></p><p>In this Anniversary Special you get an unforgettable 41 Free high quality mp3 downloads available only from the forthcoming WFMU Free Music Archive.</p><p>So go down to Denver to the 39th floor club with your Red Coated young girlfriend and see what's in the sugar bowl.<br mce_bogus=""1""></p>",11086,,[],30th Anniversary Blah Blah Blah,21,Album,,,,"<p><a title=""Blah Latest"" href=""https://www.facebook.com/events/1428696104057184/"" target=""_blank"">CLICK HERE for Latest News</a></p>
<p> </p>
<p>History</p>
<p>Blah Blah Blah started out during the late 70s punk explosion creating sounds that were deliberately anti-music, anti-cool and above all totally unique.  Improvising on electronic instruments they ventured where no-one else dared go.  Their credo never to repeat a single number (even live) meant that everything was recorded for posterity.  Each session unearthed enough golden nuggets to make the journey worth it.  These gathered nuggets were then released as albums. In the 80s they appeared at the 1st Leeds Futurama Festival and were briefly grouped with the Futurists, sharing live bills alongside fledgling electro-poppers Depeche Mode and chanteuse Marc Almond. The division of live audiences into Blah haters and Blah lovers, often caused near-riots. They eventually retired from the limelight following an attempted live arson attack on band members by a nice fellow in the audience at their thirteenth gig in Stevenage. If you mixed The Residents with the Bonzo Dog Doodah Band and Captain Beefheart you might end up with Blah Blah Blah – whimsical, weird and totally barmy.  The influence of nursery rhymes, sea-shanties, trash literature and TV, and instruments sounding like something that’s escaped from the BBC Radiophonic Workshop.</p>",8,2008-11-26 01:55:23,20,84,,Colchester UK,,"Martin Croxford, Peter Wiggins, Vicky Jones, Ian Smith, Chris Andrews.",Blah Blah Blah,,"['blah blah blah', 'chris andrews']",http://sirhcswerdna.wix.com/chris-andrews#!blah-blah-blah/cbff,,training,large,256000,0,,2008-11-26 01:55:06,2008-11-26 00:00:00,104,0,Rock,[89],"[89, 12, 25]",,445,en,Attribution-Noncommercial-No Derivative Works 2.0 UK: England ,326,,0,,[],The Sound of Music
366,0,2008-11-26 01:58:50,2009-01-01 00:00:00,,1,112,"<p>What's this? One lion, two moles, two zoo keepers, improvised music, no rhythm? Can I take it, this excercise in free thinking? The grunting vocals, the vibrating rubber bands and noise of someone banging on the ceiling. Amusing digs at the modern warrior accompanied by electronic squonks and bips. They consist of one womble two cats and two traffic wardens and specialise in lurching blahism (hyperbolic and frothy sounds) and can be observed on stage dressed as shakespearian actors making unwelcome, ugly noises to the chagrin of many. An eccentric band of experimental musicians with a bizarre brand of rock disguised by weird noises. The worst jazz cords ever invented, excruciating tones&nbsp; through various noise devices may bring chortles of laughter from the loopy denizens on the extreme arts fringe.</p><p>Jaywick jazz? I wouldn't play this to my dog. Dressing up as rocks Blah Blah Blah&nbsp; are without doubt the weirdest bunch you could ever meet. Manes of electronic gadgetry with wind machines, this is an experience in pop - creepy then crawly examples of the emaciated psychedelic or psychic escapist elements of post-punk music<br></p><p><br></p><p>In this Anniversary Special you get an unforgettable 41 Free high quality mp3 downloads available only from the forthcoming WFMU Free Music Archive.</p><p>So go down to Denver to the 39th floor club with your Red Coated young girlfriend and see what's in the sugar bowl.<br mce_bogus=""1""></p>",11086,,[],30th Anniversary Blah Blah Blah,21,Album,,,,"<p><a title=""Blah Latest"" href=""https://www.facebook.com/events/1428696104057184/"" target=""_blank"">CLICK HERE for Latest News</a></p>
<p> </p>
<p>History</p>
<p>Blah Blah Blah started out during the late 70s punk explosion creating sounds that were deliberately anti-music, anti-cool and above all totally unique.  Improvising on electronic instruments they ventured where no-one else dared go.  Their credo never to repeat a single number (even live) meant that everything was recorded for posterity.  Each session unearthed enough golden nuggets to make the journey worth it.  These gathered nuggets were then released as albums. In the 80s they appeared at the 1st Leeds Futurama Festival and were briefly grouped with the Futurists, sharing live bills alongside fledgling electro-poppers Depeche Mode and chanteuse Marc Almond. The division of live audiences into Blah haters and Blah lovers, often caused near-riots. They eventually retired from the limelight following an attempted live arson attack on band members by a nice fellow in the audience at their thirteenth gig in Stevenage. If you mixed The Residents with the Bonzo Dog Doodah Band and Captain Beefheart you might end up with Blah Blah Blah – whimsical, weird and totally barmy.  The influence of nursery rhymes, sea-shanties, trash literature and TV, and instruments sounding like something that’s escaped from the BBC Radiophonic Workshop.</p>",8,2008-11-26 01:55:23,20,84,,Colchester UK,,"Martin Croxford, Peter Wiggins, Vicky Jones, Ian Smith, Chris Andrews.",Blah Blah Blah,,"['blah blah blah', 'chris andrews']",http://sirhcswerdna.wix.com/chris-andrews#!blah-blah-blah/cbff,,training,large,256000,0,Blah Blah Blah,2008-11-26 01:55:09,2008-11-26 00:00:00,144,0,Rock,[89],"[89, 12, 25]",,141,en,Attribution-Noncommercial-No Derivative Works 2.0 UK: England ,67,,0,,[],The Swamp
367,0,2008-11-26 01:58:50,2009-01-01 00:00:00,,1,112,"<p>What's this? One lion, two moles, two zoo keepers, improvised music, no rhythm? Can I take it, this excercise in free thinking? The grunting vocals, the vibrating rubber bands and noise of someone banging on the ceiling. Amusing digs at the modern warrior accompanied by electronic squonks and bips. They consist of one womble two cats and two traffic wardens and specialise in lurching blahism (hyperbolic and frothy sounds) and can be observed on stage dressed as shakespearian actors making unwelcome, ugly noises to the chagrin of many. An eccentric band of experimental musicians with a bizarre brand of rock disguised by weird noises. The worst jazz cords ever invented, excruciating tones&nbsp; through various noise devices may bring chortles of laughter from the loopy denizens on the extreme arts fringe.</p><p>Jaywick jazz? I wouldn't play this to my dog. Dressing up as rocks Blah Blah Blah&nbsp; are without doubt the weirdest bunch you could ever meet. Manes of electronic gadgetry with wind machines, this is an experience in pop - creepy then crawly examples of the emaciated psychedelic or psychic escapist elements of post-punk music<br></p><p><br></p><p>In this Anniversary Special you get an unforgettable 41 Free high quality mp3 downloads available only from the forthcoming WFMU Free Music Archive.</p><p>So go down to Denver to the 39th floor club with your Red Coated young girlfriend and see what's in the sugar bowl.<br mce_bogus=""1""></p>",11086,,[],30th Anniversary Blah Blah Blah,21,Album,,,,"<p><a title=""Blah Latest"" href=""https://www.facebook.com/events/1428696104057184/"" target=""_blank"">CLICK HERE for Latest News</a></p>
<p> </p>
<p>History</p>
<p>Blah Blah Blah started out during the late 70s punk explosion creating sounds that were deliberately anti-music, anti-cool and above all totally unique.  Improvising on electronic instruments they ventured where no-one else dared go.  Their credo never to repeat a single number (even live) meant that everything was recorded for posterity.  Each session unearthed enough golden nuggets to make the journey worth it.  These gathered nuggets were then released as albums. In the 80s they appeared at the 1st Leeds Futurama Festival and were briefly grouped with the Futurists, sharing live bills alongside fledgling electro-poppers Depeche Mode and chanteuse Marc Almond. The division of live audiences into Blah haters and Blah lovers, often caused near-riots. They eventually retired from the limelight following an attempted live arson attack on band members by a nice fellow in the audience at their thirteenth gig in Stevenage. If you mixed The Residents with the Bonzo Dog Doodah Band and Captain Beefheart you might end up with Blah Blah Blah – whimsical, weird and totally barmy.  The influence of nursery rhymes, sea-shanties, trash literature and TV, and instruments sounding like something that’s escaped from the BBC Radiophonic Workshop.</p>",8,2008-11-26 01:55:23,20,84,,Colchester UK,,"Martin Croxford, Peter Wiggins, Vicky Jones, Ian Smith, Chris Andrews.",Blah Blah Blah,,"['blah blah blah', 'chris andrews']",http://sirhcswerdna.wix.com/chris-andrews#!blah-blah-blah/cbff,,training,large,256000,0,,2008-11-26 01:55:11,2008-11-26 00:00:00,110,0,Rock,[89],"[89, 12, 25]",,139,en,Attribution-Noncommercial-No Derivative Works 2.0 UK: England ,55,,0,,[],There goes my greenhouse
368,0,2008-11-26 01:58:50,2009-01-01 00:00:00,,1,112,"<p>What's this? One lion, two moles, two zoo keepers, improvised music, no rhythm? Can I take it, this excercise in free thinking? The grunting vocals, the vibrating rubber bands and noise of someone banging on the ceiling. Amusing digs at the modern warrior accompanied by electronic squonks and bips. They consist of one womble two cats and two traffic wardens and specialise in lurching blahism (hyperbolic and frothy sounds) and can be observed on stage dressed as shakespearian actors making unwelcome, ugly noises to the chagrin of many. An eccentric band of experimental musicians with a bizarre brand of rock disguised by weird noises. The worst jazz cords ever invented, excruciating tones&nbsp; through various noise devices may bring chortles of laughter from the loopy denizens on the extreme arts fringe.</p><p>Jaywick jazz? I wouldn't play this to my dog. Dressing up as rocks Blah Blah Blah&nbsp; are without doubt the weirdest bunch you could ever meet. Manes of electronic gadgetry with wind machines, this is an experience in pop - creepy then crawly examples of the emaciated psychedelic or psychic escapist elements of post-punk music<br></p><p><br></p><p>In this Anniversary Special you get an unforgettable 41 Free high quality mp3 downloads available only from the forthcoming WFMU Free Music Archive.</p><p>So go down to Denver to the 39th floor club with your Red Coated young girlfriend and see what's in the sugar bowl.<br mce_bogus=""1""></p>",11086,,[],30th Anniversary Blah Blah Blah,21,Album,,,,"<p><a title=""Blah Latest"" href=""https://www.facebook.com/events/1428696104057184/"" target=""_blank"">CLICK HERE for Latest News</a></p>
<p> </p>
<p>History</p>
<p>Blah Blah Blah started out during the late 70s punk explosion creating sounds that were deliberately anti-music, anti-cool and above all totally unique.  Improvising on electronic instruments they ventured where no-one else dared go.  Their credo never to repeat a single number (even live) meant that everything was recorded for posterity.  Each session unearthed enough golden nuggets to make the journey worth it.  These gathered nuggets were then released as albums. In the 80s they appeared at the 1st Leeds Futurama Festival and were briefly grouped with the Futurists, sharing live bills alongside fledgling electro-poppers Depeche Mode and chanteuse Marc Almond. The division of live audiences into Blah haters and Blah lovers, often caused near-riots. They eventually retired from the limelight following an attempted live arson attack on band members by a nice fellow in the audience at their thirteenth gig in Stevenage. If you mixed The Residents with the Bonzo Dog Doodah Band and Captain Beefheart you might end up with Blah Blah Blah – whimsical, weird and totally barmy.  The influence of nursery rhymes, sea-shanties, trash literature and TV, and instruments sounding like something that’s escaped from the BBC Radiophonic Workshop.</p>",8,2008-11-26 01:55:23,20,84,,Colchester UK,,"Martin Croxford, Peter Wiggins, Vicky Jones, Ian Smith, Chris Andrews.",Blah Blah Blah,,"['blah blah blah', 'chris andrews']",http://sirhcswerdna.wix.com/chris-andrews#!blah-blah-blah/cbff,,training,small,256000,0,,2008-11-26 01:55:14,2008-11-26 00:00:00,280,1,Rock,[89],"[89, 12, 25]",,3572,en,Attribution-Noncommercial-No Derivative Works 2.0 UK: England ,2281,,0,,[],Vampires
369,0,2008-11-26 01:58:50,2009-01-01 00:00:00,,1,112,"<p>What's this? One lion, two moles, two zoo keepers, improvised music, no rhythm? Can I take it, this excercise in free thinking? The grunting vocals, the vibrating rubber bands and noise of someone banging on the ceiling. Amusing digs at the modern warrior accompanied by electronic squonks and bips. They consist of one womble two cats and two traffic wardens and specialise in lurching blahism (hyperbolic and frothy sounds) and can be observed on stage dressed as shakespearian actors making unwelcome, ugly noises to the chagrin of many. An eccentric band of experimental musicians with a bizarre brand of rock disguised by weird noises. The worst jazz cords ever invented, excruciating tones&nbsp; through various noise devices may bring chortles of laughter from the loopy denizens on the extreme arts fringe.</p><p>Jaywick jazz? I wouldn't play this to my dog. Dressing up as rocks Blah Blah Blah&nbsp; are without doubt the weirdest bunch you could ever meet. Manes of electronic gadgetry with wind machines, this is an experience in pop - creepy then crawly examples of the emaciated psychedelic or psychic escapist elements of post-punk music<br></p><p><br></p><p>In this Anniversary Special you get an unforgettable 41 Free high quality mp3 downloads available only from the forthcoming WFMU Free Music Archive.</p><p>So go down to Denver to the 39th floor club with your Red Coated young girlfriend and see what's in the sugar bowl.<br mce_bogus=""1""></p>",11086,,[],30th Anniversary Blah Blah Blah,21,Album,,,,"<p><a title=""Blah Latest"" href=""https://www.facebook.com/events/1428696104057184/"" target=""_blank"">CLICK HERE for Latest News</a></p>
<p> </p>
<p>History</p>
<p>Blah Blah Blah started out during the late 70s punk explosion creating sounds that were deliberately anti-music, anti-cool and above all totally unique.  Improvising on electronic instruments they ventured where no-one else dared go.  Their credo never to repeat a single number (even live) meant that everything was recorded for posterity.  Each session unearthed enough golden nuggets to make the journey worth it.  These gathered nuggets were then released as albums. In the 80s they appeared at the 1st Leeds Futurama Festival and were briefly grouped with the Futurists, sharing live bills alongside fledgling electro-poppers Depeche Mode and chanteuse Marc Almond. The division of live audiences into Blah haters and Blah lovers, often caused near-riots. They eventually retired from the limelight following an attempted live arson attack on band members by a nice fellow in the audience at their thirteenth gig in Stevenage. If you mixed The Residents with the Bonzo Dog Doodah Band and Captain Beefheart you might end up with Blah Blah Blah – whimsical, weird and totally barmy.  The influence of nursery rhymes, sea-shanties, trash literature and TV, and instruments sounding like something that’s escaped from the BBC Radiophonic Workshop.</p>",8,2008-11-26 01:55:23,20,84,,Colchester UK,,"Martin Croxford, Peter Wiggins, Vicky Jones, Ian Smith, Chris Andrews.",Blah Blah Blah,,"['blah blah blah', 'chris andrews']",http://sirhcswerdna.wix.com/chris-andrews#!blah-blah-blah/cbff,,training,medium,256000,0,,2008-11-26 01:55:19,2008-11-26 00:00:00,185,0,Rock,[89],"[89, 12, 25]",,2366,en,Attribution-Noncommercial-No Derivative Works 2.0 UK: England ,1551,,0,,[],Whistle while you work
370,0,2008-11-26 01:58:50,2009-01-01 00:00:00,,1,112,"<p>What's this? One lion, two moles, two zoo keepers, improvised music, no rhythm? Can I take it, this excercise in free thinking? The grunting vocals, the vibrating rubber bands and noise of someone banging on the ceiling. Amusing digs at the modern warrior accompanied by electronic squonks and bips. They consist of one womble two cats and two traffic wardens and specialise in lurching blahism (hyperbolic and frothy sounds) and can be observed on stage dressed as shakespearian actors making unwelcome, ugly noises to the chagrin of many. An eccentric band of experimental musicians with a bizarre brand of rock disguised by weird noises. The worst jazz cords ever invented, excruciating tones&nbsp; through various noise devices may bring chortles of laughter from the loopy denizens on the extreme arts fringe.</p><p>Jaywick jazz? I wouldn't play this to my dog. Dressing up as rocks Blah Blah Blah&nbsp; are without doubt the weirdest bunch you could ever meet. Manes of electronic gadgetry with wind machines, this is an experience in pop - creepy then crawly examples of the emaciated psychedelic or psychic escapist elements of post-punk music<br></p><p><br></p><p>In this Anniversary Special you get an unforgettable 41 Free high quality mp3 downloads available only from the forthcoming WFMU Free Music Archive.</p><p>So go down to Denver to the 39th floor club with your Red Coated young girlfriend and see what's in the sugar bowl.<br mce_bogus=""1""></p>",11086,,[],30th Anniversary Blah Blah Blah,21,Album,,,,"<p><a title=""Blah Latest"" href=""https://www.facebook.com/events/1428696104057184/"" target=""_blank"">CLICK HERE for Latest News</a></p>
<p> </p>
<p>History</p>
<p>Blah Blah Blah started out during the late 70s punk explosion creating sounds that were deliberately anti-music, anti-cool and above all totally unique.  Improvising on electronic instruments they ventured where no-one else dared go.  Their credo never to repeat a single number (even live) meant that everything was recorded for posterity.  Each session unearthed enough golden nuggets to make the journey worth it.  These gathered nuggets were then released as albums. In the 80s they appeared at the 1st Leeds Futurama Festival and were briefly grouped with the Futurists, sharing live bills alongside fledgling electro-poppers Depeche Mode and chanteuse Marc Almond. The division of live audiences into Blah haters and Blah lovers, often caused near-riots. They eventually retired from the limelight following an attempted live arson attack on band members by a nice fellow in the audience at their thirteenth gig in Stevenage. If you mixed The Residents with the Bonzo Dog Doodah Band and Captain Beefheart you might end up with Blah Blah Blah – whimsical, weird and totally barmy.  The influence of nursery rhymes, sea-shanties, trash literature and TV, and instruments sounding like something that’s escaped from the BBC Radiophonic Workshop.</p>",8,2008-11-26 01:55:23,20,84,,Colchester UK,,"Martin Croxford, Peter Wiggins, Vicky Jones, Ian Smith, Chris Andrews.",Blah Blah Blah,,"['blah blah blah', 'chris andrews']",http://sirhcswerdna.wix.com/chris-andrews#!blah-blah-blah/cbff,,training,large,256000,0,,2008-11-26 01:55:21,2008-11-26 00:00:00,213,0,Rock,[89],"[89, 12, 25]",,173,en,Attribution-Noncommercial-No Derivative Works 2.0 UK: England ,71,,0,,[],Why didn't Nero?
371,0,2008-11-26 01:58:50,2009-01-01 00:00:00,,1,112,"<p>What's this? One lion, two moles, two zoo keepers, improvised music, no rhythm? Can I take it, this excercise in free thinking? The grunting vocals, the vibrating rubber bands and noise of someone banging on the ceiling. Amusing digs at the modern warrior accompanied by electronic squonks and bips. They consist of one womble two cats and two traffic wardens and specialise in lurching blahism (hyperbolic and frothy sounds) and can be observed on stage dressed as shakespearian actors making unwelcome, ugly noises to the chagrin of many. An eccentric band of experimental musicians with a bizarre brand of rock disguised by weird noises. The worst jazz cords ever invented, excruciating tones&nbsp; through various noise devices may bring chortles of laughter from the loopy denizens on the extreme arts fringe.</p><p>Jaywick jazz? I wouldn't play this to my dog. Dressing up as rocks Blah Blah Blah&nbsp; are without doubt the weirdest bunch you could ever meet. Manes of electronic gadgetry with wind machines, this is an experience in pop - creepy then crawly examples of the emaciated psychedelic or psychic escapist elements of post-punk music<br></p><p><br></p><p>In this Anniversary Special you get an unforgettable 41 Free high quality mp3 downloads available only from the forthcoming WFMU Free Music Archive.</p><p>So go down to Denver to the 39th floor club with your Red Coated young girlfriend and see what's in the sugar bowl.<br mce_bogus=""1""></p>",11086,,[],30th Anniversary Blah Blah Blah,21,Album,,,,"<p><a title=""Blah Latest"" href=""https://www.facebook.com/events/1428696104057184/"" target=""_blank"">CLICK HERE for Latest News</a></p>
<p> </p>
<p>History</p>
<p>Blah Blah Blah started out during the late 70s punk explosion creating sounds that were deliberately anti-music, anti-cool and above all totally unique.  Improvising on electronic instruments they ventured where no-one else dared go.  Their credo never to repeat a single number (even live) meant that everything was recorded for posterity.  Each session unearthed enough golden nuggets to make the journey worth it.  These gathered nuggets were then released as albums. In the 80s they appeared at the 1st Leeds Futurama Festival and were briefly grouped with the Futurists, sharing live bills alongside fledgling electro-poppers Depeche Mode and chanteuse Marc Almond. The division of live audiences into Blah haters and Blah lovers, often caused near-riots. They eventually retired from the limelight following an attempted live arson attack on band members by a nice fellow in the audience at their thirteenth gig in Stevenage. If you mixed The Residents with the Bonzo Dog Doodah Band and Captain Beefheart you might end up with Blah Blah Blah – whimsical, weird and totally barmy.  The influence of nursery rhymes, sea-shanties, trash literature and TV, and instruments sounding like something that’s escaped from the BBC Radiophonic Workshop.</p>",8,2008-11-26 01:55:23,20,84,,Colchester UK,,"Martin Croxford, Peter Wiggins, Vicky Jones, Ian Smith, Chris Andrews.",Blah Blah Blah,,"['blah blah blah', 'chris andrews']",http://sirhcswerdna.wix.com/chris-andrews#!blah-blah-blah/cbff,,training,large,256000,0,,2008-11-26 01:55:24,2008-11-26 00:00:00,251,0,Rock,[89],"[89, 12, 25]",,114,en,Attribution-Noncommercial-No Derivative Works 2.0 UK: England ,47,,0,,[],vermalderhide
384,0,2008-11-26 02:00:54,2005-01-01 00:00:00,,3,116,"<p>Psychedelic free jazz easy listening abstract world traditions. Gentle 60's - 70's.<br /></p><p>SummerSet marks the debut LP of Gigante Sound, a new record label specializing in the dark creative corners of experimental sound. The record was produced by Jared Blüm aka Blanketship. <br /><br />SummerSet is a wild and unexpected ride. The music can only be described as structured experimental sampled sound collage, but abstract pop isn't too far off either. Touches of 70's psych rock, musique concrete, wild jazz drums, big ass brass, Indonesian rhythm sections, microtonal synthesis, acoustic folk guitars and easy listening make up only a few colors of SummerSet's palate of colors. <br /></p><p>You can't skip through this album to get the point. Dense textures and disturbing surprises await you around every other bar of music. Worth a deep listening! -CD Baby<br /></p>",1763,,[],Summer Set,0,Album,,,,,2,2008-11-26 01:58:29,11,86,,,,,Blanketship,,['blanketship'],,,training,large,256000,0,,2008-11-26 01:56:14,2005-01-01 00:00:00,249,3,Electronic,[15],[15],,1343,en,Attribution-Noncommercial-Share Alike 3.0 United States,351,,2,,[],Baja Jones
385,0,2008-11-26 02:00:54,2005-01-01 00:00:00,,3,116,"<p>Psychedelic free jazz easy listening abstract world traditions. Gentle 60's - 70's.<br /></p><p>SummerSet marks the debut LP of Gigante Sound, a new record label specializing in the dark creative corners of experimental sound. The record was produced by Jared Blüm aka Blanketship. <br /><br />SummerSet is a wild and unexpected ride. The music can only be described as structured experimental sampled sound collage, but abstract pop isn't too far off either. Touches of 70's psych rock, musique concrete, wild jazz drums, big ass brass, Indonesian rhythm sections, microtonal synthesis, acoustic folk guitars and easy listening make up only a few colors of SummerSet's palate of colors. <br /></p><p>You can't skip through this album to get the point. Dense textures and disturbing surprises await you around every other bar of music. Worth a deep listening! -CD Baby<br /></p>",1763,,[],Summer Set,0,Album,,,,,2,2008-11-26 01:58:29,11,86,,,,,Blanketship,,['blanketship'],,,training,large,256000,0,,2008-11-26 01:56:17,2005-01-01 00:00:00,261,4,Electronic,[15],[15],,1788,en,Attribution-Noncommercial-Share Alike 3.0 United States,843,,3,,[],Lucky 45
386,0,2008-11-26 02:00:54,2005-01-01 00:00:00,,3,116,"<p>Psychedelic free jazz easy listening abstract world traditions. Gentle 60's - 70's.<br /></p><p>SummerSet marks the debut LP of Gigante Sound, a new record label specializing in the dark creative corners of experimental sound. The record was produced by Jared Blüm aka Blanketship. <br /><br />SummerSet is a wild and unexpected ride. The music can only be described as structured experimental sampled sound collage, but abstract pop isn't too far off either. Touches of 70's psych rock, musique concrete, wild jazz drums, big ass brass, Indonesian rhythm sections, microtonal synthesis, acoustic folk guitars and easy listening make up only a few colors of SummerSet's palate of colors. <br /></p><p>You can't skip through this album to get the point. Dense textures and disturbing surprises await you around every other bar of music. Worth a deep listening! -CD Baby<br /></p>",1763,,[],Summer Set,0,Album,,,,,2,2008-11-26 01:58:29,11,86,,,,,Blanketship,,['blanketship'],,,training,large,256000,0,,2008-11-26 01:56:22,2005-01-01 00:00:00,357,2,Electronic,[15],[15],,1630,en,Attribution-Noncommercial-Share Alike 3.0 United States,289,,5,,[],Clapartroach
387,0,2008-11-26 02:00:54,2005-01-01 00:00:00,,3,116,"<p>Psychedelic free jazz easy listening abstract world traditions. Gentle 60's - 70's.<br /></p><p>SummerSet marks the debut LP of Gigante Sound, a new record label specializing in the dark creative corners of experimental sound. The record was produced by Jared Blüm aka Blanketship. <br /><br />SummerSet is a wild and unexpected ride. The music can only be described as structured experimental sampled sound collage, but abstract pop isn't too far off either. Touches of 70's psych rock, musique concrete, wild jazz drums, big ass brass, Indonesian rhythm sections, microtonal synthesis, acoustic folk guitars and easy listening make up only a few colors of SummerSet's palate of colors. <br /></p><p>You can't skip through this album to get the point. Dense textures and disturbing surprises await you around every other bar of music. Worth a deep listening! -CD Baby<br /></p>",1763,,[],Summer Set,0,Album,,,,,2,2008-11-26 01:58:29,11,86,,,,,Blanketship,,['blanketship'],,,training,large,256000,0,,2008-11-26 01:56:26,2005-01-01 00:00:00,326,2,Electronic,[15],[15],,1387,en,Attribution-Noncommercial-Share Alike 3.0 United States,294,,8,,[],I wish I wish
393,0,2008-11-26 02:01:25,2009-01-07 00:00:00,,0,119,"<p><span style=""font-family: verdana,arial,geneva,sans-serif;"">The debut (?) EP from  Philly's Boogie Witch, who seem to have some kind of connection to  Strapping Fieldhands. Here you get total bar band boogie choogle distorted  into oblivion so it sounds like Acid Mothers offshoot Mainliner. Immediate  ""what the hell do we need an overmodulated Canned Heat"" questions become  dispelled as you actually jump into the river and go with the flow of THE  RIFF. The hilarity of it all is punctuated by the arrival of the harmonica  player, which actually sounds like some kind of crazed electronics  blaring from a Masonna record or something; it eventually makes total  sense as does this whole EP. It rocks and bulldozes beyond belief, and  when song one is done, you get another almost like it. What more can a choogler  want? (by Brian Turner from </span>""<a href=""http://www.wfmu.org/Playlists/Bins/new.0308.html"" target=""_blank"">Recent Faves from the WFMU Record Library<br />August</a>"")</p>",942,,[],Boogie Witch,3,Live Performance,,,Tequila Sunrise,"<p>Boogie Witch featured members of the Strapping Fieldhands. Their lone recording is an obliterated live performance at Philadelphia's <a href=""http://blog.wfmu.org/freeform/2008/04/www.silkcitydiner.com/"">Silk City</a>, which has since been renovated. It was released as a self-titled CD-R by the <a href=""http://www.tequilasunriserecords.com/"">Tequila Sunrise</a> record label, also a well-curated record store. Can't find much info about Boogie Witch anywhere, but apparently Tequila Sunrise still has a few of these cdr's in stock. (-via Jason Sigal at <a href=""http://blog.wfmu.org/freeform/2008/04/philadelphia-me.html"" target=""_blank""><em>WFMU's Beware of the Blog!</em></a>)</p>",0,2008-11-26 01:59:06,0,89,39.952335,"Philadelphia, PA",-75.163789,,Boogie Witch,The Strapping Fieldhands,['boogie witch'],http://deletedesign.com/_wsn/page5.html,,training,large,256000,0,,2008-11-26 01:56:49,2002-06-27 00:00:00,810,0,Rock,[12],[12],"<p>The unedited recording of Boogie Witch live at Silk City Lounge June 27, 2002.</p>",866,en,Attribution-NonCommercial-ShareAlike 3.0 International,424,,0,,[],"Untitled Boogie (edit), Transfiguration Boogie, Boogie Hole"
394,0,2008-11-26 02:01:25,2009-01-07 00:00:00,,0,119,"<p><span style=""font-family: verdana,arial,geneva,sans-serif;"">The debut (?) EP from  Philly's Boogie Witch, who seem to have some kind of connection to  Strapping Fieldhands. Here you get total bar band boogie choogle distorted  into oblivion so it sounds like Acid Mothers offshoot Mainliner. Immediate  ""what the hell do we need an overmodulated Canned Heat"" questions become  dispelled as you actually jump into the river and go with the flow of THE  RIFF. The hilarity of it all is punctuated by the arrival of the harmonica  player, which actually sounds like some kind of crazed electronics  blaring from a Masonna record or something; it eventually makes total  sense as does this whole EP. It rocks and bulldozes beyond belief, and  when song one is done, you get another almost like it. What more can a choogler  want? (by Brian Turner from </span>""<a href=""http://www.wfmu.org/Playlists/Bins/new.0308.html"" target=""_blank"">Recent Faves from the WFMU Record Library<br />August</a>"")</p>",942,,[],Boogie Witch,3,Live Performance,,,Tequila Sunrise,"<p>Boogie Witch featured members of the Strapping Fieldhands. Their lone recording is an obliterated live performance at Philadelphia's <a href=""http://blog.wfmu.org/freeform/2008/04/www.silkcitydiner.com/"">Silk City</a>, which has since been renovated. It was released as a self-titled CD-R by the <a href=""http://www.tequilasunriserecords.com/"">Tequila Sunrise</a> record label, also a well-curated record store. Can't find much info about Boogie Witch anywhere, but apparently Tequila Sunrise still has a few of these cdr's in stock. (-via Jason Sigal at <a href=""http://blog.wfmu.org/freeform/2008/04/philadelphia-me.html"" target=""_blank""><em>WFMU's Beware of the Blog!</em></a>)</p>",0,2008-11-26 01:59:06,0,89,39.952335,"Philadelphia, PA",-75.163789,,Boogie Witch,The Strapping Fieldhands,['boogie witch'],http://deletedesign.com/_wsn/page5.html,,training,large,256000,0,,2008-11-26 01:56:56,2002-06-27 00:00:00,243,0,Rock,[12],[12],"<p>Recorded live at Silk City Lounge June 27, 2002.</p>",689,en,Attribution-NonCommercial-ShareAlike 3.0 International,280,,3,,[],Boogie Hole
395,0,2008-11-26 02:01:25,2009-01-07 00:00:00,,0,119,"<p><span style=""font-family: verdana,arial,geneva,sans-serif;"">The debut (?) EP from  Philly's Boogie Witch, who seem to have some kind of connection to  Strapping Fieldhands. Here you get total bar band boogie choogle distorted  into oblivion so it sounds like Acid Mothers offshoot Mainliner. Immediate  ""what the hell do we need an overmodulated Canned Heat"" questions become  dispelled as you actually jump into the river and go with the flow of THE  RIFF. The hilarity of it all is punctuated by the arrival of the harmonica  player, which actually sounds like some kind of crazed electronics  blaring from a Masonna record or something; it eventually makes total  sense as does this whole EP. It rocks and bulldozes beyond belief, and  when song one is done, you get another almost like it. What more can a choogler  want? (by Brian Turner from </span>""<a href=""http://www.wfmu.org/Playlists/Bins/new.0308.html"" target=""_blank"">Recent Faves from the WFMU Record Library<br />August</a>"")</p>",942,,[],Boogie Witch,3,Live Performance,,,Tequila Sunrise,"<p>Boogie Witch featured members of the Strapping Fieldhands. Their lone recording is an obliterated live performance at Philadelphia's <a href=""http://blog.wfmu.org/freeform/2008/04/www.silkcitydiner.com/"">Silk City</a>, which has since been renovated. It was released as a self-titled CD-R by the <a href=""http://www.tequilasunriserecords.com/"">Tequila Sunrise</a> record label, also a well-curated record store. Can't find much info about Boogie Witch anywhere, but apparently Tequila Sunrise still has a few of these cdr's in stock. (-via Jason Sigal at <a href=""http://blog.wfmu.org/freeform/2008/04/philadelphia-me.html"" target=""_blank""><em>WFMU's Beware of the Blog!</em></a>)</p>",0,2008-11-26 01:59:06,0,89,39.952335,"Philadelphia, PA",-75.163789,,Boogie Witch,The Strapping Fieldhands,['boogie witch'],http://deletedesign.com/_wsn/page5.html,,training,large,256000,0,,2008-11-26 01:56:59,2002-06-27 00:00:00,380,0,Rock,[12],[12],"<p>Recorded live at Silk City Lounge June 27, 2002.</p>",619,en,Attribution-NonCommercial-ShareAlike 3.0 International,244,,2,,[],Transfiguration Boogie
396,0,2009-01-07 11:04:01,2007-01-01 00:00:00,,1,1697,"<p>A 2CD collection of the unedited live performance of Borful Tang on KDVS (Davis, CA) on August 30, 2006. For an uninterrupted hour and a half, Borful Tang reworks and extends a whole cadre of new material as well as a few tunes from his earlier releases. As stated in the title, this is only the first volume of several to come, chronicling the live radio performances of Mr. Borful Tang.</p>",1931,,[],On the Back of a Dying Beast: Volume 1,7,Live Performance,,,Snurp,"<p><em>The Story of Borful Tang</em> is a long and strange one. It defies belief but I present it to you as truth in this condensed form. He is a being from another time and another place; a place not of this Earth but another world.In that world, Borful Tang was one of the legendary hill herders and a musician of great renown. Hill herding was a mysterious profession, the art known only to a few, passed down from master to apprentice. He shepherded the hills from one region to another across the vast plains of the world, communicating and moving them through sound.In his rambling home atop one of the larger hills, he crafted instruments that produced huge complex swathes of sound. Some of them resembled the giant horns used by the Tibetans in our world, while others were large, intricate wooden contraptions capable of playing repeated, interweaving patterns. Borful would send forth mighty volleys of drones and cascading notes, and the hills would lift slowly up with a great cracking of stone and earth. As a hill shuffled onward, another would come in and settle on the abandoned ground. In this slow, stately manner he roamed the plains with his flock.More socially minded than the traditional hill herder,  Borful would often look in on the towns and cities that existed on the edges of the great plains and listen to their different musics. As he absorbed the sounds from these disparate cultures, he became intrigued with the idea of performance and composition. He combined these new ideas and melodies with elements of his hill sound, creating a uniquely powerful music. He began performing this music and so his legend grew.However, there was great turmoil coming to the world. At the height of his fame, a group of lords in league with dark forces of great mystical power, splintered off from the democratic governing body and took control of that world in a violent coup. They opened a portal between their world and ours here on Earth. Undetected by the governing bodies of our planet, they used the Slave Birds to capture humans and bring them back through the portal to work in their immense ore mines. They grew rich and powerful, ruling their world with a ruthless single-minded quest for power.The lords knew the legend of the hill herders and that of Borful Tang. They wanted control of the ancient hills for themselves but Borful alone, resisted. With some renegade human slaves, he took the hills into battle against the lords, but their power was too great. He was forced to retreat, only to be caught by the Slave Birds and brought through the portal to Earth.Borful Tang remains here in exile, his life as a hill herder snatched away. He finds solace in his music. He cannot craft the instruments he once played with the available materials on our world. but he has learned how to utilize the technology of our time to at least continue his musical path.There is far more to this tale than can be explained in this brief text. As he reveals his story to me, so I shall share it with you. Thank you for listening.Dominic CrampSNURPJuly, 2005</p>",0,2008-11-26 01:59:22,8,90,37.7749295,"San Francisco, CA",-122.4194155,Dominic Cramp,Borful Tang,"Qulfus, Carla Bozulich's Evangelista",['borful tang'],http://www.gigantesound.com/artist_borful.html,,training,large,256000,0,,2008-11-26 01:57:06,2006-08-30 00:00:00,1137,1,Electronic,[15],[15],,808,en,Attribution-NonCommercial-ShareAlike 3.0 International,188,,1,,[],Juggernaut Soliloquy
397,0,2009-01-07 11:04:01,2007-01-01 00:00:00,,1,1697,"<p>A 2CD collection of the unedited live performance of Borful Tang on KDVS (Davis, CA) on August 30, 2006. For an uninterrupted hour and a half, Borful Tang reworks and extends a whole cadre of new material as well as a few tunes from his earlier releases. As stated in the title, this is only the first volume of several to come, chronicling the live radio performances of Mr. Borful Tang.</p>",1931,,[],On the Back of a Dying Beast: Volume 1,7,Live Performance,,,Snurp,"<p><em>The Story of Borful Tang</em> is a long and strange one. It defies belief but I present it to you as truth in this condensed form. He is a being from another time and another place; a place not of this Earth but another world.In that world, Borful Tang was one of the legendary hill herders and a musician of great renown. Hill herding was a mysterious profession, the art known only to a few, passed down from master to apprentice. He shepherded the hills from one region to another across the vast plains of the world, communicating and moving them through sound.In his rambling home atop one of the larger hills, he crafted instruments that produced huge complex swathes of sound. Some of them resembled the giant horns used by the Tibetans in our world, while others were large, intricate wooden contraptions capable of playing repeated, interweaving patterns. Borful would send forth mighty volleys of drones and cascading notes, and the hills would lift slowly up with a great cracking of stone and earth. As a hill shuffled onward, another would come in and settle on the abandoned ground. In this slow, stately manner he roamed the plains with his flock.More socially minded than the traditional hill herder,  Borful would often look in on the towns and cities that existed on the edges of the great plains and listen to their different musics. As he absorbed the sounds from these disparate cultures, he became intrigued with the idea of performance and composition. He combined these new ideas and melodies with elements of his hill sound, creating a uniquely powerful music. He began performing this music and so his legend grew.However, there was great turmoil coming to the world. At the height of his fame, a group of lords in league with dark forces of great mystical power, splintered off from the democratic governing body and took control of that world in a violent coup. They opened a portal between their world and ours here on Earth. Undetected by the governing bodies of our planet, they used the Slave Birds to capture humans and bring them back through the portal to work in their immense ore mines. They grew rich and powerful, ruling their world with a ruthless single-minded quest for power.The lords knew the legend of the hill herders and that of Borful Tang. They wanted control of the ancient hills for themselves but Borful alone, resisted. With some renegade human slaves, he took the hills into battle against the lords, but their power was too great. He was forced to retreat, only to be caught by the Slave Birds and brought through the portal to Earth.Borful Tang remains here in exile, his life as a hill herder snatched away. He finds solace in his music. He cannot craft the instruments he once played with the available materials on our world. but he has learned how to utilize the technology of our time to at least continue his musical path.There is far more to this tale than can be explained in this brief text. As he reveals his story to me, so I shall share it with you. Thank you for listening.Dominic CrampSNURPJuly, 2005</p>",0,2008-11-26 01:59:22,8,90,37.7749295,"San Francisco, CA",-122.4194155,Dominic Cramp,Borful Tang,"Qulfus, Carla Bozulich's Evangelista",['borful tang'],http://www.gigantesound.com/artist_borful.html,,training,medium,256000,0,Borful Tang,2008-11-26 01:57:15,2006-08-30 00:00:00,240,1,Electronic,[15],[15],,3102,en,Attribution-NonCommercial-ShareAlike 3.0 International,427,,4,,[],The Tides Of Land
398,0,2008-11-26 02:01:54,2005-07-05 00:00:00,,0,122,"<p>Back on the Tang gang with Dominic Cramp and his supersonic blender-in-a-briefcase. Scoring a big yes from Cramped-up samples of No Means No (#1) and the outstanding international collections of the Secret Museum of Mankind which gets dropped into a hyperkinetic drumroll on #4 (the bagpipes<br /> are nearly torn to bits, but survive). There&rsquo;s organ bombast on &ldquo;Majestic Shuffle&rdquo; strafed by unidentified flying synths. And if you missed meeting John and Mary on the &ldquo;Destroyer&rdquo; CD version Dominic tricked us with earlier, they are back and as confused as ever here. Indeed they are hungering for<br /> more in &ldquo;The Restaurant&rdquo;, which cuts me up and my lil pumpkin head. Accidental digital hardcore whipped up on #2, but by the end of all the denaturing of sound, the robots, samples, pedals, effects exist solely to take a walk in the snow with the birds. (Probably robot birds, built out of scrap from Chinese prison toy factories&hellip;). Plunderphrenetic.</p>
<p>Reviewed by Thurston Hunge at <a href=""http://spidey.kfjc.org/?p=774"" target=""_blank"">KFJC</a></p>",6068,,[],Root,9,Album,,,Snurp,"<p><em>The Story of Borful Tang</em> is a long and strange one. It defies belief but I present it to you as truth in this condensed form. He is a being from another time and another place; a place not of this Earth but another world.In that world, Borful Tang was one of the legendary hill herders and a musician of great renown. Hill herding was a mysterious profession, the art known only to a few, passed down from master to apprentice. He shepherded the hills from one region to another across the vast plains of the world, communicating and moving them through sound.In his rambling home atop one of the larger hills, he crafted instruments that produced huge complex swathes of sound. Some of them resembled the giant horns used by the Tibetans in our world, while others were large, intricate wooden contraptions capable of playing repeated, interweaving patterns. Borful would send forth mighty volleys of drones and cascading notes, and the hills would lift slowly up with a great cracking of stone and earth. As a hill shuffled onward, another would come in and settle on the abandoned ground. In this slow, stately manner he roamed the plains with his flock.More socially minded than the traditional hill herder,  Borful would often look in on the towns and cities that existed on the edges of the great plains and listen to their different musics. As he absorbed the sounds from these disparate cultures, he became intrigued with the idea of performance and composition. He combined these new ideas and melodies with elements of his hill sound, creating a uniquely powerful music. He began performing this music and so his legend grew.However, there was great turmoil coming to the world. At the height of his fame, a group of lords in league with dark forces of great mystical power, splintered off from the democratic governing body and took control of that world in a violent coup. They opened a portal between their world and ours here on Earth. Undetected by the governing bodies of our planet, they used the Slave Birds to capture humans and bring them back through the portal to work in their immense ore mines. They grew rich and powerful, ruling their world with a ruthless single-minded quest for power.The lords knew the legend of the hill herders and that of Borful Tang. They wanted control of the ancient hills for themselves but Borful alone, resisted. With some renegade human slaves, he took the hills into battle against the lords, but their power was too great. He was forced to retreat, only to be caught by the Slave Birds and brought through the portal to Earth.Borful Tang remains here in exile, his life as a hill herder snatched away. He finds solace in his music. He cannot craft the instruments he once played with the available materials on our world. but he has learned how to utilize the technology of our time to at least continue his musical path.There is far more to this tale than can be explained in this brief text. As he reveals his story to me, so I shall share it with you. Thank you for listening.Dominic CrampSNURPJuly, 2005</p>",0,2008-11-26 01:59:22,8,90,37.7749295,"San Francisco, CA",-122.4194155,Dominic Cramp,Borful Tang,"Qulfus, Carla Bozulich's Evangelista",['borful tang'],http://www.gigantesound.com/artist_borful.html,,training,medium,256000,0,,2008-11-26 01:57:19,2005-07-05 00:00:00,344,2,Electronic,[15],[15],,1957,en,Attribution-NonCommercial-ShareAlike 3.0 International,587,,1,,[],Borful Tang Loves Nomeansno
399,0,2008-11-26 02:01:54,2005-07-05 00:00:00,,0,122,"<p>Back on the Tang gang with Dominic Cramp and his supersonic blender-in-a-briefcase. Scoring a big yes from Cramped-up samples of No Means No (#1) and the outstanding international collections of the Secret Museum of Mankind which gets dropped into a hyperkinetic drumroll on #4 (the bagpipes<br /> are nearly torn to bits, but survive). There&rsquo;s organ bombast on &ldquo;Majestic Shuffle&rdquo; strafed by unidentified flying synths. And if you missed meeting John and Mary on the &ldquo;Destroyer&rdquo; CD version Dominic tricked us with earlier, they are back and as confused as ever here. Indeed they are hungering for<br /> more in &ldquo;The Restaurant&rdquo;, which cuts me up and my lil pumpkin head. Accidental digital hardcore whipped up on #2, but by the end of all the denaturing of sound, the robots, samples, pedals, effects exist solely to take a walk in the snow with the birds. (Probably robot birds, built out of scrap from Chinese prison toy factories&hellip;). Plunderphrenetic.</p>
<p>Reviewed by Thurston Hunge at <a href=""http://spidey.kfjc.org/?p=774"" target=""_blank"">KFJC</a></p>",6068,,[],Root,9,Album,,,Snurp,"<p><em>The Story of Borful Tang</em> is a long and strange one. It defies belief but I present it to you as truth in this condensed form. He is a being from another time and another place; a place not of this Earth but another world.In that world, Borful Tang was one of the legendary hill herders and a musician of great renown. Hill herding was a mysterious profession, the art known only to a few, passed down from master to apprentice. He shepherded the hills from one region to another across the vast plains of the world, communicating and moving them through sound.In his rambling home atop one of the larger hills, he crafted instruments that produced huge complex swathes of sound. Some of them resembled the giant horns used by the Tibetans in our world, while others were large, intricate wooden contraptions capable of playing repeated, interweaving patterns. Borful would send forth mighty volleys of drones and cascading notes, and the hills would lift slowly up with a great cracking of stone and earth. As a hill shuffled onward, another would come in and settle on the abandoned ground. In this slow, stately manner he roamed the plains with his flock.More socially minded than the traditional hill herder,  Borful would often look in on the towns and cities that existed on the edges of the great plains and listen to their different musics. As he absorbed the sounds from these disparate cultures, he became intrigued with the idea of performance and composition. He combined these new ideas and melodies with elements of his hill sound, creating a uniquely powerful music. He began performing this music and so his legend grew.However, there was great turmoil coming to the world. At the height of his fame, a group of lords in league with dark forces of great mystical power, splintered off from the democratic governing body and took control of that world in a violent coup. They opened a portal between their world and ours here on Earth. Undetected by the governing bodies of our planet, they used the Slave Birds to capture humans and bring them back through the portal to work in their immense ore mines. They grew rich and powerful, ruling their world with a ruthless single-minded quest for power.The lords knew the legend of the hill herders and that of Borful Tang. They wanted control of the ancient hills for themselves but Borful alone, resisted. With some renegade human slaves, he took the hills into battle against the lords, but their power was too great. He was forced to retreat, only to be caught by the Slave Birds and brought through the portal to Earth.Borful Tang remains here in exile, his life as a hill herder snatched away. He finds solace in his music. He cannot craft the instruments he once played with the available materials on our world. but he has learned how to utilize the technology of our time to at least continue his musical path.There is far more to this tale than can be explained in this brief text. As he reveals his story to me, so I shall share it with you. Thank you for listening.Dominic CrampSNURPJuly, 2005</p>",0,2008-11-26 01:59:22,8,90,37.7749295,"San Francisco, CA",-122.4194155,Dominic Cramp,Borful Tang,"Qulfus, Carla Bozulich's Evangelista",['borful tang'],http://www.gigantesound.com/artist_borful.html,,training,medium,256000,0,,2008-11-26 01:57:22,2005-07-05 00:00:00,388,2,Electronic,[15],[15],,1876,en,Attribution-NonCommercial-ShareAlike 3.0 International,520,,2,,[],ELI
400,0,2009-01-07 11:04:01,2007-01-01 00:00:00,,1,1697,"<p>A 2CD collection of the unedited live performance of Borful Tang on KDVS (Davis, CA) on August 30, 2006. For an uninterrupted hour and a half, Borful Tang reworks and extends a whole cadre of new material as well as a few tunes from his earlier releases. As stated in the title, this is only the first volume of several to come, chronicling the live radio performances of Mr. Borful Tang.</p>",1931,,[],On the Back of a Dying Beast: Volume 1,7,Live Performance,,,Snurp,"<p><em>The Story of Borful Tang</em> is a long and strange one. It defies belief but I present it to you as truth in this condensed form. He is a being from another time and another place; a place not of this Earth but another world.In that world, Borful Tang was one of the legendary hill herders and a musician of great renown. Hill herding was a mysterious profession, the art known only to a few, passed down from master to apprentice. He shepherded the hills from one region to another across the vast plains of the world, communicating and moving them through sound.In his rambling home atop one of the larger hills, he crafted instruments that produced huge complex swathes of sound. Some of them resembled the giant horns used by the Tibetans in our world, while others were large, intricate wooden contraptions capable of playing repeated, interweaving patterns. Borful would send forth mighty volleys of drones and cascading notes, and the hills would lift slowly up with a great cracking of stone and earth. As a hill shuffled onward, another would come in and settle on the abandoned ground. In this slow, stately manner he roamed the plains with his flock.More socially minded than the traditional hill herder,  Borful would often look in on the towns and cities that existed on the edges of the great plains and listen to their different musics. As he absorbed the sounds from these disparate cultures, he became intrigued with the idea of performance and composition. He combined these new ideas and melodies with elements of his hill sound, creating a uniquely powerful music. He began performing this music and so his legend grew.However, there was great turmoil coming to the world. At the height of his fame, a group of lords in league with dark forces of great mystical power, splintered off from the democratic governing body and took control of that world in a violent coup. They opened a portal between their world and ours here on Earth. Undetected by the governing bodies of our planet, they used the Slave Birds to capture humans and bring them back through the portal to work in their immense ore mines. They grew rich and powerful, ruling their world with a ruthless single-minded quest for power.The lords knew the legend of the hill herders and that of Borful Tang. They wanted control of the ancient hills for themselves but Borful alone, resisted. With some renegade human slaves, he took the hills into battle against the lords, but their power was too great. He was forced to retreat, only to be caught by the Slave Birds and brought through the portal to Earth.Borful Tang remains here in exile, his life as a hill herder snatched away. He finds solace in his music. He cannot craft the instruments he once played with the available materials on our world. but he has learned how to utilize the technology of our time to at least continue his musical path.There is far more to this tale than can be explained in this brief text. As he reveals his story to me, so I shall share it with you. Thank you for listening.Dominic CrampSNURPJuly, 2005</p>",0,2008-11-26 01:59:22,8,90,37.7749295,"San Francisco, CA",-122.4194155,Dominic Cramp,Borful Tang,"Qulfus, Carla Bozulich's Evangelista",['borful tang'],http://www.gigantesound.com/artist_borful.html,,training,medium,256000,0,Borful Tang,2008-11-26 01:57:28,2006-08-30 00:00:00,395,1,Electronic,[15],[15],,2864,en,Attribution-NonCommercial-ShareAlike 3.0 International,587,,5,,[],Electronic Interlude VI
401,0,2009-01-07 11:04:01,2007-01-01 00:00:00,,1,1697,"<p>A 2CD collection of the unedited live performance of Borful Tang on KDVS (Davis, CA) on August 30, 2006. For an uninterrupted hour and a half, Borful Tang reworks and extends a whole cadre of new material as well as a few tunes from his earlier releases. As stated in the title, this is only the first volume of several to come, chronicling the live radio performances of Mr. Borful Tang.</p>",1931,,[],On the Back of a Dying Beast: Volume 1,7,Live Performance,,,Snurp,"<p><em>The Story of Borful Tang</em> is a long and strange one. It defies belief but I present it to you as truth in this condensed form. He is a being from another time and another place; a place not of this Earth but another world.In that world, Borful Tang was one of the legendary hill herders and a musician of great renown. Hill herding was a mysterious profession, the art known only to a few, passed down from master to apprentice. He shepherded the hills from one region to another across the vast plains of the world, communicating and moving them through sound.In his rambling home atop one of the larger hills, he crafted instruments that produced huge complex swathes of sound. Some of them resembled the giant horns used by the Tibetans in our world, while others were large, intricate wooden contraptions capable of playing repeated, interweaving patterns. Borful would send forth mighty volleys of drones and cascading notes, and the hills would lift slowly up with a great cracking of stone and earth. As a hill shuffled onward, another would come in and settle on the abandoned ground. In this slow, stately manner he roamed the plains with his flock.More socially minded than the traditional hill herder,  Borful would often look in on the towns and cities that existed on the edges of the great plains and listen to their different musics. As he absorbed the sounds from these disparate cultures, he became intrigued with the idea of performance and composition. He combined these new ideas and melodies with elements of his hill sound, creating a uniquely powerful music. He began performing this music and so his legend grew.However, there was great turmoil coming to the world. At the height of his fame, a group of lords in league with dark forces of great mystical power, splintered off from the democratic governing body and took control of that world in a violent coup. They opened a portal between their world and ours here on Earth. Undetected by the governing bodies of our planet, they used the Slave Birds to capture humans and bring them back through the portal to work in their immense ore mines. They grew rich and powerful, ruling their world with a ruthless single-minded quest for power.The lords knew the legend of the hill herders and that of Borful Tang. They wanted control of the ancient hills for themselves but Borful alone, resisted. With some renegade human slaves, he took the hills into battle against the lords, but their power was too great. He was forced to retreat, only to be caught by the Slave Birds and brought through the portal to Earth.Borful Tang remains here in exile, his life as a hill herder snatched away. He finds solace in his music. He cannot craft the instruments he once played with the available materials on our world. but he has learned how to utilize the technology of our time to at least continue his musical path.There is far more to this tale than can be explained in this brief text. As he reveals his story to me, so I shall share it with you. Thank you for listening.Dominic CrampSNURPJuly, 2005</p>",0,2008-11-26 01:59:22,8,90,37.7749295,"San Francisco, CA",-122.4194155,Dominic Cramp,Borful Tang,"Qulfus, Carla Bozulich's Evangelista",['borful tang'],http://www.gigantesound.com/artist_borful.html,,training,large,256000,0,,2008-11-26 01:57:34,2006-08-30 00:00:00,1076,1,Electronic,[15],[15],,2163,en,Attribution-NonCommercial-ShareAlike 3.0 International,157,,2,,[],Modesto
402,0,2009-01-07 11:04:01,2007-01-01 00:00:00,,1,1697,"<p>A 2CD collection of the unedited live performance of Borful Tang on KDVS (Davis, CA) on August 30, 2006. For an uninterrupted hour and a half, Borful Tang reworks and extends a whole cadre of new material as well as a few tunes from his earlier releases. As stated in the title, this is only the first volume of several to come, chronicling the live radio performances of Mr. Borful Tang.</p>",1931,,[],On the Back of a Dying Beast: Volume 1,7,Live Performance,,,Snurp,"<p><em>The Story of Borful Tang</em> is a long and strange one. It defies belief but I present it to you as truth in this condensed form. He is a being from another time and another place; a place not of this Earth but another world.In that world, Borful Tang was one of the legendary hill herders and a musician of great renown. Hill herding was a mysterious profession, the art known only to a few, passed down from master to apprentice. He shepherded the hills from one region to another across the vast plains of the world, communicating and moving them through sound.In his rambling home atop one of the larger hills, he crafted instruments that produced huge complex swathes of sound. Some of them resembled the giant horns used by the Tibetans in our world, while others were large, intricate wooden contraptions capable of playing repeated, interweaving patterns. Borful would send forth mighty volleys of drones and cascading notes, and the hills would lift slowly up with a great cracking of stone and earth. As a hill shuffled onward, another would come in and settle on the abandoned ground. In this slow, stately manner he roamed the plains with his flock.More socially minded than the traditional hill herder,  Borful would often look in on the towns and cities that existed on the edges of the great plains and listen to their different musics. As he absorbed the sounds from these disparate cultures, he became intrigued with the idea of performance and composition. He combined these new ideas and melodies with elements of his hill sound, creating a uniquely powerful music. He began performing this music and so his legend grew.However, there was great turmoil coming to the world. At the height of his fame, a group of lords in league with dark forces of great mystical power, splintered off from the democratic governing body and took control of that world in a violent coup. They opened a portal between their world and ours here on Earth. Undetected by the governing bodies of our planet, they used the Slave Birds to capture humans and bring them back through the portal to work in their immense ore mines. They grew rich and powerful, ruling their world with a ruthless single-minded quest for power.The lords knew the legend of the hill herders and that of Borful Tang. They wanted control of the ancient hills for themselves but Borful alone, resisted. With some renegade human slaves, he took the hills into battle against the lords, but their power was too great. He was forced to retreat, only to be caught by the Slave Birds and brought through the portal to Earth.Borful Tang remains here in exile, his life as a hill herder snatched away. He finds solace in his music. He cannot craft the instruments he once played with the available materials on our world. but he has learned how to utilize the technology of our time to at least continue his musical path.There is far more to this tale than can be explained in this brief text. As he reveals his story to me, so I shall share it with you. Thank you for listening.Dominic CrampSNURPJuly, 2005</p>",0,2008-11-26 01:59:22,8,90,37.7749295,"San Francisco, CA",-122.4194155,Dominic Cramp,Borful Tang,"Qulfus, Carla Bozulich's Evangelista",['borful tang'],http://www.gigantesound.com/artist_borful.html,,training,large,256000,0,Borful Tang,2008-11-26 01:57:43,2006-08-30 00:00:00,541,1,Electronic,[15],[15],,1508,en,Attribution-NonCommercial-ShareAlike 3.0 International,55,,6,,[],Oh Kap Soon
403,0,2008-11-26 02:02:22,2006-01-01 00:00:00,,0,123,,808,,[],split with Sunshine Militant Children's Hour,2,Album,,,Snurp,"<p><em>The Story of Borful Tang</em> is a long and strange one. It defies belief but I present it to you as truth in this condensed form. He is a being from another time and another place; a place not of this Earth but another world.In that world, Borful Tang was one of the legendary hill herders and a musician of great renown. Hill herding was a mysterious profession, the art known only to a few, passed down from master to apprentice. He shepherded the hills from one region to another across the vast plains of the world, communicating and moving them through sound.In his rambling home atop one of the larger hills, he crafted instruments that produced huge complex swathes of sound. Some of them resembled the giant horns used by the Tibetans in our world, while others were large, intricate wooden contraptions capable of playing repeated, interweaving patterns. Borful would send forth mighty volleys of drones and cascading notes, and the hills would lift slowly up with a great cracking of stone and earth. As a hill shuffled onward, another would come in and settle on the abandoned ground. In this slow, stately manner he roamed the plains with his flock.More socially minded than the traditional hill herder,  Borful would often look in on the towns and cities that existed on the edges of the great plains and listen to their different musics. As he absorbed the sounds from these disparate cultures, he became intrigued with the idea of performance and composition. He combined these new ideas and melodies with elements of his hill sound, creating a uniquely powerful music. He began performing this music and so his legend grew.However, there was great turmoil coming to the world. At the height of his fame, a group of lords in league with dark forces of great mystical power, splintered off from the democratic governing body and took control of that world in a violent coup. They opened a portal between their world and ours here on Earth. Undetected by the governing bodies of our planet, they used the Slave Birds to capture humans and bring them back through the portal to work in their immense ore mines. They grew rich and powerful, ruling their world with a ruthless single-minded quest for power.The lords knew the legend of the hill herders and that of Borful Tang. They wanted control of the ancient hills for themselves but Borful alone, resisted. With some renegade human slaves, he took the hills into battle against the lords, but their power was too great. He was forced to retreat, only to be caught by the Slave Birds and brought through the portal to Earth.Borful Tang remains here in exile, his life as a hill herder snatched away. He finds solace in his music. He cannot craft the instruments he once played with the available materials on our world. but he has learned how to utilize the technology of our time to at least continue his musical path.There is far more to this tale than can be explained in this brief text. As he reveals his story to me, so I shall share it with you. Thank you for listening.Dominic CrampSNURPJuly, 2005</p>",0,2008-11-26 01:59:22,8,90,37.7749295,"San Francisco, CA",-122.4194155,Dominic Cramp,Borful Tang,"Qulfus, Carla Bozulich's Evangelista",['borful tang'],http://www.gigantesound.com/artist_borful.html,,training,large,256000,0,,2008-11-26 01:57:49,2006-01-01 00:00:00,198,1,Electronic,[15],[15],,2582,en,Attribution-NonCommercial-ShareAlike 3.0 International,558,,3,,[],Roach
404,0,2009-01-07 11:04:01,2007-01-01 00:00:00,,1,1697,"<p>A 2CD collection of the unedited live performance of Borful Tang on KDVS (Davis, CA) on August 30, 2006. For an uninterrupted hour and a half, Borful Tang reworks and extends a whole cadre of new material as well as a few tunes from his earlier releases. As stated in the title, this is only the first volume of several to come, chronicling the live radio performances of Mr. Borful Tang.</p>",1931,,[],On the Back of a Dying Beast: Volume 1,7,Live Performance,,,Snurp,"<p><em>The Story of Borful Tang</em> is a long and strange one. It defies belief but I present it to you as truth in this condensed form. He is a being from another time and another place; a place not of this Earth but another world.In that world, Borful Tang was one of the legendary hill herders and a musician of great renown. Hill herding was a mysterious profession, the art known only to a few, passed down from master to apprentice. He shepherded the hills from one region to another across the vast plains of the world, communicating and moving them through sound.In his rambling home atop one of the larger hills, he crafted instruments that produced huge complex swathes of sound. Some of them resembled the giant horns used by the Tibetans in our world, while others were large, intricate wooden contraptions capable of playing repeated, interweaving patterns. Borful would send forth mighty volleys of drones and cascading notes, and the hills would lift slowly up with a great cracking of stone and earth. As a hill shuffled onward, another would come in and settle on the abandoned ground. In this slow, stately manner he roamed the plains with his flock.More socially minded than the traditional hill herder,  Borful would often look in on the towns and cities that existed on the edges of the great plains and listen to their different musics. As he absorbed the sounds from these disparate cultures, he became intrigued with the idea of performance and composition. He combined these new ideas and melodies with elements of his hill sound, creating a uniquely powerful music. He began performing this music and so his legend grew.However, there was great turmoil coming to the world. At the height of his fame, a group of lords in league with dark forces of great mystical power, splintered off from the democratic governing body and took control of that world in a violent coup. They opened a portal between their world and ours here on Earth. Undetected by the governing bodies of our planet, they used the Slave Birds to capture humans and bring them back through the portal to work in their immense ore mines. They grew rich and powerful, ruling their world with a ruthless single-minded quest for power.The lords knew the legend of the hill herders and that of Borful Tang. They wanted control of the ancient hills for themselves but Borful alone, resisted. With some renegade human slaves, he took the hills into battle against the lords, but their power was too great. He was forced to retreat, only to be caught by the Slave Birds and brought through the portal to Earth.Borful Tang remains here in exile, his life as a hill herder snatched away. He finds solace in his music. He cannot craft the instruments he once played with the available materials on our world. but he has learned how to utilize the technology of our time to at least continue his musical path.There is far more to this tale than can be explained in this brief text. As he reveals his story to me, so I shall share it with you. Thank you for listening.Dominic CrampSNURPJuly, 2005</p>",0,2008-11-26 01:59:22,8,90,37.7749295,"San Francisco, CA",-122.4194155,Dominic Cramp,Borful Tang,"Qulfus, Carla Bozulich's Evangelista",['borful tang'],http://www.gigantesound.com/artist_borful.html,,training,large,256000,0,,2008-11-26 01:57:52,2006-08-30 00:00:00,704,2,Electronic,[15],[15],,1478,en,Attribution-NonCommercial-ShareAlike 3.0 International,392,,3,,[],Wonder Inn
405,0,2008-11-26 02:01:54,2005-07-05 00:00:00,,0,122,"<p>Back on the Tang gang with Dominic Cramp and his supersonic blender-in-a-briefcase. Scoring a big yes from Cramped-up samples of No Means No (#1) and the outstanding international collections of the Secret Museum of Mankind which gets dropped into a hyperkinetic drumroll on #4 (the bagpipes<br /> are nearly torn to bits, but survive). There&rsquo;s organ bombast on &ldquo;Majestic Shuffle&rdquo; strafed by unidentified flying synths. And if you missed meeting John and Mary on the &ldquo;Destroyer&rdquo; CD version Dominic tricked us with earlier, they are back and as confused as ever here. Indeed they are hungering for<br /> more in &ldquo;The Restaurant&rdquo;, which cuts me up and my lil pumpkin head. Accidental digital hardcore whipped up on #2, but by the end of all the denaturing of sound, the robots, samples, pedals, effects exist solely to take a walk in the snow with the birds. (Probably robot birds, built out of scrap from Chinese prison toy factories&hellip;). Plunderphrenetic.</p>
<p>Reviewed by Thurston Hunge at <a href=""http://spidey.kfjc.org/?p=774"" target=""_blank"">KFJC</a></p>",6068,,[],Root,9,Album,,,Snurp,"<p><em>The Story of Borful Tang</em> is a long and strange one. It defies belief but I present it to you as truth in this condensed form. He is a being from another time and another place; a place not of this Earth but another world.In that world, Borful Tang was one of the legendary hill herders and a musician of great renown. Hill herding was a mysterious profession, the art known only to a few, passed down from master to apprentice. He shepherded the hills from one region to another across the vast plains of the world, communicating and moving them through sound.In his rambling home atop one of the larger hills, he crafted instruments that produced huge complex swathes of sound. Some of them resembled the giant horns used by the Tibetans in our world, while others were large, intricate wooden contraptions capable of playing repeated, interweaving patterns. Borful would send forth mighty volleys of drones and cascading notes, and the hills would lift slowly up with a great cracking of stone and earth. As a hill shuffled onward, another would come in and settle on the abandoned ground. In this slow, stately manner he roamed the plains with his flock.More socially minded than the traditional hill herder,  Borful would often look in on the towns and cities that existed on the edges of the great plains and listen to their different musics. As he absorbed the sounds from these disparate cultures, he became intrigued with the idea of performance and composition. He combined these new ideas and melodies with elements of his hill sound, creating a uniquely powerful music. He began performing this music and so his legend grew.However, there was great turmoil coming to the world. At the height of his fame, a group of lords in league with dark forces of great mystical power, splintered off from the democratic governing body and took control of that world in a violent coup. They opened a portal between their world and ours here on Earth. Undetected by the governing bodies of our planet, they used the Slave Birds to capture humans and bring them back through the portal to work in their immense ore mines. They grew rich and powerful, ruling their world with a ruthless single-minded quest for power.The lords knew the legend of the hill herders and that of Borful Tang. They wanted control of the ancient hills for themselves but Borful alone, resisted. With some renegade human slaves, he took the hills into battle against the lords, but their power was too great. He was forced to retreat, only to be caught by the Slave Birds and brought through the portal to Earth.Borful Tang remains here in exile, his life as a hill herder snatched away. He finds solace in his music. He cannot craft the instruments he once played with the available materials on our world. but he has learned how to utilize the technology of our time to at least continue his musical path.There is far more to this tale than can be explained in this brief text. As he reveals his story to me, so I shall share it with you. Thank you for listening.Dominic CrampSNURPJuly, 2005</p>",0,2008-11-26 01:59:22,8,90,37.7749295,"San Francisco, CA",-122.4194155,Dominic Cramp,Borful Tang,"Qulfus, Carla Bozulich's Evangelista",['borful tang'],http://www.gigantesound.com/artist_borful.html,,training,medium,256000,0,,2008-11-26 01:57:59,2005-07-05 00:00:00,439,4,Electronic,[15],[15],,1458,en,Attribution-NonCommercial-ShareAlike 3.0 International,378,,3,,[],Majestic Shuffle
406,0,2009-01-07 11:04:01,2007-01-01 00:00:00,,1,1697,"<p>A 2CD collection of the unedited live performance of Borful Tang on KDVS (Davis, CA) on August 30, 2006. For an uninterrupted hour and a half, Borful Tang reworks and extends a whole cadre of new material as well as a few tunes from his earlier releases. As stated in the title, this is only the first volume of several to come, chronicling the live radio performances of Mr. Borful Tang.</p>",1931,,[],On the Back of a Dying Beast: Volume 1,7,Live Performance,,,Snurp,"<p><em>The Story of Borful Tang</em> is a long and strange one. It defies belief but I present it to you as truth in this condensed form. He is a being from another time and another place; a place not of this Earth but another world.In that world, Borful Tang was one of the legendary hill herders and a musician of great renown. Hill herding was a mysterious profession, the art known only to a few, passed down from master to apprentice. He shepherded the hills from one region to another across the vast plains of the world, communicating and moving them through sound.In his rambling home atop one of the larger hills, he crafted instruments that produced huge complex swathes of sound. Some of them resembled the giant horns used by the Tibetans in our world, while others were large, intricate wooden contraptions capable of playing repeated, interweaving patterns. Borful would send forth mighty volleys of drones and cascading notes, and the hills would lift slowly up with a great cracking of stone and earth. As a hill shuffled onward, another would come in and settle on the abandoned ground. In this slow, stately manner he roamed the plains with his flock.More socially minded than the traditional hill herder,  Borful would often look in on the towns and cities that existed on the edges of the great plains and listen to their different musics. As he absorbed the sounds from these disparate cultures, he became intrigued with the idea of performance and composition. He combined these new ideas and melodies with elements of his hill sound, creating a uniquely powerful music. He began performing this music and so his legend grew.However, there was great turmoil coming to the world. At the height of his fame, a group of lords in league with dark forces of great mystical power, splintered off from the democratic governing body and took control of that world in a violent coup. They opened a portal between their world and ours here on Earth. Undetected by the governing bodies of our planet, they used the Slave Birds to capture humans and bring them back through the portal to work in their immense ore mines. They grew rich and powerful, ruling their world with a ruthless single-minded quest for power.The lords knew the legend of the hill herders and that of Borful Tang. They wanted control of the ancient hills for themselves but Borful alone, resisted. With some renegade human slaves, he took the hills into battle against the lords, but their power was too great. He was forced to retreat, only to be caught by the Slave Birds and brought through the portal to Earth.Borful Tang remains here in exile, his life as a hill herder snatched away. He finds solace in his music. He cannot craft the instruments he once played with the available materials on our world. but he has learned how to utilize the technology of our time to at least continue his musical path.There is far more to this tale than can be explained in this brief text. As he reveals his story to me, so I shall share it with you. Thank you for listening.Dominic CrampSNURPJuly, 2005</p>",0,2008-11-26 01:59:22,8,90,37.7749295,"San Francisco, CA",-122.4194155,Dominic Cramp,Borful Tang,"Qulfus, Carla Bozulich's Evangelista",['borful tang'],http://www.gigantesound.com/artist_borful.html,,training,large,256000,0,Borful Tang,2008-11-26 01:58:05,2006-08-30 00:00:00,756,2,Electronic,[15],[15],,1369,en,Attribution-NonCommercial-ShareAlike 3.0 International,148,,7,,[],ELI
407,0,2008-11-26 02:01:54,2005-07-05 00:00:00,,0,122,"<p>Back on the Tang gang with Dominic Cramp and his supersonic blender-in-a-briefcase. Scoring a big yes from Cramped-up samples of No Means No (#1) and the outstanding international collections of the Secret Museum of Mankind which gets dropped into a hyperkinetic drumroll on #4 (the bagpipes<br /> are nearly torn to bits, but survive). There&rsquo;s organ bombast on &ldquo;Majestic Shuffle&rdquo; strafed by unidentified flying synths. And if you missed meeting John and Mary on the &ldquo;Destroyer&rdquo; CD version Dominic tricked us with earlier, they are back and as confused as ever here. Indeed they are hungering for<br /> more in &ldquo;The Restaurant&rdquo;, which cuts me up and my lil pumpkin head. Accidental digital hardcore whipped up on #2, but by the end of all the denaturing of sound, the robots, samples, pedals, effects exist solely to take a walk in the snow with the birds. (Probably robot birds, built out of scrap from Chinese prison toy factories&hellip;). Plunderphrenetic.</p>
<p>Reviewed by Thurston Hunge at <a href=""http://spidey.kfjc.org/?p=774"" target=""_blank"">KFJC</a></p>",6068,,[],Root,9,Album,,,Snurp,"<p><em>The Story of Borful Tang</em> is a long and strange one. It defies belief but I present it to you as truth in this condensed form. He is a being from another time and another place; a place not of this Earth but another world.In that world, Borful Tang was one of the legendary hill herders and a musician of great renown. Hill herding was a mysterious profession, the art known only to a few, passed down from master to apprentice. He shepherded the hills from one region to another across the vast plains of the world, communicating and moving them through sound.In his rambling home atop one of the larger hills, he crafted instruments that produced huge complex swathes of sound. Some of them resembled the giant horns used by the Tibetans in our world, while others were large, intricate wooden contraptions capable of playing repeated, interweaving patterns. Borful would send forth mighty volleys of drones and cascading notes, and the hills would lift slowly up with a great cracking of stone and earth. As a hill shuffled onward, another would come in and settle on the abandoned ground. In this slow, stately manner he roamed the plains with his flock.More socially minded than the traditional hill herder,  Borful would often look in on the towns and cities that existed on the edges of the great plains and listen to their different musics. As he absorbed the sounds from these disparate cultures, he became intrigued with the idea of performance and composition. He combined these new ideas and melodies with elements of his hill sound, creating a uniquely powerful music. He began performing this music and so his legend grew.However, there was great turmoil coming to the world. At the height of his fame, a group of lords in league with dark forces of great mystical power, splintered off from the democratic governing body and took control of that world in a violent coup. They opened a portal between their world and ours here on Earth. Undetected by the governing bodies of our planet, they used the Slave Birds to capture humans and bring them back through the portal to work in their immense ore mines. They grew rich and powerful, ruling their world with a ruthless single-minded quest for power.The lords knew the legend of the hill herders and that of Borful Tang. They wanted control of the ancient hills for themselves but Borful alone, resisted. With some renegade human slaves, he took the hills into battle against the lords, but their power was too great. He was forced to retreat, only to be caught by the Slave Birds and brought through the portal to Earth.Borful Tang remains here in exile, his life as a hill herder snatched away. He finds solace in his music. He cannot craft the instruments he once played with the available materials on our world. but he has learned how to utilize the technology of our time to at least continue his musical path.There is far more to this tale than can be explained in this brief text. As he reveals his story to me, so I shall share it with you. Thank you for listening.Dominic CrampSNURPJuly, 2005</p>",0,2008-11-26 01:59:22,8,90,37.7749295,"San Francisco, CA",-122.4194155,Dominic Cramp,Borful Tang,"Qulfus, Carla Bozulich's Evangelista",['borful tang'],http://www.gigantesound.com/artist_borful.html,,training,large,256000,0,Borful Tang,2008-11-26 01:58:12,2005-07-05 00:00:00,354,3,Electronic,[15],[15],,713,en,Attribution-NonCommercial-ShareAlike 3.0 International,177,,4,,[],Soundclash At Wonder Inn (ft. Qulfus)
408,0,2008-11-26 02:02:22,2006-01-01 00:00:00,,0,123,,808,,[],split with Sunshine Militant Children's Hour,2,Album,,,Snurp,"<p><em>The Story of Borful Tang</em> is a long and strange one. It defies belief but I present it to you as truth in this condensed form. He is a being from another time and another place; a place not of this Earth but another world.In that world, Borful Tang was one of the legendary hill herders and a musician of great renown. Hill herding was a mysterious profession, the art known only to a few, passed down from master to apprentice. He shepherded the hills from one region to another across the vast plains of the world, communicating and moving them through sound.In his rambling home atop one of the larger hills, he crafted instruments that produced huge complex swathes of sound. Some of them resembled the giant horns used by the Tibetans in our world, while others were large, intricate wooden contraptions capable of playing repeated, interweaving patterns. Borful would send forth mighty volleys of drones and cascading notes, and the hills would lift slowly up with a great cracking of stone and earth. As a hill shuffled onward, another would come in and settle on the abandoned ground. In this slow, stately manner he roamed the plains with his flock.More socially minded than the traditional hill herder,  Borful would often look in on the towns and cities that existed on the edges of the great plains and listen to their different musics. As he absorbed the sounds from these disparate cultures, he became intrigued with the idea of performance and composition. He combined these new ideas and melodies with elements of his hill sound, creating a uniquely powerful music. He began performing this music and so his legend grew.However, there was great turmoil coming to the world. At the height of his fame, a group of lords in league with dark forces of great mystical power, splintered off from the democratic governing body and took control of that world in a violent coup. They opened a portal between their world and ours here on Earth. Undetected by the governing bodies of our planet, they used the Slave Birds to capture humans and bring them back through the portal to work in their immense ore mines. They grew rich and powerful, ruling their world with a ruthless single-minded quest for power.The lords knew the legend of the hill herders and that of Borful Tang. They wanted control of the ancient hills for themselves but Borful alone, resisted. With some renegade human slaves, he took the hills into battle against the lords, but their power was too great. He was forced to retreat, only to be caught by the Slave Birds and brought through the portal to Earth.Borful Tang remains here in exile, his life as a hill herder snatched away. He finds solace in his music. He cannot craft the instruments he once played with the available materials on our world. but he has learned how to utilize the technology of our time to at least continue his musical path.There is far more to this tale than can be explained in this brief text. As he reveals his story to me, so I shall share it with you. Thank you for listening.Dominic CrampSNURPJuly, 2005</p>",0,2008-11-26 01:59:22,8,90,37.7749295,"San Francisco, CA",-122.4194155,Dominic Cramp,Borful Tang,"Qulfus, Carla Bozulich's Evangelista",['borful tang'],http://www.gigantesound.com/artist_borful.html,,training,large,256000,0,,2008-11-26 01:58:15,2006-01-01 00:00:00,247,1,Electronic,[15],[15],,1093,en,Attribution-NonCommercial-ShareAlike 3.0 International,254,,4,,[],The Tides Of Land
410,0,2008-11-26 02:01:54,2005-07-05 00:00:00,,0,122,"<p>Back on the Tang gang with Dominic Cramp and his supersonic blender-in-a-briefcase. Scoring a big yes from Cramped-up samples of No Means No (#1) and the outstanding international collections of the Secret Museum of Mankind which gets dropped into a hyperkinetic drumroll on #4 (the bagpipes<br /> are nearly torn to bits, but survive). There&rsquo;s organ bombast on &ldquo;Majestic Shuffle&rdquo; strafed by unidentified flying synths. And if you missed meeting John and Mary on the &ldquo;Destroyer&rdquo; CD version Dominic tricked us with earlier, they are back and as confused as ever here. Indeed they are hungering for<br /> more in &ldquo;The Restaurant&rdquo;, which cuts me up and my lil pumpkin head. Accidental digital hardcore whipped up on #2, but by the end of all the denaturing of sound, the robots, samples, pedals, effects exist solely to take a walk in the snow with the birds. (Probably robot birds, built out of scrap from Chinese prison toy factories&hellip;). Plunderphrenetic.</p>
<p>Reviewed by Thurston Hunge at <a href=""http://spidey.kfjc.org/?p=774"" target=""_blank"">KFJC</a></p>",6068,,[],Root,9,Album,,,Snurp,"<p><em>The Story of Borful Tang</em> is a long and strange one. It defies belief but I present it to you as truth in this condensed form. He is a being from another time and another place; a place not of this Earth but another world.In that world, Borful Tang was one of the legendary hill herders and a musician of great renown. Hill herding was a mysterious profession, the art known only to a few, passed down from master to apprentice. He shepherded the hills from one region to another across the vast plains of the world, communicating and moving them through sound.In his rambling home atop one of the larger hills, he crafted instruments that produced huge complex swathes of sound. Some of them resembled the giant horns used by the Tibetans in our world, while others were large, intricate wooden contraptions capable of playing repeated, interweaving patterns. Borful would send forth mighty volleys of drones and cascading notes, and the hills would lift slowly up with a great cracking of stone and earth. As a hill shuffled onward, another would come in and settle on the abandoned ground. In this slow, stately manner he roamed the plains with his flock.More socially minded than the traditional hill herder,  Borful would often look in on the towns and cities that existed on the edges of the great plains and listen to their different musics. As he absorbed the sounds from these disparate cultures, he became intrigued with the idea of performance and composition. He combined these new ideas and melodies with elements of his hill sound, creating a uniquely powerful music. He began performing this music and so his legend grew.However, there was great turmoil coming to the world. At the height of his fame, a group of lords in league with dark forces of great mystical power, splintered off from the democratic governing body and took control of that world in a violent coup. They opened a portal between their world and ours here on Earth. Undetected by the governing bodies of our planet, they used the Slave Birds to capture humans and bring them back through the portal to work in their immense ore mines. They grew rich and powerful, ruling their world with a ruthless single-minded quest for power.The lords knew the legend of the hill herders and that of Borful Tang. They wanted control of the ancient hills for themselves but Borful alone, resisted. With some renegade human slaves, he took the hills into battle against the lords, but their power was too great. He was forced to retreat, only to be caught by the Slave Birds and brought through the portal to Earth.Borful Tang remains here in exile, his life as a hill herder snatched away. He finds solace in his music. He cannot craft the instruments he once played with the available materials on our world. but he has learned how to utilize the technology of our time to at least continue his musical path.There is far more to this tale than can be explained in this brief text. As he reveals his story to me, so I shall share it with you. Thank you for listening.Dominic CrampSNURPJuly, 2005</p>",0,2008-11-26 01:59:22,8,90,37.7749295,"San Francisco, CA",-122.4194155,Dominic Cramp,Borful Tang,"Qulfus, Carla Bozulich's Evangelista",['borful tang'],http://www.gigantesound.com/artist_borful.html,,training,large,256000,0,,2008-11-26 01:58:23,2005-07-05 00:00:00,379,1,Electronic,[15],[15],,754,en,Attribution-NonCommercial-ShareAlike 3.0 International,213,,5,,[],Lost on the Eastern Side of the Island
411,0,2008-11-26 02:01:54,2005-07-05 00:00:00,,0,122,"<p>Back on the Tang gang with Dominic Cramp and his supersonic blender-in-a-briefcase. Scoring a big yes from Cramped-up samples of No Means No (#1) and the outstanding international collections of the Secret Museum of Mankind which gets dropped into a hyperkinetic drumroll on #4 (the bagpipes<br /> are nearly torn to bits, but survive). There&rsquo;s organ bombast on &ldquo;Majestic Shuffle&rdquo; strafed by unidentified flying synths. And if you missed meeting John and Mary on the &ldquo;Destroyer&rdquo; CD version Dominic tricked us with earlier, they are back and as confused as ever here. Indeed they are hungering for<br /> more in &ldquo;The Restaurant&rdquo;, which cuts me up and my lil pumpkin head. Accidental digital hardcore whipped up on #2, but by the end of all the denaturing of sound, the robots, samples, pedals, effects exist solely to take a walk in the snow with the birds. (Probably robot birds, built out of scrap from Chinese prison toy factories&hellip;). Plunderphrenetic.</p>
<p>Reviewed by Thurston Hunge at <a href=""http://spidey.kfjc.org/?p=774"" target=""_blank"">KFJC</a></p>",6068,,[],Root,9,Album,,,Snurp,"<p><em>The Story of Borful Tang</em> is a long and strange one. It defies belief but I present it to you as truth in this condensed form. He is a being from another time and another place; a place not of this Earth but another world.In that world, Borful Tang was one of the legendary hill herders and a musician of great renown. Hill herding was a mysterious profession, the art known only to a few, passed down from master to apprentice. He shepherded the hills from one region to another across the vast plains of the world, communicating and moving them through sound.In his rambling home atop one of the larger hills, he crafted instruments that produced huge complex swathes of sound. Some of them resembled the giant horns used by the Tibetans in our world, while others were large, intricate wooden contraptions capable of playing repeated, interweaving patterns. Borful would send forth mighty volleys of drones and cascading notes, and the hills would lift slowly up with a great cracking of stone and earth. As a hill shuffled onward, another would come in and settle on the abandoned ground. In this slow, stately manner he roamed the plains with his flock.More socially minded than the traditional hill herder,  Borful would often look in on the towns and cities that existed on the edges of the great plains and listen to their different musics. As he absorbed the sounds from these disparate cultures, he became intrigued with the idea of performance and composition. He combined these new ideas and melodies with elements of his hill sound, creating a uniquely powerful music. He began performing this music and so his legend grew.However, there was great turmoil coming to the world. At the height of his fame, a group of lords in league with dark forces of great mystical power, splintered off from the democratic governing body and took control of that world in a violent coup. They opened a portal between their world and ours here on Earth. Undetected by the governing bodies of our planet, they used the Slave Birds to capture humans and bring them back through the portal to work in their immense ore mines. They grew rich and powerful, ruling their world with a ruthless single-minded quest for power.The lords knew the legend of the hill herders and that of Borful Tang. They wanted control of the ancient hills for themselves but Borful alone, resisted. With some renegade human slaves, he took the hills into battle against the lords, but their power was too great. He was forced to retreat, only to be caught by the Slave Birds and brought through the portal to Earth.Borful Tang remains here in exile, his life as a hill herder snatched away. He finds solace in his music. He cannot craft the instruments he once played with the available materials on our world. but he has learned how to utilize the technology of our time to at least continue his musical path.There is far more to this tale than can be explained in this brief text. As he reveals his story to me, so I shall share it with you. Thank you for listening.Dominic CrampSNURPJuly, 2005</p>",0,2008-11-26 01:59:22,8,90,37.7749295,"San Francisco, CA",-122.4194155,Dominic Cramp,Borful Tang,"Qulfus, Carla Bozulich's Evangelista",['borful tang'],http://www.gigantesound.com/artist_borful.html,,training,large,256000,0,,2008-11-26 01:58:27,2005-07-05 00:00:00,146,1,Electronic,[15],[15],,625,en,Attribution-NonCommercial-ShareAlike 3.0 International,185,,6,,[],Orp
412,0,2008-11-26 02:01:54,2005-07-05 00:00:00,,0,122,"<p>Back on the Tang gang with Dominic Cramp and his supersonic blender-in-a-briefcase. Scoring a big yes from Cramped-up samples of No Means No (#1) and the outstanding international collections of the Secret Museum of Mankind which gets dropped into a hyperkinetic drumroll on #4 (the bagpipes<br /> are nearly torn to bits, but survive). There&rsquo;s organ bombast on &ldquo;Majestic Shuffle&rdquo; strafed by unidentified flying synths. And if you missed meeting John and Mary on the &ldquo;Destroyer&rdquo; CD version Dominic tricked us with earlier, they are back and as confused as ever here. Indeed they are hungering for<br /> more in &ldquo;The Restaurant&rdquo;, which cuts me up and my lil pumpkin head. Accidental digital hardcore whipped up on #2, but by the end of all the denaturing of sound, the robots, samples, pedals, effects exist solely to take a walk in the snow with the birds. (Probably robot birds, built out of scrap from Chinese prison toy factories&hellip;). Plunderphrenetic.</p>
<p>Reviewed by Thurston Hunge at <a href=""http://spidey.kfjc.org/?p=774"" target=""_blank"">KFJC</a></p>",6068,,[],Root,9,Album,,,Snurp,"<p><em>The Story of Borful Tang</em> is a long and strange one. It defies belief but I present it to you as truth in this condensed form. He is a being from another time and another place; a place not of this Earth but another world.In that world, Borful Tang was one of the legendary hill herders and a musician of great renown. Hill herding was a mysterious profession, the art known only to a few, passed down from master to apprentice. He shepherded the hills from one region to another across the vast plains of the world, communicating and moving them through sound.In his rambling home atop one of the larger hills, he crafted instruments that produced huge complex swathes of sound. Some of them resembled the giant horns used by the Tibetans in our world, while others were large, intricate wooden contraptions capable of playing repeated, interweaving patterns. Borful would send forth mighty volleys of drones and cascading notes, and the hills would lift slowly up with a great cracking of stone and earth. As a hill shuffled onward, another would come in and settle on the abandoned ground. In this slow, stately manner he roamed the plains with his flock.More socially minded than the traditional hill herder,  Borful would often look in on the towns and cities that existed on the edges of the great plains and listen to their different musics. As he absorbed the sounds from these disparate cultures, he became intrigued with the idea of performance and composition. He combined these new ideas and melodies with elements of his hill sound, creating a uniquely powerful music. He began performing this music and so his legend grew.However, there was great turmoil coming to the world. At the height of his fame, a group of lords in league with dark forces of great mystical power, splintered off from the democratic governing body and took control of that world in a violent coup. They opened a portal between their world and ours here on Earth. Undetected by the governing bodies of our planet, they used the Slave Birds to capture humans and bring them back through the portal to work in their immense ore mines. They grew rich and powerful, ruling their world with a ruthless single-minded quest for power.The lords knew the legend of the hill herders and that of Borful Tang. They wanted control of the ancient hills for themselves but Borful alone, resisted. With some renegade human slaves, he took the hills into battle against the lords, but their power was too great. He was forced to retreat, only to be caught by the Slave Birds and brought through the portal to Earth.Borful Tang remains here in exile, his life as a hill herder snatched away. He finds solace in his music. He cannot craft the instruments he once played with the available materials on our world. but he has learned how to utilize the technology of our time to at least continue his musical path.There is far more to this tale than can be explained in this brief text. As he reveals his story to me, so I shall share it with you. Thank you for listening.Dominic CrampSNURPJuly, 2005</p>",0,2008-11-26 01:59:22,8,90,37.7749295,"San Francisco, CA",-122.4194155,Dominic Cramp,Borful Tang,"Qulfus, Carla Bozulich's Evangelista",['borful tang'],http://www.gigantesound.com/artist_borful.html,,training,large,256000,0,Borful Tang,2008-11-26 01:58:30,2005-07-05 00:00:00,253,2,Electronic,[15],[15],,454,en,Attribution-NonCommercial-ShareAlike 3.0 International,140,,7,,[],John And Mary - The Meeting
414,0,2008-11-26 02:01:54,2005-07-05 00:00:00,,0,122,"<p>Back on the Tang gang with Dominic Cramp and his supersonic blender-in-a-briefcase. Scoring a big yes from Cramped-up samples of No Means No (#1) and the outstanding international collections of the Secret Museum of Mankind which gets dropped into a hyperkinetic drumroll on #4 (the bagpipes<br /> are nearly torn to bits, but survive). There&rsquo;s organ bombast on &ldquo;Majestic Shuffle&rdquo; strafed by unidentified flying synths. And if you missed meeting John and Mary on the &ldquo;Destroyer&rdquo; CD version Dominic tricked us with earlier, they are back and as confused as ever here. Indeed they are hungering for<br /> more in &ldquo;The Restaurant&rdquo;, which cuts me up and my lil pumpkin head. Accidental digital hardcore whipped up on #2, but by the end of all the denaturing of sound, the robots, samples, pedals, effects exist solely to take a walk in the snow with the birds. (Probably robot birds, built out of scrap from Chinese prison toy factories&hellip;). Plunderphrenetic.</p>
<p>Reviewed by Thurston Hunge at <a href=""http://spidey.kfjc.org/?p=774"" target=""_blank"">KFJC</a></p>",6068,,[],Root,9,Album,,,Snurp,"<p><em>The Story of Borful Tang</em> is a long and strange one. It defies belief but I present it to you as truth in this condensed form. He is a being from another time and another place; a place not of this Earth but another world.In that world, Borful Tang was one of the legendary hill herders and a musician of great renown. Hill herding was a mysterious profession, the art known only to a few, passed down from master to apprentice. He shepherded the hills from one region to another across the vast plains of the world, communicating and moving them through sound.In his rambling home atop one of the larger hills, he crafted instruments that produced huge complex swathes of sound. Some of them resembled the giant horns used by the Tibetans in our world, while others were large, intricate wooden contraptions capable of playing repeated, interweaving patterns. Borful would send forth mighty volleys of drones and cascading notes, and the hills would lift slowly up with a great cracking of stone and earth. As a hill shuffled onward, another would come in and settle on the abandoned ground. In this slow, stately manner he roamed the plains with his flock.More socially minded than the traditional hill herder,  Borful would often look in on the towns and cities that existed on the edges of the great plains and listen to their different musics. As he absorbed the sounds from these disparate cultures, he became intrigued with the idea of performance and composition. He combined these new ideas and melodies with elements of his hill sound, creating a uniquely powerful music. He began performing this music and so his legend grew.However, there was great turmoil coming to the world. At the height of his fame, a group of lords in league with dark forces of great mystical power, splintered off from the democratic governing body and took control of that world in a violent coup. They opened a portal between their world and ours here on Earth. Undetected by the governing bodies of our planet, they used the Slave Birds to capture humans and bring them back through the portal to work in their immense ore mines. They grew rich and powerful, ruling their world with a ruthless single-minded quest for power.The lords knew the legend of the hill herders and that of Borful Tang. They wanted control of the ancient hills for themselves but Borful alone, resisted. With some renegade human slaves, he took the hills into battle against the lords, but their power was too great. He was forced to retreat, only to be caught by the Slave Birds and brought through the portal to Earth.Borful Tang remains here in exile, his life as a hill herder snatched away. He finds solace in his music. He cannot craft the instruments he once played with the available materials on our world. but he has learned how to utilize the technology of our time to at least continue his musical path.There is far more to this tale than can be explained in this brief text. As he reveals his story to me, so I shall share it with you. Thank you for listening.Dominic CrampSNURPJuly, 2005</p>",0,2008-11-26 01:59:22,8,90,37.7749295,"San Francisco, CA",-122.4194155,Dominic Cramp,Borful Tang,"Qulfus, Carla Bozulich's Evangelista",['borful tang'],http://www.gigantesound.com/artist_borful.html,,training,medium,256000,0,Borful Tang,2008-11-26 01:58:35,2005-07-05 00:00:00,230,17,Electronic,[15],[15],,3930,en,Attribution-NonCommercial-ShareAlike 3.0 International,3737,,8,,[],John And Mary - The Restaurant
416,0,2008-11-26 02:01:54,2005-07-05 00:00:00,,0,122,"<p>Back on the Tang gang with Dominic Cramp and his supersonic blender-in-a-briefcase. Scoring a big yes from Cramped-up samples of No Means No (#1) and the outstanding international collections of the Secret Museum of Mankind which gets dropped into a hyperkinetic drumroll on #4 (the bagpipes<br /> are nearly torn to bits, but survive). There&rsquo;s organ bombast on &ldquo;Majestic Shuffle&rdquo; strafed by unidentified flying synths. And if you missed meeting John and Mary on the &ldquo;Destroyer&rdquo; CD version Dominic tricked us with earlier, they are back and as confused as ever here. Indeed they are hungering for<br /> more in &ldquo;The Restaurant&rdquo;, which cuts me up and my lil pumpkin head. Accidental digital hardcore whipped up on #2, but by the end of all the denaturing of sound, the robots, samples, pedals, effects exist solely to take a walk in the snow with the birds. (Probably robot birds, built out of scrap from Chinese prison toy factories&hellip;). Plunderphrenetic.</p>
<p>Reviewed by Thurston Hunge at <a href=""http://spidey.kfjc.org/?p=774"" target=""_blank"">KFJC</a></p>",6068,,[],Root,9,Album,,,Snurp,"<p><em>The Story of Borful Tang</em> is a long and strange one. It defies belief but I present it to you as truth in this condensed form. He is a being from another time and another place; a place not of this Earth but another world.In that world, Borful Tang was one of the legendary hill herders and a musician of great renown. Hill herding was a mysterious profession, the art known only to a few, passed down from master to apprentice. He shepherded the hills from one region to another across the vast plains of the world, communicating and moving them through sound.In his rambling home atop one of the larger hills, he crafted instruments that produced huge complex swathes of sound. Some of them resembled the giant horns used by the Tibetans in our world, while others were large, intricate wooden contraptions capable of playing repeated, interweaving patterns. Borful would send forth mighty volleys of drones and cascading notes, and the hills would lift slowly up with a great cracking of stone and earth. As a hill shuffled onward, another would come in and settle on the abandoned ground. In this slow, stately manner he roamed the plains with his flock.More socially minded than the traditional hill herder,  Borful would often look in on the towns and cities that existed on the edges of the great plains and listen to their different musics. As he absorbed the sounds from these disparate cultures, he became intrigued with the idea of performance and composition. He combined these new ideas and melodies with elements of his hill sound, creating a uniquely powerful music. He began performing this music and so his legend grew.However, there was great turmoil coming to the world. At the height of his fame, a group of lords in league with dark forces of great mystical power, splintered off from the democratic governing body and took control of that world in a violent coup. They opened a portal between their world and ours here on Earth. Undetected by the governing bodies of our planet, they used the Slave Birds to capture humans and bring them back through the portal to work in their immense ore mines. They grew rich and powerful, ruling their world with a ruthless single-minded quest for power.The lords knew the legend of the hill herders and that of Borful Tang. They wanted control of the ancient hills for themselves but Borful alone, resisted. With some renegade human slaves, he took the hills into battle against the lords, but their power was too great. He was forced to retreat, only to be caught by the Slave Birds and brought through the portal to Earth.Borful Tang remains here in exile, his life as a hill herder snatched away. He finds solace in his music. He cannot craft the instruments he once played with the available materials on our world. but he has learned how to utilize the technology of our time to at least continue his musical path.There is far more to this tale than can be explained in this brief text. As he reveals his story to me, so I shall share it with you. Thank you for listening.Dominic CrampSNURPJuly, 2005</p>",0,2008-11-26 01:59:22,8,90,37.7749295,"San Francisco, CA",-122.4194155,Dominic Cramp,Borful Tang,"Qulfus, Carla Bozulich's Evangelista",['borful tang'],http://www.gigantesound.com/artist_borful.html,,training,large,256000,0,,2008-11-26 01:58:43,2005-07-05 00:00:00,745,1,Electronic,[15],[15],,996,en,Attribution-NonCommercial-ShareAlike 3.0 International,243,,9,,[],Smyrna Snow Walk
417,0,2008-11-26 02:03:18,2009-01-08 00:00:00,,1,124,,5331,,[],The Definitive Host,18,Album,,,,"<p>His site has long offered most of his material for free download, but the new Blocks Blocks Blocks label disc is essential for anyone interested sonic prankery in popular high/lowbrow forums (i.e. you, the WFMU listener). Included: Sony/BMG's end use licensing agreement text scored for a women's choir to sing, a track featuring five box sets played in their entirety in fast-forward mode, a greatest hits track of all the hits overlayed on top of each other, a punk rock take on Theodor Adorno's<em> Minima Moralia</em>, ten famous banned albums (Beatles, Sex Pistols etc.) burned into melted globs of wax and then played and recorded off a turntable. My particular fave, ""Voice Over"", employs famous movie promo voiceover king Scott Taylor who recites cliched taglines from a seemingly enldess history of movie spots and combines them into one brain-frying monologue. Once again, take a gander at the site and MP3s,  Brian's miscellaneous projects are great as well ( i.e. ""Invasion USA"", where the Presidential podium gets installed in assorted local public spots for anyone to audition). (Brian Turner)</p>
<p><a href=""http://flickr.com/photos/zota/2116892049/"">photo</a> by Flickr user <a href=""http://flickr.com/photos/zota/"">zota</a></p>",1,2008-11-26 02:00:58,14,91,,,,Brian Joseph Davis,Brian Joseph Davis,,['brian joseph davis'],brianjosephdavis.com,,training,large,256000,0,Brian Joseph Davis,2008-11-26 01:58:49,2008-11-26 00:00:00,280,1,Experimental,[1],"[1, 38]",,477,en,Attribution-NonCommercial-ShareAlike 3.0 International,194,,1,,[],Eula
418,0,2008-11-26 02:03:22,2009-01-08 00:00:00,,2,125,"<p>Description from <a href=""http://www.brianjosephdavis.com/originalsoundtrack.htm"">brianjosephdavis.com</a>:<em> Original Soundtrack is a live performance of 20 television sets and DVD players. On each DVD player is a different, commercially available movie left at its ""menu"" stage. The DVDs all feature endlessly looping musical cues (this is a design feature found on approximately 50% of all DVDs). </em></p>
<p align=""left""><em>Performed using a customized mixer, loops are combined and stacked, resulting in a slightly unstable but scored 90-minute performance that moves from psyched out strings to destroyed funk and beyond.&nbsp; &nbsp;</em></p>
<p align=""left""><em>Featuring selections from: Carter Burwell, Jerry Goldsmith, Bernard Hermann, David Holmes, Goblin, Cliff Martinez, Ennio Morricone, Giorgio Moroder, Walter Murch, Popol Vuh, Howard Shore and others. </em></p>",12580,,[],Original Soundtrack: Work for 20 DVD Players,5,Live Performance,,,,"<p>His site has long offered most of his material for free download, but the new Blocks Blocks Blocks label disc is essential for anyone interested sonic prankery in popular high/lowbrow forums (i.e. you, the WFMU listener). Included: Sony/BMG's end use licensing agreement text scored for a women's choir to sing, a track featuring five box sets played in their entirety in fast-forward mode, a greatest hits track of all the hits overlayed on top of each other, a punk rock take on Theodor Adorno's<em> Minima Moralia</em>, ten famous banned albums (Beatles, Sex Pistols etc.) burned into melted globs of wax and then played and recorded off a turntable. My particular fave, ""Voice Over"", employs famous movie promo voiceover king Scott Taylor who recites cliched taglines from a seemingly enldess history of movie spots and combines them into one brain-frying monologue. Once again, take a gander at the site and MP3s,  Brian's miscellaneous projects are great as well ( i.e. ""Invasion USA"", where the Presidential podium gets installed in assorted local public spots for anyone to audition). (Brian Turner)</p>
<p><a href=""http://flickr.com/photos/zota/2116892049/"">photo</a> by Flickr user <a href=""http://flickr.com/photos/zota/"">zota</a></p>",1,2008-11-26 02:00:58,14,91,,,,Brian Joseph Davis,Brian Joseph Davis,,['brian joseph davis'],brianjosephdavis.com,,training,large,256000,0,,2008-11-26 01:58:52,2008-10-01 00:00:00,486,10,,"[1, 18]","[1, 18, 1235, 38]",,7458,en,Attribution-NonCommercial-ShareAlike 3.0 International,3890,,1,,[],Track1
419,0,2008-11-26 02:03:18,2009-01-08 00:00:00,,1,124,,5331,,[],The Definitive Host,18,Album,,,,"<p>His site has long offered most of his material for free download, but the new Blocks Blocks Blocks label disc is essential for anyone interested sonic prankery in popular high/lowbrow forums (i.e. you, the WFMU listener). Included: Sony/BMG's end use licensing agreement text scored for a women's choir to sing, a track featuring five box sets played in their entirety in fast-forward mode, a greatest hits track of all the hits overlayed on top of each other, a punk rock take on Theodor Adorno's<em> Minima Moralia</em>, ten famous banned albums (Beatles, Sex Pistols etc.) burned into melted globs of wax and then played and recorded off a turntable. My particular fave, ""Voice Over"", employs famous movie promo voiceover king Scott Taylor who recites cliched taglines from a seemingly enldess history of movie spots and combines them into one brain-frying monologue. Once again, take a gander at the site and MP3s,  Brian's miscellaneous projects are great as well ( i.e. ""Invasion USA"", where the Presidential podium gets installed in assorted local public spots for anyone to audition). (Brian Turner)</p>
<p><a href=""http://flickr.com/photos/zota/2116892049/"">photo</a> by Flickr user <a href=""http://flickr.com/photos/zota/"">zota</a></p>",1,2008-11-26 02:00:58,14,91,,,,Brian Joseph Davis,Brian Joseph Davis,,['brian joseph davis'],brianjosephdavis.com,,training,large,256000,0,Brian Joseph Davis,2008-11-26 01:58:58,2008-11-26 00:00:00,191,1,Experimental,[1],"[1, 38]",,461,en,Attribution-NonCommercial-ShareAlike 3.0 International,168,,2,,[],The Franklin Mint Job
420,0,2008-11-26 02:03:22,2009-01-08 00:00:00,,2,125,"<p>Description from <a href=""http://www.brianjosephdavis.com/originalsoundtrack.htm"">brianjosephdavis.com</a>:<em> Original Soundtrack is a live performance of 20 television sets and DVD players. On each DVD player is a different, commercially available movie left at its ""menu"" stage. The DVDs all feature endlessly looping musical cues (this is a design feature found on approximately 50% of all DVDs). </em></p>
<p align=""left""><em>Performed using a customized mixer, loops are combined and stacked, resulting in a slightly unstable but scored 90-minute performance that moves from psyched out strings to destroyed funk and beyond.&nbsp; &nbsp;</em></p>
<p align=""left""><em>Featuring selections from: Carter Burwell, Jerry Goldsmith, Bernard Hermann, David Holmes, Goblin, Cliff Martinez, Ennio Morricone, Giorgio Moroder, Walter Murch, Popol Vuh, Howard Shore and others. </em></p>",12580,,[],Original Soundtrack: Work for 20 DVD Players,5,Live Performance,,,,"<p>His site has long offered most of his material for free download, but the new Blocks Blocks Blocks label disc is essential for anyone interested sonic prankery in popular high/lowbrow forums (i.e. you, the WFMU listener). Included: Sony/BMG's end use licensing agreement text scored for a women's choir to sing, a track featuring five box sets played in their entirety in fast-forward mode, a greatest hits track of all the hits overlayed on top of each other, a punk rock take on Theodor Adorno's<em> Minima Moralia</em>, ten famous banned albums (Beatles, Sex Pistols etc.) burned into melted globs of wax and then played and recorded off a turntable. My particular fave, ""Voice Over"", employs famous movie promo voiceover king Scott Taylor who recites cliched taglines from a seemingly enldess history of movie spots and combines them into one brain-frying monologue. Once again, take a gander at the site and MP3s,  Brian's miscellaneous projects are great as well ( i.e. ""Invasion USA"", where the Presidential podium gets installed in assorted local public spots for anyone to audition). (Brian Turner)</p>
<p><a href=""http://flickr.com/photos/zota/2116892049/"">photo</a> by Flickr user <a href=""http://flickr.com/photos/zota/"">zota</a></p>",1,2008-11-26 02:00:58,14,91,,,,Brian Joseph Davis,Brian Joseph Davis,,['brian joseph davis'],brianjosephdavis.com,,training,large,256000,0,,2008-11-26 01:59:02,2008-10-01 00:00:00,901,2,,"[1, 18]","[1, 18, 1235, 38]",,4479,en,Attribution-NonCommercial-ShareAlike 3.0 International,2513,,2,,[],Track2
421,0,2008-11-26 02:03:18,2009-01-08 00:00:00,,1,124,,5331,,[],The Definitive Host,18,Album,,,,"<p>His site has long offered most of his material for free download, but the new Blocks Blocks Blocks label disc is essential for anyone interested sonic prankery in popular high/lowbrow forums (i.e. you, the WFMU listener). Included: Sony/BMG's end use licensing agreement text scored for a women's choir to sing, a track featuring five box sets played in their entirety in fast-forward mode, a greatest hits track of all the hits overlayed on top of each other, a punk rock take on Theodor Adorno's<em> Minima Moralia</em>, ten famous banned albums (Beatles, Sex Pistols etc.) burned into melted globs of wax and then played and recorded off a turntable. My particular fave, ""Voice Over"", employs famous movie promo voiceover king Scott Taylor who recites cliched taglines from a seemingly enldess history of movie spots and combines them into one brain-frying monologue. Once again, take a gander at the site and MP3s,  Brian's miscellaneous projects are great as well ( i.e. ""Invasion USA"", where the Presidential podium gets installed in assorted local public spots for anyone to audition). (Brian Turner)</p>
<p><a href=""http://flickr.com/photos/zota/2116892049/"">photo</a> by Flickr user <a href=""http://flickr.com/photos/zota/"">zota</a></p>",1,2008-11-26 02:00:58,14,91,,,,Brian Joseph Davis,Brian Joseph Davis,,['brian joseph davis'],brianjosephdavis.com,,training,large,256000,0,Brian Joseph Davis,2008-11-26 01:59:09,2008-11-26 00:00:00,116,0,Experimental,[1],"[1, 38]",,367,en,Attribution-NonCommercial-ShareAlike 3.0 International,117,,3,,[],"Il bouno, il bruto, il skronko"
422,0,2008-11-26 02:03:22,2009-01-08 00:00:00,,2,125,"<p>Description from <a href=""http://www.brianjosephdavis.com/originalsoundtrack.htm"">brianjosephdavis.com</a>:<em> Original Soundtrack is a live performance of 20 television sets and DVD players. On each DVD player is a different, commercially available movie left at its ""menu"" stage. The DVDs all feature endlessly looping musical cues (this is a design feature found on approximately 50% of all DVDs). </em></p>
<p align=""left""><em>Performed using a customized mixer, loops are combined and stacked, resulting in a slightly unstable but scored 90-minute performance that moves from psyched out strings to destroyed funk and beyond.&nbsp; &nbsp;</em></p>
<p align=""left""><em>Featuring selections from: Carter Burwell, Jerry Goldsmith, Bernard Hermann, David Holmes, Goblin, Cliff Martinez, Ennio Morricone, Giorgio Moroder, Walter Murch, Popol Vuh, Howard Shore and others. </em></p>",12580,,[],Original Soundtrack: Work for 20 DVD Players,5,Live Performance,,,,"<p>His site has long offered most of his material for free download, but the new Blocks Blocks Blocks label disc is essential for anyone interested sonic prankery in popular high/lowbrow forums (i.e. you, the WFMU listener). Included: Sony/BMG's end use licensing agreement text scored for a women's choir to sing, a track featuring five box sets played in their entirety in fast-forward mode, a greatest hits track of all the hits overlayed on top of each other, a punk rock take on Theodor Adorno's<em> Minima Moralia</em>, ten famous banned albums (Beatles, Sex Pistols etc.) burned into melted globs of wax and then played and recorded off a turntable. My particular fave, ""Voice Over"", employs famous movie promo voiceover king Scott Taylor who recites cliched taglines from a seemingly enldess history of movie spots and combines them into one brain-frying monologue. Once again, take a gander at the site and MP3s,  Brian's miscellaneous projects are great as well ( i.e. ""Invasion USA"", where the Presidential podium gets installed in assorted local public spots for anyone to audition). (Brian Turner)</p>
<p><a href=""http://flickr.com/photos/zota/2116892049/"">photo</a> by Flickr user <a href=""http://flickr.com/photos/zota/"">zota</a></p>",1,2008-11-26 02:00:58,14,91,,,,Brian Joseph Davis,Brian Joseph Davis,,['brian joseph davis'],brianjosephdavis.com,,training,large,256000,0,,2008-11-26 01:59:16,2008-10-01 00:00:00,1459,4,,"[1, 18]","[1, 18, 1235, 38]",,4306,en,Attribution-NonCommercial-ShareAlike 3.0 International,2522,,3,,[],Track3
423,0,2008-11-26 02:03:22,2009-01-08 00:00:00,,2,125,"<p>Description from <a href=""http://www.brianjosephdavis.com/originalsoundtrack.htm"">brianjosephdavis.com</a>:<em> Original Soundtrack is a live performance of 20 television sets and DVD players. On each DVD player is a different, commercially available movie left at its ""menu"" stage. The DVDs all feature endlessly looping musical cues (this is a design feature found on approximately 50% of all DVDs). </em></p>
<p align=""left""><em>Performed using a customized mixer, loops are combined and stacked, resulting in a slightly unstable but scored 90-minute performance that moves from psyched out strings to destroyed funk and beyond.&nbsp; &nbsp;</em></p>
<p align=""left""><em>Featuring selections from: Carter Burwell, Jerry Goldsmith, Bernard Hermann, David Holmes, Goblin, Cliff Martinez, Ennio Morricone, Giorgio Moroder, Walter Murch, Popol Vuh, Howard Shore and others. </em></p>",12580,,[],Original Soundtrack: Work for 20 DVD Players,5,Live Performance,,,,"<p>His site has long offered most of his material for free download, but the new Blocks Blocks Blocks label disc is essential for anyone interested sonic prankery in popular high/lowbrow forums (i.e. you, the WFMU listener). Included: Sony/BMG's end use licensing agreement text scored for a women's choir to sing, a track featuring five box sets played in their entirety in fast-forward mode, a greatest hits track of all the hits overlayed on top of each other, a punk rock take on Theodor Adorno's<em> Minima Moralia</em>, ten famous banned albums (Beatles, Sex Pistols etc.) burned into melted globs of wax and then played and recorded off a turntable. My particular fave, ""Voice Over"", employs famous movie promo voiceover king Scott Taylor who recites cliched taglines from a seemingly enldess history of movie spots and combines them into one brain-frying monologue. Once again, take a gander at the site and MP3s,  Brian's miscellaneous projects are great as well ( i.e. ""Invasion USA"", where the Presidential podium gets installed in assorted local public spots for anyone to audition). (Brian Turner)</p>
<p><a href=""http://flickr.com/photos/zota/2116892049/"">photo</a> by Flickr user <a href=""http://flickr.com/photos/zota/"">zota</a></p>",1,2008-11-26 02:00:58,14,91,,,,Brian Joseph Davis,Brian Joseph Davis,,['brian joseph davis'],brianjosephdavis.com,,training,large,256000,0,,2008-11-26 01:59:28,2008-10-01 00:00:00,374,4,,"[1, 18]","[1, 18, 1235, 38]",,5532,en,Attribution-NonCommercial-ShareAlike 3.0 International,3092,,4,,[],Track4
424,0,2008-11-26 02:03:18,2009-01-08 00:00:00,,1,124,,5331,,[],The Definitive Host,18,Album,,,,"<p>His site has long offered most of his material for free download, but the new Blocks Blocks Blocks label disc is essential for anyone interested sonic prankery in popular high/lowbrow forums (i.e. you, the WFMU listener). Included: Sony/BMG's end use licensing agreement text scored for a women's choir to sing, a track featuring five box sets played in their entirety in fast-forward mode, a greatest hits track of all the hits overlayed on top of each other, a punk rock take on Theodor Adorno's<em> Minima Moralia</em>, ten famous banned albums (Beatles, Sex Pistols etc.) burned into melted globs of wax and then played and recorded off a turntable. My particular fave, ""Voice Over"", employs famous movie promo voiceover king Scott Taylor who recites cliched taglines from a seemingly enldess history of movie spots and combines them into one brain-frying monologue. Once again, take a gander at the site and MP3s,  Brian's miscellaneous projects are great as well ( i.e. ""Invasion USA"", where the Presidential podium gets installed in assorted local public spots for anyone to audition). (Brian Turner)</p>
<p><a href=""http://flickr.com/photos/zota/2116892049/"">photo</a> by Flickr user <a href=""http://flickr.com/photos/zota/"">zota</a></p>",1,2008-11-26 02:00:58,14,91,,,,Brian Joseph Davis,Brian Joseph Davis,,['brian joseph davis'],brianjosephdavis.com,,training,small,256000,0,Brian Joseph Davis,2008-11-26 01:59:31,2008-11-26 00:00:00,76,3,Experimental,[1],"[1, 38]",,4323,en,Attribution-NonCommercial-ShareAlike 3.0 International,3562,,5,,[],The Ambient Honky
425,0,2008-11-26 02:03:22,2009-01-08 00:00:00,,2,125,"<p>Description from <a href=""http://www.brianjosephdavis.com/originalsoundtrack.htm"">brianjosephdavis.com</a>:<em> Original Soundtrack is a live performance of 20 television sets and DVD players. On each DVD player is a different, commercially available movie left at its ""menu"" stage. The DVDs all feature endlessly looping musical cues (this is a design feature found on approximately 50% of all DVDs). </em></p>
<p align=""left""><em>Performed using a customized mixer, loops are combined and stacked, resulting in a slightly unstable but scored 90-minute performance that moves from psyched out strings to destroyed funk and beyond.&nbsp; &nbsp;</em></p>
<p align=""left""><em>Featuring selections from: Carter Burwell, Jerry Goldsmith, Bernard Hermann, David Holmes, Goblin, Cliff Martinez, Ennio Morricone, Giorgio Moroder, Walter Murch, Popol Vuh, Howard Shore and others. </em></p>",12580,,[],Original Soundtrack: Work for 20 DVD Players,5,Live Performance,,,,"<p>His site has long offered most of his material for free download, but the new Blocks Blocks Blocks label disc is essential for anyone interested sonic prankery in popular high/lowbrow forums (i.e. you, the WFMU listener). Included: Sony/BMG's end use licensing agreement text scored for a women's choir to sing, a track featuring five box sets played in their entirety in fast-forward mode, a greatest hits track of all the hits overlayed on top of each other, a punk rock take on Theodor Adorno's<em> Minima Moralia</em>, ten famous banned albums (Beatles, Sex Pistols etc.) burned into melted globs of wax and then played and recorded off a turntable. My particular fave, ""Voice Over"", employs famous movie promo voiceover king Scott Taylor who recites cliched taglines from a seemingly enldess history of movie spots and combines them into one brain-frying monologue. Once again, take a gander at the site and MP3s,  Brian's miscellaneous projects are great as well ( i.e. ""Invasion USA"", where the Presidential podium gets installed in assorted local public spots for anyone to audition). (Brian Turner)</p>
<p><a href=""http://flickr.com/photos/zota/2116892049/"">photo</a> by Flickr user <a href=""http://flickr.com/photos/zota/"">zota</a></p>",1,2008-11-26 02:00:58,14,91,,,,Brian Joseph Davis,Brian Joseph Davis,,['brian joseph davis'],brianjosephdavis.com,,training,medium,256000,0,,2008-11-26 01:59:34,2008-10-01 00:00:00,384,2,Experimental,[1],"[1, 38]",,1409,en,Attribution-NonCommercial-ShareAlike 3.0 International,648,,5,,[],Track5
426,0,2008-11-26 02:03:18,2009-01-08 00:00:00,,1,124,,5331,,[],The Definitive Host,18,Album,,,,"<p>His site has long offered most of his material for free download, but the new Blocks Blocks Blocks label disc is essential for anyone interested sonic prankery in popular high/lowbrow forums (i.e. you, the WFMU listener). Included: Sony/BMG's end use licensing agreement text scored for a women's choir to sing, a track featuring five box sets played in their entirety in fast-forward mode, a greatest hits track of all the hits overlayed on top of each other, a punk rock take on Theodor Adorno's<em> Minima Moralia</em>, ten famous banned albums (Beatles, Sex Pistols etc.) burned into melted globs of wax and then played and recorded off a turntable. My particular fave, ""Voice Over"", employs famous movie promo voiceover king Scott Taylor who recites cliched taglines from a seemingly enldess history of movie spots and combines them into one brain-frying monologue. Once again, take a gander at the site and MP3s,  Brian's miscellaneous projects are great as well ( i.e. ""Invasion USA"", where the Presidential podium gets installed in assorted local public spots for anyone to audition). (Brian Turner)</p>
<p><a href=""http://flickr.com/photos/zota/2116892049/"">photo</a> by Flickr user <a href=""http://flickr.com/photos/zota/"">zota</a></p>",1,2008-11-26 02:00:58,14,91,,,,Brian Joseph Davis,Brian Joseph Davis,,['brian joseph davis'],brianjosephdavis.com,,training,large,256000,0,Brian Joseph Davis,2008-11-26 01:59:37,2008-11-26 00:00:00,114,0,Experimental,[1],"[1, 38]",,883,en,Attribution-NonCommercial-ShareAlike 3.0 International,117,,6,,[],An Audio Walk Through Greater Newcastle
427,0,2008-11-26 02:03:18,2009-01-08 00:00:00,,1,124,,5331,,[],The Definitive Host,18,Album,,,,"<p>His site has long offered most of his material for free download, but the new Blocks Blocks Blocks label disc is essential for anyone interested sonic prankery in popular high/lowbrow forums (i.e. you, the WFMU listener). Included: Sony/BMG's end use licensing agreement text scored for a women's choir to sing, a track featuring five box sets played in their entirety in fast-forward mode, a greatest hits track of all the hits overlayed on top of each other, a punk rock take on Theodor Adorno's<em> Minima Moralia</em>, ten famous banned albums (Beatles, Sex Pistols etc.) burned into melted globs of wax and then played and recorded off a turntable. My particular fave, ""Voice Over"", employs famous movie promo voiceover king Scott Taylor who recites cliched taglines from a seemingly enldess history of movie spots and combines them into one brain-frying monologue. Once again, take a gander at the site and MP3s,  Brian's miscellaneous projects are great as well ( i.e. ""Invasion USA"", where the Presidential podium gets installed in assorted local public spots for anyone to audition). (Brian Turner)</p>
<p><a href=""http://flickr.com/photos/zota/2116892049/"">photo</a> by Flickr user <a href=""http://flickr.com/photos/zota/"">zota</a></p>",1,2008-11-26 02:00:58,14,91,,,,Brian Joseph Davis,Brian Joseph Davis,,['brian joseph davis'],brianjosephdavis.com,,training,large,256000,0,Brian Joseph Davis,2008-11-26 01:59:39,2008-11-26 00:00:00,83,0,Experimental,[1],"[1, 38]",,515,en,Attribution-NonCommercial-ShareAlike 3.0 International,118,,7,,[],1913
428,0,2008-11-26 02:03:18,2009-01-08 00:00:00,,1,124,,5331,,[],The Definitive Host,18,Album,,,,"<p>His site has long offered most of his material for free download, but the new Blocks Blocks Blocks label disc is essential for anyone interested sonic prankery in popular high/lowbrow forums (i.e. you, the WFMU listener). Included: Sony/BMG's end use licensing agreement text scored for a women's choir to sing, a track featuring five box sets played in their entirety in fast-forward mode, a greatest hits track of all the hits overlayed on top of each other, a punk rock take on Theodor Adorno's<em> Minima Moralia</em>, ten famous banned albums (Beatles, Sex Pistols etc.) burned into melted globs of wax and then played and recorded off a turntable. My particular fave, ""Voice Over"", employs famous movie promo voiceover king Scott Taylor who recites cliched taglines from a seemingly enldess history of movie spots and combines them into one brain-frying monologue. Once again, take a gander at the site and MP3s,  Brian's miscellaneous projects are great as well ( i.e. ""Invasion USA"", where the Presidential podium gets installed in assorted local public spots for anyone to audition). (Brian Turner)</p>
<p><a href=""http://flickr.com/photos/zota/2116892049/"">photo</a> by Flickr user <a href=""http://flickr.com/photos/zota/"">zota</a></p>",1,2008-11-26 02:00:58,14,91,,,,Brian Joseph Davis,Brian Joseph Davis,,['brian joseph davis'],brianjosephdavis.com,,training,large,256000,0,Brian Joseph Davis,2008-11-26 01:59:41,2008-11-26 00:00:00,122,1,Experimental,[1],"[1, 38]",,924,en,Attribution-NonCommercial-ShareAlike 3.0 International,100,,8,,[],1933
429,0,2008-11-26 02:03:18,2009-01-08 00:00:00,,1,124,,5331,,[],The Definitive Host,18,Album,,,,"<p>His site has long offered most of his material for free download, but the new Blocks Blocks Blocks label disc is essential for anyone interested sonic prankery in popular high/lowbrow forums (i.e. you, the WFMU listener). Included: Sony/BMG's end use licensing agreement text scored for a women's choir to sing, a track featuring five box sets played in their entirety in fast-forward mode, a greatest hits track of all the hits overlayed on top of each other, a punk rock take on Theodor Adorno's<em> Minima Moralia</em>, ten famous banned albums (Beatles, Sex Pistols etc.) burned into melted globs of wax and then played and recorded off a turntable. My particular fave, ""Voice Over"", employs famous movie promo voiceover king Scott Taylor who recites cliched taglines from a seemingly enldess history of movie spots and combines them into one brain-frying monologue. Once again, take a gander at the site and MP3s,  Brian's miscellaneous projects are great as well ( i.e. ""Invasion USA"", where the Presidential podium gets installed in assorted local public spots for anyone to audition). (Brian Turner)</p>
<p><a href=""http://flickr.com/photos/zota/2116892049/"">photo</a> by Flickr user <a href=""http://flickr.com/photos/zota/"">zota</a></p>",1,2008-11-26 02:00:58,14,91,,,,Brian Joseph Davis,Brian Joseph Davis,,['brian joseph davis'],brianjosephdavis.com,,training,large,256000,0,Brian Joseph Davis,2008-11-26 01:59:43,2008-11-26 00:00:00,136,0,Experimental,[1],"[1, 38]",,647,en,Attribution-NonCommercial-ShareAlike 3.0 International,72,,9,,[],1963/2005
430,0,2008-11-26 02:03:18,2009-01-08 00:00:00,,1,124,,5331,,[],The Definitive Host,18,Album,,,,"<p>His site has long offered most of his material for free download, but the new Blocks Blocks Blocks label disc is essential for anyone interested sonic prankery in popular high/lowbrow forums (i.e. you, the WFMU listener). Included: Sony/BMG's end use licensing agreement text scored for a women's choir to sing, a track featuring five box sets played in their entirety in fast-forward mode, a greatest hits track of all the hits overlayed on top of each other, a punk rock take on Theodor Adorno's<em> Minima Moralia</em>, ten famous banned albums (Beatles, Sex Pistols etc.) burned into melted globs of wax and then played and recorded off a turntable. My particular fave, ""Voice Over"", employs famous movie promo voiceover king Scott Taylor who recites cliched taglines from a seemingly enldess history of movie spots and combines them into one brain-frying monologue. Once again, take a gander at the site and MP3s,  Brian's miscellaneous projects are great as well ( i.e. ""Invasion USA"", where the Presidential podium gets installed in assorted local public spots for anyone to audition). (Brian Turner)</p>
<p><a href=""http://flickr.com/photos/zota/2116892049/"">photo</a> by Flickr user <a href=""http://flickr.com/photos/zota/"">zota</a></p>",1,2008-11-26 02:00:58,14,91,,,,Brian Joseph Davis,Brian Joseph Davis,,['brian joseph davis'],brianjosephdavis.com,,training,large,256000,0,Brian Joseph Davis,2008-11-26 01:59:45,2008-11-26 00:00:00,82,0,Experimental,[1],"[1, 38]",,658,en,Attribution-NonCommercial-ShareAlike 3.0 International,82,,10,,[],1966
431,0,2008-11-26 02:03:18,2009-01-08 00:00:00,,1,124,,5331,,[],The Definitive Host,18,Album,,,,"<p>His site has long offered most of his material for free download, but the new Blocks Blocks Blocks label disc is essential for anyone interested sonic prankery in popular high/lowbrow forums (i.e. you, the WFMU listener). Included: Sony/BMG's end use licensing agreement text scored for a women's choir to sing, a track featuring five box sets played in their entirety in fast-forward mode, a greatest hits track of all the hits overlayed on top of each other, a punk rock take on Theodor Adorno's<em> Minima Moralia</em>, ten famous banned albums (Beatles, Sex Pistols etc.) burned into melted globs of wax and then played and recorded off a turntable. My particular fave, ""Voice Over"", employs famous movie promo voiceover king Scott Taylor who recites cliched taglines from a seemingly enldess history of movie spots and combines them into one brain-frying monologue. Once again, take a gander at the site and MP3s,  Brian's miscellaneous projects are great as well ( i.e. ""Invasion USA"", where the Presidential podium gets installed in assorted local public spots for anyone to audition). (Brian Turner)</p>
<p><a href=""http://flickr.com/photos/zota/2116892049/"">photo</a> by Flickr user <a href=""http://flickr.com/photos/zota/"">zota</a></p>",1,2008-11-26 02:00:58,14,91,,,,Brian Joseph Davis,Brian Joseph Davis,,['brian joseph davis'],brianjosephdavis.com,,training,large,256000,0,Brian Joseph Davis,2008-11-26 01:59:48,2008-11-26 00:00:00,64,0,Experimental,[1],"[1, 38]",,1043,en,Attribution-NonCommercial-ShareAlike 3.0 International,57,,11,,[],1977
432,0,2008-11-26 02:03:18,2009-01-08 00:00:00,,1,124,,5331,,[],The Definitive Host,18,Album,,,,"<p>His site has long offered most of his material for free download, but the new Blocks Blocks Blocks label disc is essential for anyone interested sonic prankery in popular high/lowbrow forums (i.e. you, the WFMU listener). Included: Sony/BMG's end use licensing agreement text scored for a women's choir to sing, a track featuring five box sets played in their entirety in fast-forward mode, a greatest hits track of all the hits overlayed on top of each other, a punk rock take on Theodor Adorno's<em> Minima Moralia</em>, ten famous banned albums (Beatles, Sex Pistols etc.) burned into melted globs of wax and then played and recorded off a turntable. My particular fave, ""Voice Over"", employs famous movie promo voiceover king Scott Taylor who recites cliched taglines from a seemingly enldess history of movie spots and combines them into one brain-frying monologue. Once again, take a gander at the site and MP3s,  Brian's miscellaneous projects are great as well ( i.e. ""Invasion USA"", where the Presidential podium gets installed in assorted local public spots for anyone to audition). (Brian Turner)</p>
<p><a href=""http://flickr.com/photos/zota/2116892049/"">photo</a> by Flickr user <a href=""http://flickr.com/photos/zota/"">zota</a></p>",1,2008-11-26 02:00:58,14,91,,,,Brian Joseph Davis,Brian Joseph Davis,,['brian joseph davis'],brianjosephdavis.com,,training,large,256000,0,Brian Joseph Davis,2008-11-26 01:59:49,2008-11-26 00:00:00,80,1,Experimental,[1],"[1, 38]",,1056,en,Attribution-NonCommercial-ShareAlike 3.0 International,57,,12,,[],1984
433,0,2008-11-26 02:03:18,2009-01-08 00:00:00,,1,124,,5331,,[],The Definitive Host,18,Album,,,,"<p>His site has long offered most of his material for free download, but the new Blocks Blocks Blocks label disc is essential for anyone interested sonic prankery in popular high/lowbrow forums (i.e. you, the WFMU listener). Included: Sony/BMG's end use licensing agreement text scored for a women's choir to sing, a track featuring five box sets played in their entirety in fast-forward mode, a greatest hits track of all the hits overlayed on top of each other, a punk rock take on Theodor Adorno's<em> Minima Moralia</em>, ten famous banned albums (Beatles, Sex Pistols etc.) burned into melted globs of wax and then played and recorded off a turntable. My particular fave, ""Voice Over"", employs famous movie promo voiceover king Scott Taylor who recites cliched taglines from a seemingly enldess history of movie spots and combines them into one brain-frying monologue. Once again, take a gander at the site and MP3s,  Brian's miscellaneous projects are great as well ( i.e. ""Invasion USA"", where the Presidential podium gets installed in assorted local public spots for anyone to audition). (Brian Turner)</p>
<p><a href=""http://flickr.com/photos/zota/2116892049/"">photo</a> by Flickr user <a href=""http://flickr.com/photos/zota/"">zota</a></p>",1,2008-11-26 02:00:58,14,91,,,,Brian Joseph Davis,Brian Joseph Davis,,['brian joseph davis'],brianjosephdavis.com,,training,large,256000,0,Brian Joseph Davis,2008-11-26 01:59:50,2008-11-26 00:00:00,123,0,Experimental,[1],"[1, 38]",,1600,en,Attribution-NonCommercial-ShareAlike 3.0 International,47,,13,,[],1987
434,0,2008-11-26 02:03:18,2009-01-08 00:00:00,,1,124,,5331,,[],The Definitive Host,18,Album,,,,"<p>His site has long offered most of his material for free download, but the new Blocks Blocks Blocks label disc is essential for anyone interested sonic prankery in popular high/lowbrow forums (i.e. you, the WFMU listener). Included: Sony/BMG's end use licensing agreement text scored for a women's choir to sing, a track featuring five box sets played in their entirety in fast-forward mode, a greatest hits track of all the hits overlayed on top of each other, a punk rock take on Theodor Adorno's<em> Minima Moralia</em>, ten famous banned albums (Beatles, Sex Pistols etc.) burned into melted globs of wax and then played and recorded off a turntable. My particular fave, ""Voice Over"", employs famous movie promo voiceover king Scott Taylor who recites cliched taglines from a seemingly enldess history of movie spots and combines them into one brain-frying monologue. Once again, take a gander at the site and MP3s,  Brian's miscellaneous projects are great as well ( i.e. ""Invasion USA"", where the Presidential podium gets installed in assorted local public spots for anyone to audition). (Brian Turner)</p>
<p><a href=""http://flickr.com/photos/zota/2116892049/"">photo</a> by Flickr user <a href=""http://flickr.com/photos/zota/"">zota</a></p>",1,2008-11-26 02:00:58,14,91,,,,Brian Joseph Davis,Brian Joseph Davis,,['brian joseph davis'],brianjosephdavis.com,,training,large,256000,0,Brian Joseph Davis,2008-11-26 01:59:52,2008-11-26 00:00:00,78,0,Experimental,[1],"[1, 38]",,1953,en,Attribution-NonCommercial-ShareAlike 3.0 International,45,,14,,[],1988
435,0,2008-11-26 02:03:18,2009-01-08 00:00:00,,1,124,,5331,,[],The Definitive Host,18,Album,,,,"<p>His site has long offered most of his material for free download, but the new Blocks Blocks Blocks label disc is essential for anyone interested sonic prankery in popular high/lowbrow forums (i.e. you, the WFMU listener). Included: Sony/BMG's end use licensing agreement text scored for a women's choir to sing, a track featuring five box sets played in their entirety in fast-forward mode, a greatest hits track of all the hits overlayed on top of each other, a punk rock take on Theodor Adorno's<em> Minima Moralia</em>, ten famous banned albums (Beatles, Sex Pistols etc.) burned into melted globs of wax and then played and recorded off a turntable. My particular fave, ""Voice Over"", employs famous movie promo voiceover king Scott Taylor who recites cliched taglines from a seemingly enldess history of movie spots and combines them into one brain-frying monologue. Once again, take a gander at the site and MP3s,  Brian's miscellaneous projects are great as well ( i.e. ""Invasion USA"", where the Presidential podium gets installed in assorted local public spots for anyone to audition). (Brian Turner)</p>
<p><a href=""http://flickr.com/photos/zota/2116892049/"">photo</a> by Flickr user <a href=""http://flickr.com/photos/zota/"">zota</a></p>",1,2008-11-26 02:00:58,14,91,,,,Brian Joseph Davis,Brian Joseph Davis,,['brian joseph davis'],brianjosephdavis.com,,training,large,256000,0,Brian Joseph Davis,2008-11-26 01:59:54,2008-11-26 00:00:00,177,0,Experimental,[1],"[1, 38]",,1873,en,Attribution-NonCommercial-ShareAlike 3.0 International,57,,15,,[],1989
436,0,2008-11-26 02:03:18,2009-01-08 00:00:00,,1,124,,5331,,[],The Definitive Host,18,Album,,,,"<p>His site has long offered most of his material for free download, but the new Blocks Blocks Blocks label disc is essential for anyone interested sonic prankery in popular high/lowbrow forums (i.e. you, the WFMU listener). Included: Sony/BMG's end use licensing agreement text scored for a women's choir to sing, a track featuring five box sets played in their entirety in fast-forward mode, a greatest hits track of all the hits overlayed on top of each other, a punk rock take on Theodor Adorno's<em> Minima Moralia</em>, ten famous banned albums (Beatles, Sex Pistols etc.) burned into melted globs of wax and then played and recorded off a turntable. My particular fave, ""Voice Over"", employs famous movie promo voiceover king Scott Taylor who recites cliched taglines from a seemingly enldess history of movie spots and combines them into one brain-frying monologue. Once again, take a gander at the site and MP3s,  Brian's miscellaneous projects are great as well ( i.e. ""Invasion USA"", where the Presidential podium gets installed in assorted local public spots for anyone to audition). (Brian Turner)</p>
<p><a href=""http://flickr.com/photos/zota/2116892049/"">photo</a> by Flickr user <a href=""http://flickr.com/photos/zota/"">zota</a></p>",1,2008-11-26 02:00:58,14,91,,,,Brian Joseph Davis,Brian Joseph Davis,,['brian joseph davis'],brianjosephdavis.com,,training,large,256000,0,Brian Joseph Davis,2008-11-26 01:59:57,2008-11-26 00:00:00,734,1,Experimental,[1],"[1, 38]",,683,en,Attribution-NonCommercial-ShareAlike 3.0 International,181,,16,,[],voice over
437,0,2008-11-26 02:03:18,2009-01-08 00:00:00,,1,124,,5331,,[],The Definitive Host,18,Album,,,,"<p>His site has long offered most of his material for free download, but the new Blocks Blocks Blocks label disc is essential for anyone interested sonic prankery in popular high/lowbrow forums (i.e. you, the WFMU listener). Included: Sony/BMG's end use licensing agreement text scored for a women's choir to sing, a track featuring five box sets played in their entirety in fast-forward mode, a greatest hits track of all the hits overlayed on top of each other, a punk rock take on Theodor Adorno's<em> Minima Moralia</em>, ten famous banned albums (Beatles, Sex Pistols etc.) burned into melted globs of wax and then played and recorded off a turntable. My particular fave, ""Voice Over"", employs famous movie promo voiceover king Scott Taylor who recites cliched taglines from a seemingly enldess history of movie spots and combines them into one brain-frying monologue. Once again, take a gander at the site and MP3s,  Brian's miscellaneous projects are great as well ( i.e. ""Invasion USA"", where the Presidential podium gets installed in assorted local public spots for anyone to audition). (Brian Turner)</p>
<p><a href=""http://flickr.com/photos/zota/2116892049/"">photo</a> by Flickr user <a href=""http://flickr.com/photos/zota/"">zota</a></p>",1,2008-11-26 02:00:58,14,91,,,,Brian Joseph Davis,Brian Joseph Davis,,['brian joseph davis'],brianjosephdavis.com,,training,large,256000,0,Brian Joseph Davis,2008-11-26 02:00:03,2008-11-26 00:00:00,117,0,Experimental,[1],"[1, 38]",,625,en,Attribution-NonCommercial-ShareAlike 3.0 International,122,,18,,[],Yesterduh (Joe Meek)
438,0,2008-11-26 02:03:18,2009-01-08 00:00:00,,1,124,,5331,,[],The Definitive Host,18,Album,,,,"<p>His site has long offered most of his material for free download, but the new Blocks Blocks Blocks label disc is essential for anyone interested sonic prankery in popular high/lowbrow forums (i.e. you, the WFMU listener). Included: Sony/BMG's end use licensing agreement text scored for a women's choir to sing, a track featuring five box sets played in their entirety in fast-forward mode, a greatest hits track of all the hits overlayed on top of each other, a punk rock take on Theodor Adorno's<em> Minima Moralia</em>, ten famous banned albums (Beatles, Sex Pistols etc.) burned into melted globs of wax and then played and recorded off a turntable. My particular fave, ""Voice Over"", employs famous movie promo voiceover king Scott Taylor who recites cliched taglines from a seemingly enldess history of movie spots and combines them into one brain-frying monologue. Once again, take a gander at the site and MP3s,  Brian's miscellaneous projects are great as well ( i.e. ""Invasion USA"", where the Presidential podium gets installed in assorted local public spots for anyone to audition). (Brian Turner)</p>
<p><a href=""http://flickr.com/photos/zota/2116892049/"">photo</a> by Flickr user <a href=""http://flickr.com/photos/zota/"">zota</a></p>",1,2008-11-26 02:00:58,14,91,,,,Brian Joseph Davis,Brian Joseph Davis,,['brian joseph davis'],brianjosephdavis.com,,training,large,256000,0,Brian Joseph Davis,2008-11-26 02:00:09,2008-11-26 00:00:00,352,1,Experimental,[1],"[1, 38]",,1238,en,Attribution-NonCommercial-ShareAlike 3.0 International,82,,19,,[],Minima Medley
439,0,2008-11-26 02:03:18,2009-01-08 00:00:00,,1,124,,5331,,[],The Definitive Host,18,Album,,,,"<p>His site has long offered most of his material for free download, but the new Blocks Blocks Blocks label disc is essential for anyone interested sonic prankery in popular high/lowbrow forums (i.e. you, the WFMU listener). Included: Sony/BMG's end use licensing agreement text scored for a women's choir to sing, a track featuring five box sets played in their entirety in fast-forward mode, a greatest hits track of all the hits overlayed on top of each other, a punk rock take on Theodor Adorno's<em> Minima Moralia</em>, ten famous banned albums (Beatles, Sex Pistols etc.) burned into melted globs of wax and then played and recorded off a turntable. My particular fave, ""Voice Over"", employs famous movie promo voiceover king Scott Taylor who recites cliched taglines from a seemingly enldess history of movie spots and combines them into one brain-frying monologue. Once again, take a gander at the site and MP3s,  Brian's miscellaneous projects are great as well ( i.e. ""Invasion USA"", where the Presidential podium gets installed in assorted local public spots for anyone to audition). (Brian Turner)</p>
<p><a href=""http://flickr.com/photos/zota/2116892049/"">photo</a> by Flickr user <a href=""http://flickr.com/photos/zota/"">zota</a></p>",1,2008-11-26 02:00:58,14,91,,,,Brian Joseph Davis,Brian Joseph Davis,,['brian joseph davis'],brianjosephdavis.com,,training,large,256000,0,Brian Joseph Davis,2008-11-26 02:00:13,2008-11-26 00:00:00,256,0,Experimental,[1],"[1, 38]",,989,en,Attribution-NonCommercial-ShareAlike 3.0 International,280,,20,,[],All you get from love is 22 Love Songs
440,1,2008-11-26 02:04:38,2007-06-01 00:00:00,Dave Public,0,126,"<p>Bronhard/Going/Public<br />""Over In A Big Way""<br />(Ortolan Publishing 2007)<br /><br />Untitled 1-13<br /><br /><br />All tracks recorded in real-time with no overdubs or post manipulation.<br /><br />Walter Bronhard: Electronics, synths, guitar<br />Dylan Going: Electronics, saxophone, guitar, drums<br />Dave Public: Electronics, synths, vox, drums<br /><br /><br />www.myspace.com/bronhardgoingpublic</p>
<p>ortolanpublishing.com</p>",4646,Dylan Going,[],Over In A Big Way,13,Album,2006-01-01 00:00:00,,,"<p>Bronhard/Going/Public is an electronic improv trio that features members of Suffering Bastard and the White Mice. Booty bass, gabber, italo disco, dubstep, power electronics and cosmic synth jams crudely vomited out into a steaming heap of timestretched, pitchshifted grooves.</p>",1,2008-11-26 02:02:17,9,92,41.8239891,"Providence, RI",-71.4128343,"Walter Bronhard
Dylan Going
Dave Public",Bronhard/Going/Public,"White Mice, Suffering Bastard, JKAE, Battlesnake, Rhythm and Blues Motherfuckers",['bronhardgoingpublic'],http://www.ortolanpublishing.com,,training,large,256000,0,Walter Bronhard + Dylan Going + Dave Public,2008-11-26 02:00:15,2007-01-01 00:00:00,15,0,,"[4, 15, 38]","[4, 38, 15]",,2583,en,Attribution-NonCommercial-ShareAlike 3.0 International,905,,1,,[],The Beats
441,1,2008-11-26 02:04:38,2007-06-01 00:00:00,Dave Public,0,126,"<p>Bronhard/Going/Public<br />""Over In A Big Way""<br />(Ortolan Publishing 2007)<br /><br />Untitled 1-13<br /><br /><br />All tracks recorded in real-time with no overdubs or post manipulation.<br /><br />Walter Bronhard: Electronics, synths, guitar<br />Dylan Going: Electronics, saxophone, guitar, drums<br />Dave Public: Electronics, synths, vox, drums<br /><br /><br />www.myspace.com/bronhardgoingpublic</p>
<p>ortolanpublishing.com</p>",4646,Dylan Going,[],Over In A Big Way,13,Album,2006-01-01 00:00:00,,,"<p>Bronhard/Going/Public is an electronic improv trio that features members of Suffering Bastard and the White Mice. Booty bass, gabber, italo disco, dubstep, power electronics and cosmic synth jams crudely vomited out into a steaming heap of timestretched, pitchshifted grooves.</p>",1,2008-11-26 02:02:17,9,92,41.8239891,"Providence, RI",-71.4128343,"Walter Bronhard
Dylan Going
Dave Public",Bronhard/Going/Public,"White Mice, Suffering Bastard, JKAE, Battlesnake, Rhythm and Blues Motherfuckers",['bronhardgoingpublic'],http://www.ortolanpublishing.com,,training,large,256000,0,Walter Bronhard + Dylan Going + Dave Public,2008-11-26 02:00:17,2007-01-01 00:00:00,227,2,,"[4, 15, 38]","[4, 38, 15]",,1246,en,Attribution-NonCommercial-ShareAlike 3.0 International,295,,2,,[],Veruca Assault
442,1,2008-11-26 02:04:38,2007-06-01 00:00:00,Dave Public,0,126,"<p>Bronhard/Going/Public<br />""Over In A Big Way""<br />(Ortolan Publishing 2007)<br /><br />Untitled 1-13<br /><br /><br />All tracks recorded in real-time with no overdubs or post manipulation.<br /><br />Walter Bronhard: Electronics, synths, guitar<br />Dylan Going: Electronics, saxophone, guitar, drums<br />Dave Public: Electronics, synths, vox, drums<br /><br /><br />www.myspace.com/bronhardgoingpublic</p>
<p>ortolanpublishing.com</p>",4646,Dylan Going,[],Over In A Big Way,13,Album,2006-01-01 00:00:00,,,"<p>Bronhard/Going/Public is an electronic improv trio that features members of Suffering Bastard and the White Mice. Booty bass, gabber, italo disco, dubstep, power electronics and cosmic synth jams crudely vomited out into a steaming heap of timestretched, pitchshifted grooves.</p>",1,2008-11-26 02:02:17,9,92,41.8239891,"Providence, RI",-71.4128343,"Walter Bronhard
Dylan Going
Dave Public",Bronhard/Going/Public,"White Mice, Suffering Bastard, JKAE, Battlesnake, Rhythm and Blues Motherfuckers",['bronhardgoingpublic'],http://www.ortolanpublishing.com,,training,large,256000,0,Walter Bronhard + Dylan Going + Dave Public,2008-11-26 02:00:19,2007-01-01 00:00:00,255,0,,"[4, 15, 38]","[4, 38, 15]",,864,en,Attribution-NonCommercial-ShareAlike 3.0 International,158,,3,,[],ID4 Congress
443,1,2008-11-26 02:04:38,2007-06-01 00:00:00,Dave Public,0,126,"<p>Bronhard/Going/Public<br />""Over In A Big Way""<br />(Ortolan Publishing 2007)<br /><br />Untitled 1-13<br /><br /><br />All tracks recorded in real-time with no overdubs or post manipulation.<br /><br />Walter Bronhard: Electronics, synths, guitar<br />Dylan Going: Electronics, saxophone, guitar, drums<br />Dave Public: Electronics, synths, vox, drums<br /><br /><br />www.myspace.com/bronhardgoingpublic</p>
<p>ortolanpublishing.com</p>",4646,Dylan Going,[],Over In A Big Way,13,Album,2006-01-01 00:00:00,,,"<p>Bronhard/Going/Public is an electronic improv trio that features members of Suffering Bastard and the White Mice. Booty bass, gabber, italo disco, dubstep, power electronics and cosmic synth jams crudely vomited out into a steaming heap of timestretched, pitchshifted grooves.</p>",1,2008-11-26 02:02:17,9,92,41.8239891,"Providence, RI",-71.4128343,"Walter Bronhard
Dylan Going
Dave Public",Bronhard/Going/Public,"White Mice, Suffering Bastard, JKAE, Battlesnake, Rhythm and Blues Motherfuckers",['bronhardgoingpublic'],http://www.ortolanpublishing.com,,training,large,256000,0,Walter Bronhard + Dylan Going + Dave Public,2008-11-26 02:00:22,2007-01-01 00:00:00,312,1,,"[4, 15, 38]","[4, 38, 15]",,1495,en,Attribution-NonCommercial-ShareAlike 3.0 International,116,,4,,[],Bastard Boise
444,1,2008-11-26 02:04:38,2007-06-01 00:00:00,Dave Public,0,126,"<p>Bronhard/Going/Public<br />""Over In A Big Way""<br />(Ortolan Publishing 2007)<br /><br />Untitled 1-13<br /><br /><br />All tracks recorded in real-time with no overdubs or post manipulation.<br /><br />Walter Bronhard: Electronics, synths, guitar<br />Dylan Going: Electronics, saxophone, guitar, drums<br />Dave Public: Electronics, synths, vox, drums<br /><br /><br />www.myspace.com/bronhardgoingpublic</p>
<p>ortolanpublishing.com</p>",4646,Dylan Going,[],Over In A Big Way,13,Album,2006-01-01 00:00:00,,,"<p>Bronhard/Going/Public is an electronic improv trio that features members of Suffering Bastard and the White Mice. Booty bass, gabber, italo disco, dubstep, power electronics and cosmic synth jams crudely vomited out into a steaming heap of timestretched, pitchshifted grooves.</p>",1,2008-11-26 02:02:17,9,92,41.8239891,"Providence, RI",-71.4128343,"Walter Bronhard
Dylan Going
Dave Public",Bronhard/Going/Public,"White Mice, Suffering Bastard, JKAE, Battlesnake, Rhythm and Blues Motherfuckers",['bronhardgoingpublic'],http://www.ortolanpublishing.com,,training,large,256000,0,Walter Bronhard + Dylan Going + Dave Public,2008-11-26 02:00:26,2007-01-01 00:00:00,32,0,,"[4, 15, 38]","[4, 38, 15]",,1575,en,Attribution-NonCommercial-ShareAlike 3.0 International,522,,5,,[],Jean-Michel
445,1,2008-11-26 02:04:38,2007-06-01 00:00:00,Dave Public,0,126,"<p>Bronhard/Going/Public<br />""Over In A Big Way""<br />(Ortolan Publishing 2007)<br /><br />Untitled 1-13<br /><br /><br />All tracks recorded in real-time with no overdubs or post manipulation.<br /><br />Walter Bronhard: Electronics, synths, guitar<br />Dylan Going: Electronics, saxophone, guitar, drums<br />Dave Public: Electronics, synths, vox, drums<br /><br /><br />www.myspace.com/bronhardgoingpublic</p>
<p>ortolanpublishing.com</p>",4646,Dylan Going,[],Over In A Big Way,13,Album,2006-01-01 00:00:00,,,"<p>Bronhard/Going/Public is an electronic improv trio that features members of Suffering Bastard and the White Mice. Booty bass, gabber, italo disco, dubstep, power electronics and cosmic synth jams crudely vomited out into a steaming heap of timestretched, pitchshifted grooves.</p>",1,2008-11-26 02:02:17,9,92,41.8239891,"Providence, RI",-71.4128343,"Walter Bronhard
Dylan Going
Dave Public",Bronhard/Going/Public,"White Mice, Suffering Bastard, JKAE, Battlesnake, Rhythm and Blues Motherfuckers",['bronhardgoingpublic'],http://www.ortolanpublishing.com,,training,large,256000,0,Walter Bronhard + Dylan Going + Dave Public,2008-11-26 02:00:28,2007-01-01 00:00:00,551,0,,"[4, 15, 38]","[4, 38, 15]",,1182,en,Attribution-NonCommercial-ShareAlike 3.0 International,127,,6,,[],Lyftoff
446,1,2008-11-26 02:04:38,2007-06-01 00:00:00,Dave Public,0,126,"<p>Bronhard/Going/Public<br />""Over In A Big Way""<br />(Ortolan Publishing 2007)<br /><br />Untitled 1-13<br /><br /><br />All tracks recorded in real-time with no overdubs or post manipulation.<br /><br />Walter Bronhard: Electronics, synths, guitar<br />Dylan Going: Electronics, saxophone, guitar, drums<br />Dave Public: Electronics, synths, vox, drums<br /><br /><br />www.myspace.com/bronhardgoingpublic</p>
<p>ortolanpublishing.com</p>",4646,Dylan Going,[],Over In A Big Way,13,Album,2006-01-01 00:00:00,,,"<p>Bronhard/Going/Public is an electronic improv trio that features members of Suffering Bastard and the White Mice. Booty bass, gabber, italo disco, dubstep, power electronics and cosmic synth jams crudely vomited out into a steaming heap of timestretched, pitchshifted grooves.</p>",1,2008-11-26 02:02:17,9,92,41.8239891,"Providence, RI",-71.4128343,"Walter Bronhard
Dylan Going
Dave Public",Bronhard/Going/Public,"White Mice, Suffering Bastard, JKAE, Battlesnake, Rhythm and Blues Motherfuckers",['bronhardgoingpublic'],http://www.ortolanpublishing.com,,training,large,256000,0,Walter Bronhard + Dylan Going + Dave Public,2008-11-26 02:00:32,2007-01-01 00:00:00,87,1,,"[4, 15, 38]","[4, 38, 15]",,1621,en,Attribution-NonCommercial-ShareAlike 3.0 International,320,,7,,[],Media Library
447,1,2008-11-26 02:04:38,2007-06-01 00:00:00,Dave Public,0,126,"<p>Bronhard/Going/Public<br />""Over In A Big Way""<br />(Ortolan Publishing 2007)<br /><br />Untitled 1-13<br /><br /><br />All tracks recorded in real-time with no overdubs or post manipulation.<br /><br />Walter Bronhard: Electronics, synths, guitar<br />Dylan Going: Electronics, saxophone, guitar, drums<br />Dave Public: Electronics, synths, vox, drums<br /><br /><br />www.myspace.com/bronhardgoingpublic</p>
<p>ortolanpublishing.com</p>",4646,Dylan Going,[],Over In A Big Way,13,Album,2006-01-01 00:00:00,,,"<p>Bronhard/Going/Public is an electronic improv trio that features members of Suffering Bastard and the White Mice. Booty bass, gabber, italo disco, dubstep, power electronics and cosmic synth jams crudely vomited out into a steaming heap of timestretched, pitchshifted grooves.</p>",1,2008-11-26 02:02:17,9,92,41.8239891,"Providence, RI",-71.4128343,"Walter Bronhard
Dylan Going
Dave Public",Bronhard/Going/Public,"White Mice, Suffering Bastard, JKAE, Battlesnake, Rhythm and Blues Motherfuckers",['bronhardgoingpublic'],http://www.ortolanpublishing.com,,training,large,256000,0,Walter Bronhard + Dylan Going + Dave Public,2008-11-26 02:00:35,2007-01-01 00:00:00,104,0,,"[4, 15, 38]","[4, 38, 15]",,1082,en,Attribution-NonCommercial-ShareAlike 3.0 International,222,,8,,[],Back/Forth
448,1,2008-11-26 02:04:38,2007-06-01 00:00:00,Dave Public,0,126,"<p>Bronhard/Going/Public<br />""Over In A Big Way""<br />(Ortolan Publishing 2007)<br /><br />Untitled 1-13<br /><br /><br />All tracks recorded in real-time with no overdubs or post manipulation.<br /><br />Walter Bronhard: Electronics, synths, guitar<br />Dylan Going: Electronics, saxophone, guitar, drums<br />Dave Public: Electronics, synths, vox, drums<br /><br /><br />www.myspace.com/bronhardgoingpublic</p>
<p>ortolanpublishing.com</p>",4646,Dylan Going,[],Over In A Big Way,13,Album,2006-01-01 00:00:00,,,"<p>Bronhard/Going/Public is an electronic improv trio that features members of Suffering Bastard and the White Mice. Booty bass, gabber, italo disco, dubstep, power electronics and cosmic synth jams crudely vomited out into a steaming heap of timestretched, pitchshifted grooves.</p>",1,2008-11-26 02:02:17,9,92,41.8239891,"Providence, RI",-71.4128343,"Walter Bronhard
Dylan Going
Dave Public",Bronhard/Going/Public,"White Mice, Suffering Bastard, JKAE, Battlesnake, Rhythm and Blues Motherfuckers",['bronhardgoingpublic'],http://www.ortolanpublishing.com,,training,large,256000,0,Walter Bronhard + Dylan Going + Dave Public,2008-11-26 02:00:37,2007-01-01 00:00:00,266,0,,"[4, 15, 38]","[4, 38, 15]",,1267,en,Attribution-NonCommercial-ShareAlike 3.0 International,353,,9,,[],Registered Sax Offender II
449,1,2008-11-26 02:04:38,2007-06-01 00:00:00,Dave Public,0,126,"<p>Bronhard/Going/Public<br />""Over In A Big Way""<br />(Ortolan Publishing 2007)<br /><br />Untitled 1-13<br /><br /><br />All tracks recorded in real-time with no overdubs or post manipulation.<br /><br />Walter Bronhard: Electronics, synths, guitar<br />Dylan Going: Electronics, saxophone, guitar, drums<br />Dave Public: Electronics, synths, vox, drums<br /><br /><br />www.myspace.com/bronhardgoingpublic</p>
<p>ortolanpublishing.com</p>",4646,Dylan Going,[],Over In A Big Way,13,Album,2006-01-01 00:00:00,,,"<p>Bronhard/Going/Public is an electronic improv trio that features members of Suffering Bastard and the White Mice. Booty bass, gabber, italo disco, dubstep, power electronics and cosmic synth jams crudely vomited out into a steaming heap of timestretched, pitchshifted grooves.</p>",1,2008-11-26 02:02:17,9,92,41.8239891,"Providence, RI",-71.4128343,"Walter Bronhard
Dylan Going
Dave Public",Bronhard/Going/Public,"White Mice, Suffering Bastard, JKAE, Battlesnake, Rhythm and Blues Motherfuckers",['bronhardgoingpublic'],http://www.ortolanpublishing.com,,training,large,256000,0,Walter Bronhard + Dylan Going + Dave Public,2008-11-26 02:00:39,2007-01-01 00:00:00,18,0,,"[4, 15, 38]","[4, 38, 15]",,2226,en,Attribution-NonCommercial-ShareAlike 3.0 International,892,,10,,[],Burlington Goat Factory
450,1,2008-11-26 02:04:38,2007-06-01 00:00:00,Dave Public,0,126,"<p>Bronhard/Going/Public<br />""Over In A Big Way""<br />(Ortolan Publishing 2007)<br /><br />Untitled 1-13<br /><br /><br />All tracks recorded in real-time with no overdubs or post manipulation.<br /><br />Walter Bronhard: Electronics, synths, guitar<br />Dylan Going: Electronics, saxophone, guitar, drums<br />Dave Public: Electronics, synths, vox, drums<br /><br /><br />www.myspace.com/bronhardgoingpublic</p>
<p>ortolanpublishing.com</p>",4646,Dylan Going,[],Over In A Big Way,13,Album,2006-01-01 00:00:00,,,"<p>Bronhard/Going/Public is an electronic improv trio that features members of Suffering Bastard and the White Mice. Booty bass, gabber, italo disco, dubstep, power electronics and cosmic synth jams crudely vomited out into a steaming heap of timestretched, pitchshifted grooves.</p>",1,2008-11-26 02:02:17,9,92,41.8239891,"Providence, RI",-71.4128343,"Walter Bronhard
Dylan Going
Dave Public",Bronhard/Going/Public,"White Mice, Suffering Bastard, JKAE, Battlesnake, Rhythm and Blues Motherfuckers",['bronhardgoingpublic'],http://www.ortolanpublishing.com,,training,large,256000,0,Walter Bronhard + Dylan Going + Dave Public,2008-11-26 02:00:41,2008-11-26 00:00:00,220,0,,"[4, 15, 38]","[4, 38, 15]",,1121,en,Attribution-NonCommercial-ShareAlike 3.0 International,195,,11,,[],Excuses
451,1,2008-11-26 02:04:38,2007-06-01 00:00:00,Dave Public,0,126,"<p>Bronhard/Going/Public<br />""Over In A Big Way""<br />(Ortolan Publishing 2007)<br /><br />Untitled 1-13<br /><br /><br />All tracks recorded in real-time with no overdubs or post manipulation.<br /><br />Walter Bronhard: Electronics, synths, guitar<br />Dylan Going: Electronics, saxophone, guitar, drums<br />Dave Public: Electronics, synths, vox, drums<br /><br /><br />www.myspace.com/bronhardgoingpublic</p>
<p>ortolanpublishing.com</p>",4646,Dylan Going,[],Over In A Big Way,13,Album,2006-01-01 00:00:00,,,"<p>Bronhard/Going/Public is an electronic improv trio that features members of Suffering Bastard and the White Mice. Booty bass, gabber, italo disco, dubstep, power electronics and cosmic synth jams crudely vomited out into a steaming heap of timestretched, pitchshifted grooves.</p>",1,2008-11-26 02:02:17,9,92,41.8239891,"Providence, RI",-71.4128343,"Walter Bronhard
Dylan Going
Dave Public",Bronhard/Going/Public,"White Mice, Suffering Bastard, JKAE, Battlesnake, Rhythm and Blues Motherfuckers",['bronhardgoingpublic'],http://www.ortolanpublishing.com,,training,large,256000,0,Walter Bronhard + Dylan Going + Dave Public,2008-11-26 02:00:44,2008-11-26 00:00:00,283,0,,"[4, 15, 38]","[4, 38, 15]",,1052,en,Attribution-NonCommercial-ShareAlike 3.0 International,245,,12,,[],Killer Murderer
452,1,2008-11-26 02:04:38,2007-06-01 00:00:00,Dave Public,0,126,"<p>Bronhard/Going/Public<br />""Over In A Big Way""<br />(Ortolan Publishing 2007)<br /><br />Untitled 1-13<br /><br /><br />All tracks recorded in real-time with no overdubs or post manipulation.<br /><br />Walter Bronhard: Electronics, synths, guitar<br />Dylan Going: Electronics, saxophone, guitar, drums<br />Dave Public: Electronics, synths, vox, drums<br /><br /><br />www.myspace.com/bronhardgoingpublic</p>
<p>ortolanpublishing.com</p>",4646,Dylan Going,[],Over In A Big Way,13,Album,2006-01-01 00:00:00,,,"<p>Bronhard/Going/Public is an electronic improv trio that features members of Suffering Bastard and the White Mice. Booty bass, gabber, italo disco, dubstep, power electronics and cosmic synth jams crudely vomited out into a steaming heap of timestretched, pitchshifted grooves.</p>",1,2008-11-26 02:02:17,9,92,41.8239891,"Providence, RI",-71.4128343,"Walter Bronhard
Dylan Going
Dave Public",Bronhard/Going/Public,"White Mice, Suffering Bastard, JKAE, Battlesnake, Rhythm and Blues Motherfuckers",['bronhardgoingpublic'],http://www.ortolanpublishing.com,,training,large,256000,0,Walter Bronhard + Dylan Going + Dave Public,2008-11-26 02:00:46,2008-11-26 00:00:00,42,1,,"[4, 15, 38]","[4, 38, 15]",,1491,en,Attribution-NonCommercial-ShareAlike 3.0 International,341,,13,,[],Casualist Conformativity
458,0,2008-11-26 02:05:23,2009-01-07 00:00:00,,1,129,"<p>Another splinter-off project making some good noise is <a href=""http://blog.wfmu.org/freeform/2008/05/ww.myspace.com/realreelpro""><strong>Cave</strong></a>, sprung from post-rock-metal-whatsiz unit Warhammer 48K. On an LP compiling two EPs <em>Hunt Like the Devil/Jamz</em> (<a href=""http://www.myspace.com/permanentwax"">Permanent Records</a>), shifting metrics of gunky synths, repetitive basslines and overall astral-gazing permeate these grooves in abundance. If Oneida were devoid of a bit of their precision and sprawled in a way to let figures tumble over into each other more often you might get an idea of what Cave were up to rhythmically, but it's when the guitars start to go into acid rampage mode is when I really get interested. Once they start cooking there's some comparisons to Comets on Fire, Titan, or the Heads, but in some ways it still resides  in some of the safer zones of a number of the Can-worship types who take it all a bit too literally. Which isn't to say it's a bad thing; there are plenty of surprises and sharp turns going on in the studio which make these two EPs diverse, I guess I'd like to hear the production a little rougher around the edges and let certain elements come unhinged a bit more, but again, pretty nice listening. (-via Brian Turner at <a href=""http://blog.wfmu.org/freeform/2008/05/recent-faves--1.html""><em>WFMU's Beware of the Blog!</em></a>)</p>",1233,,[],Hunt Like Devil EP,1,Album,,,,"<p><span class=""Apple-style-span"" style=""font-family:verdana, geneva, arial, sans-serif;font-size:medium;color:#ffff00;""><em>Third-eye-opening minimalist kraut-rockers <a style=""color:#008080;"" href=""http://www.myspace.com/realreelpro"">CAVE</a> originally formed in Columbia, Missouri. The four piece of Rotten Milk (synthesizer), Cooper Crain (guitars/organ), Dan Browning (bass) and Rex McMurry (drums) found their home in Chicago's Blue Hawaii's Shape Shoppe scene, and released the Hunt Like Devil/Jamz 12'' through local record store <a style=""color:#0000ff;"" href=""http://www.permanentrecordschicago.com/label.php"">Permanent Records</a>. They've since released music on <a style=""color:#008080;"" href=""http://www.importantrecords.com/releases/imprec247_release_page.htm"">Important Records</a> and <a style=""color:#008080;"" href=""http://www.dragcity.com/artists/cave"">Drag City</a> <br /></em></span></p>",6,2008-11-26 02:03:03,40,95,41.8781136,"Chicago, IL",-87.6297982,,CAVE,,"['cave', 'chicago']",http://www.myspace.com/realreelpro,,validation,medium,256000,0,,2008-11-25 22:01:05,2008-11-26 00:00:00,223,11,Rock,[36],"[36, 12]",,1824,en,Attribution-NonCommercial-ShareAlike 3.0 International,1241,,4,,[],Hunt Like Devil 4
459,1,2008-11-26 02:05:26,2009-01-07 00:00:00,,1,130,"<p>'Machines &amp; Muscles', a lush &amp; epic approach, like a neanderthal krautrock. Reminiscent of Peng-era Stereolab this builds &amp; builds with awesome grinding space rock riffage via warbly synth &amp; flurries of percussive splatter. Entrancing, a heaving, pulsing, throbbing mass, the sound magnetic and irresistible. (-via <a href=""http://www.trensmat.com/tr011.htm"" target=""_blank"">Trensmat.com</a>)</p>",7652,,[],Butthash,1,Album,,,,"<p><span class=""Apple-style-span"" style=""font-family:verdana, geneva, arial, sans-serif;font-size:medium;color:#ffff00;""><em>Third-eye-opening minimalist kraut-rockers <a style=""color:#008080;"" href=""http://www.myspace.com/realreelpro"">CAVE</a> originally formed in Columbia, Missouri. The four piece of Rotten Milk (synthesizer), Cooper Crain (guitars/organ), Dan Browning (bass) and Rex McMurry (drums) found their home in Chicago's Blue Hawaii's Shape Shoppe scene, and released the Hunt Like Devil/Jamz 12'' through local record store <a style=""color:#0000ff;"" href=""http://www.permanentrecordschicago.com/label.php"">Permanent Records</a>. They've since released music on <a style=""color:#008080;"" href=""http://www.importantrecords.com/releases/imprec247_release_page.htm"">Important Records</a> and <a style=""color:#008080;"" href=""http://www.dragcity.com/artists/cave"">Drag City</a> <br /></em></span></p>",6,2008-11-26 02:03:03,40,95,41.8781136,"Chicago, IL",-87.6297982,,CAVE,,"['cave', 'chicago']",http://www.myspace.com/realreelpro,,validation,small,128000,0,,2008-11-25 22:01:08,2008-11-26 00:00:00,301,45,Rock,[36],"[36, 12]",,11132,en,Attribution-NonCommercial-ShareAlike 3.0 International,7765,,0,,[],Machines and Muscles
461,0,2008-11-26 02:05:36,,,5,132,,22483,,[],blissblood.com,5,Single Tracks,,,,"<p>The Cantonement Jazz Band is 8-piece ensemble led by and featuring the exquisite female vocalist Bliss Blood.  Cantonement brings to life authentic versions of the dance music of the 1920s and early '30s.  Instrumentation of the band consists of sax/clarinet, trumpet, trombone, violin, piano, tuba, guitar, and drums.  The sound includes romantic love songs, novelty songs, blues songs, and melodic hot jazz. (-via <a href=""http://www.blissblood.com/index_cantonement.html"" target=""_blank"">blissblood.com</a>)</p>",1,2008-11-26 02:03:15,16,97,,,,,Cantonement Jazz Band,"Bliss Blood, Here's How, Voodoo Suite",['cantonement jazz band'],http://www.blissblood.com/index_cantonement.html,http://en.wikipedia.org/wiki/Bliss_Blood,training,large,160000,0,,2008-11-26 02:01:19,2006-01-01 00:00:00,328,26,,"[3, 37]","[3, 4, 37]",,8950,en,Attribution-NonCommercial-ShareAlike 3.0 International,4833,,1,,[],Bessemer
462,0,2008-11-26 02:05:36,,,5,132,,22483,,[],blissblood.com,5,Single Tracks,,,,"<p>The Cantonement Jazz Band is 8-piece ensemble led by and featuring the exquisite female vocalist Bliss Blood.  Cantonement brings to life authentic versions of the dance music of the 1920s and early '30s.  Instrumentation of the band consists of sax/clarinet, trumpet, trombone, violin, piano, tuba, guitar, and drums.  The sound includes romantic love songs, novelty songs, blues songs, and melodic hot jazz. (-via <a href=""http://www.blissblood.com/index_cantonement.html"" target=""_blank"">blissblood.com</a>)</p>",1,2008-11-26 02:03:15,16,97,,,,,Cantonement Jazz Band,"Bliss Blood, Here's How, Voodoo Suite",['cantonement jazz band'],http://www.blissblood.com/index_cantonement.html,http://en.wikipedia.org/wiki/Bliss_Blood,training,large,160000,0,,2008-11-26 02:01:21,2006-01-01 00:00:00,323,24,,"[3, 37]","[3, 4, 37]",,8485,en,Attribution-NonCommercial-ShareAlike 3.0 International,4126,,2,,[],Has Been Blues
463,0,2008-11-26 02:05:36,,,5,132,,22483,,[],blissblood.com,5,Single Tracks,,,,"<p>The Cantonement Jazz Band is 8-piece ensemble led by and featuring the exquisite female vocalist Bliss Blood.  Cantonement brings to life authentic versions of the dance music of the 1920s and early '30s.  Instrumentation of the band consists of sax/clarinet, trumpet, trombone, violin, piano, tuba, guitar, and drums.  The sound includes romantic love songs, novelty songs, blues songs, and melodic hot jazz. (-via <a href=""http://www.blissblood.com/index_cantonement.html"" target=""_blank"">blissblood.com</a>)</p>",1,2008-11-26 02:03:15,16,97,,,,,Cantonement Jazz Band,"Bliss Blood, Here's How, Voodoo Suite",['cantonement jazz band'],http://www.blissblood.com/index_cantonement.html,http://en.wikipedia.org/wiki/Bliss_Blood,training,large,160000,0,,2008-11-26 02:01:24,2006-01-01 00:00:00,224,18,,"[3, 37]","[3, 4, 37]",,8026,en,Attribution-NonCommercial-ShareAlike 3.0 International,4096,,6,,[],I'll Be Blue
464,0,2008-11-26 02:05:36,,,5,132,,22483,,[],blissblood.com,5,Single Tracks,,,,"<p>The Cantonement Jazz Band is 8-piece ensemble led by and featuring the exquisite female vocalist Bliss Blood.  Cantonement brings to life authentic versions of the dance music of the 1920s and early '30s.  Instrumentation of the band consists of sax/clarinet, trumpet, trombone, violin, piano, tuba, guitar, and drums.  The sound includes romantic love songs, novelty songs, blues songs, and melodic hot jazz. (-via <a href=""http://www.blissblood.com/index_cantonement.html"" target=""_blank"">blissblood.com</a>)</p>",1,2008-11-26 02:03:15,16,97,,,,,Cantonement Jazz Band,"Bliss Blood, Here's How, Voodoo Suite",['cantonement jazz band'],http://www.blissblood.com/index_cantonement.html,http://en.wikipedia.org/wiki/Bliss_Blood,training,large,160000,0,,2008-11-26 02:01:28,2006-01-01 00:00:00,397,27,,"[3, 37]","[3, 4, 37]",,13845,en,Attribution-NonCommercial-ShareAlike 3.0 International,4461,,9,,[],The Way I Feel Today
465,0,2008-11-26 02:05:36,,,5,132,,22483,,[],blissblood.com,5,Single Tracks,,,,"<p>The Cantonement Jazz Band is 8-piece ensemble led by and featuring the exquisite female vocalist Bliss Blood.  Cantonement brings to life authentic versions of the dance music of the 1920s and early '30s.  Instrumentation of the band consists of sax/clarinet, trumpet, trombone, violin, piano, tuba, guitar, and drums.  The sound includes romantic love songs, novelty songs, blues songs, and melodic hot jazz. (-via <a href=""http://www.blissblood.com/index_cantonement.html"" target=""_blank"">blissblood.com</a>)</p>",1,2008-11-26 02:03:15,16,97,,,,,Cantonement Jazz Band,"Bliss Blood, Here's How, Voodoo Suite",['cantonement jazz band'],http://www.blissblood.com/index_cantonement.html,http://en.wikipedia.org/wiki/Bliss_Blood,training,large,160000,0,,2008-11-26 02:01:30,2006-01-01 00:00:00,221,17,,"[3, 37]","[3, 4, 37]",,9670,en,Attribution-NonCommercial-ShareAlike 3.0 International,5106,,10,,[],Thinking Of You
466,0,2008-11-26 02:05:49,2009-01-07 00:00:00,,0,133,"<p>Part II of Jake's <em>A House on Stilts</em> trilogy: ""The difficult album recorded just after returning to Oregon. Some moments of transcendental pop beauty, some moments of my heart falling out through my feet and clattering. Like throwing a handful of seeds onto your garden, but you're not sure if the seeds are geraniums or cockleburrs."" (-via <a href=""http://www.tapemountain.com/cv.html"" target=""_blank"">Jake's Celesteville</a> page)</p>",2680,,[],Lingua Ignota,12,Album,,,Tape Mountain,"<p>Head of the DIY Tape Mountain CD-R label, the only constant member of Celesteville, and contributor to about 20 other music projects in and around Portland, Jake Anderson is an inspiringly ambitious fellow. He has been recording and releasing his own music since the sixth-grade, and clearly still loves his 4-track.</p>
<p><a href=""http://tapemountain.com/cv.html"" target=""_blank""><strong>Celesteville</strong></a> is Jake&rsquo;s ultra lo-fi solo project as of late. According to him, Celesteville has elements of &ldquo;indie-pop, ethnoforgery-folk, skronk-noise, delay-pedal-workout-drone, universal-rock, language-master-abuse, suburban-garage-punk, four-track-manipulation, etc.&rdquo; (-via Tommy E, at <a href=""http://blog.wfmu.org/freeform/2008/08/playin-free-in.html"" target=""_blank""><em>WFMU's Beware of the Blog!</em></a>)</p>",0,2008-11-26 02:03:27,4,98,45.5234515,"Portland, OR",-122.6762071,,Celesteville,"Gang Wizard, the Minor Thirds, Yuma Nora, Minmae, Bronwyn, the Taken Girls, Yak Ampersand, Yak Brigade",['celesteville'],http://www.tapemountain.com,,training,large,160000,0,,2008-11-26 02:01:33,2001-01-01 00:00:00,281,0,Rock,[27],"[27, 12]",,319,en,Attribution-NonCommercial-ShareAlike 3.0 International,85,,1,,[],Asterism
467,0,2008-11-26 02:05:58,2009-01-07 00:00:00,,0,134,<p>One half of what was to be the album <em>Spirit Duplicator</em>.</p>,907,,[],Birdlike Movements,9,Album,,,Tape Mountain,"<p>Head of the DIY Tape Mountain CD-R label, the only constant member of Celesteville, and contributor to about 20 other music projects in and around Portland, Jake Anderson is an inspiringly ambitious fellow. He has been recording and releasing his own music since the sixth-grade, and clearly still loves his 4-track.</p>
<p><a href=""http://tapemountain.com/cv.html"" target=""_blank""><strong>Celesteville</strong></a> is Jake&rsquo;s ultra lo-fi solo project as of late. According to him, Celesteville has elements of &ldquo;indie-pop, ethnoforgery-folk, skronk-noise, delay-pedal-workout-drone, universal-rock, language-master-abuse, suburban-garage-punk, four-track-manipulation, etc.&rdquo; (-via Tommy E, at <a href=""http://blog.wfmu.org/freeform/2008/08/playin-free-in.html"" target=""_blank""><em>WFMU's Beware of the Blog!</em></a>)</p>",0,2008-11-26 02:03:27,4,98,45.5234515,"Portland, OR",-122.6762071,,Celesteville,"Gang Wizard, the Minor Thirds, Yuma Nora, Minmae, Bronwyn, the Taken Girls, Yak Ampersand, Yak Brigade",['celesteville'],http://www.tapemountain.com,,training,large,160000,0,,2008-11-26 02:01:42,,157,0,Rock,"[27, 66]","[66, 27, 12]",,871,en,Attribution-NonCommercial-ShareAlike 3.0 International,207,,1,,[],Let's Climb a Mossy Hill
468,0,2008-11-26 02:05:59,2002-01-01 00:00:00,,0,135,"<p>Live and uneasy on stages in Portland, Seattle, and Bellingham, earlier in 2002.</p>
<p>Seven songs: one live at KPSU with Sean <a href=""http://www.minmae.com/"">(Minmae)</a> and Grace <a href=""http://www.roseforbohdan.tk/"">(Rose for Bohdan)</a>, four more in the Kelly Haus basement with Sean, and two live in the great state of Washington with Rob and Mark from Hale Zukas. (-via <a href=""http://www.tapemountain.com/vastandsad.html"" target=""_blank"">Jake's Tape Mountain</a> site)</p>",1775,,[],Vast and Sad,7,Album,,,Tape Mountain,"<p>Head of the DIY Tape Mountain CD-R label, the only constant member of Celesteville, and contributor to about 20 other music projects in and around Portland, Jake Anderson is an inspiringly ambitious fellow. He has been recording and releasing his own music since the sixth-grade, and clearly still loves his 4-track.</p>
<p><a href=""http://tapemountain.com/cv.html"" target=""_blank""><strong>Celesteville</strong></a> is Jake&rsquo;s ultra lo-fi solo project as of late. According to him, Celesteville has elements of &ldquo;indie-pop, ethnoforgery-folk, skronk-noise, delay-pedal-workout-drone, universal-rock, language-master-abuse, suburban-garage-punk, four-track-manipulation, etc.&rdquo; (-via Tommy E, at <a href=""http://blog.wfmu.org/freeform/2008/08/playin-free-in.html"" target=""_blank""><em>WFMU's Beware of the Blog!</em></a>)</p>",0,2008-11-26 02:03:27,4,98,45.5234515,"Portland, OR",-122.6762071,,Celesteville,"Gang Wizard, the Minor Thirds, Yuma Nora, Minmae, Bronwyn, the Taken Girls, Yak Ampersand, Yak Brigade",['celesteville'],http://www.tapemountain.com,,training,large,160000,0,,2008-11-26 02:01:43,2008-11-26 00:00:00,296,0,Rock,"[25, 27]","[25, 27, 12]",,631,en,Attribution-NonCommercial-ShareAlike 3.0 International,176,,1,,[],Vast and Sad (KPSU)
469,0,2008-11-26 02:06:03,2009-01-07 00:00:00,,0,136,"<p>Ancient and musty sounds from Jake's days in grad school in California, this is easily the darkest record on Tape Mountain.</p>",349,,[],Kohoutek,12,Album,,,Tape Mountain,"<p>Head of the DIY Tape Mountain CD-R label, the only constant member of Celesteville, and contributor to about 20 other music projects in and around Portland, Jake Anderson is an inspiringly ambitious fellow. He has been recording and releasing his own music since the sixth-grade, and clearly still loves his 4-track.</p>
<p><a href=""http://tapemountain.com/cv.html"" target=""_blank""><strong>Celesteville</strong></a> is Jake&rsquo;s ultra lo-fi solo project as of late. According to him, Celesteville has elements of &ldquo;indie-pop, ethnoforgery-folk, skronk-noise, delay-pedal-workout-drone, universal-rock, language-master-abuse, suburban-garage-punk, four-track-manipulation, etc.&rdquo; (-via Tommy E, at <a href=""http://blog.wfmu.org/freeform/2008/08/playin-free-in.html"" target=""_blank""><em>WFMU's Beware of the Blog!</em></a>)</p>",0,2008-11-26 02:03:27,4,98,45.5234515,"Portland, OR",-122.6762071,,Celesteville,"Gang Wizard, the Minor Thirds, Yuma Nora, Minmae, Bronwyn, the Taken Girls, Yak Ampersand, Yak Brigade",['celesteville'],http://www.tapemountain.com,,training,large,128000,0,,2008-11-26 02:01:46,,221,0,Rock,"[27, 66]","[66, 27, 12]",,201,en,Attribution-NonCommercial-ShareAlike 3.0 International,28,,1,,[],Waverly
470,0,2008-11-26 02:05:58,2009-01-07 00:00:00,,0,134,<p>One half of what was to be the album <em>Spirit Duplicator</em>.</p>,907,,[],Birdlike Movements,9,Album,,,Tape Mountain,"<p>Head of the DIY Tape Mountain CD-R label, the only constant member of Celesteville, and contributor to about 20 other music projects in and around Portland, Jake Anderson is an inspiringly ambitious fellow. He has been recording and releasing his own music since the sixth-grade, and clearly still loves his 4-track.</p>
<p><a href=""http://tapemountain.com/cv.html"" target=""_blank""><strong>Celesteville</strong></a> is Jake&rsquo;s ultra lo-fi solo project as of late. According to him, Celesteville has elements of &ldquo;indie-pop, ethnoforgery-folk, skronk-noise, delay-pedal-workout-drone, universal-rock, language-master-abuse, suburban-garage-punk, four-track-manipulation, etc.&rdquo; (-via Tommy E, at <a href=""http://blog.wfmu.org/freeform/2008/08/playin-free-in.html"" target=""_blank""><em>WFMU's Beware of the Blog!</em></a>)</p>",0,2008-11-26 02:03:27,4,98,45.5234515,"Portland, OR",-122.6762071,,Celesteville,"Gang Wizard, the Minor Thirds, Yuma Nora, Minmae, Bronwyn, the Taken Girls, Yak Ampersand, Yak Brigade",['celesteville'],http://www.tapemountain.com,,training,large,160000,0,,2008-11-26 02:01:48,,172,0,Rock,"[27, 66]","[66, 27, 12]",,374,en,Attribution-NonCommercial-ShareAlike 3.0 International,82,,2,,[],Cloud Light
471,0,2008-11-26 02:05:49,2009-01-07 00:00:00,,0,133,"<p>Part II of Jake's <em>A House on Stilts</em> trilogy: ""The difficult album recorded just after returning to Oregon. Some moments of transcendental pop beauty, some moments of my heart falling out through my feet and clattering. Like throwing a handful of seeds onto your garden, but you're not sure if the seeds are geraniums or cockleburrs."" (-via <a href=""http://www.tapemountain.com/cv.html"" target=""_blank"">Jake's Celesteville</a> page)</p>",2680,,[],Lingua Ignota,12,Album,,,Tape Mountain,"<p>Head of the DIY Tape Mountain CD-R label, the only constant member of Celesteville, and contributor to about 20 other music projects in and around Portland, Jake Anderson is an inspiringly ambitious fellow. He has been recording and releasing his own music since the sixth-grade, and clearly still loves his 4-track.</p>
<p><a href=""http://tapemountain.com/cv.html"" target=""_blank""><strong>Celesteville</strong></a> is Jake&rsquo;s ultra lo-fi solo project as of late. According to him, Celesteville has elements of &ldquo;indie-pop, ethnoforgery-folk, skronk-noise, delay-pedal-workout-drone, universal-rock, language-master-abuse, suburban-garage-punk, four-track-manipulation, etc.&rdquo; (-via Tommy E, at <a href=""http://blog.wfmu.org/freeform/2008/08/playin-free-in.html"" target=""_blank""><em>WFMU's Beware of the Blog!</em></a>)</p>",0,2008-11-26 02:03:27,4,98,45.5234515,"Portland, OR",-122.6762071,,Celesteville,"Gang Wizard, the Minor Thirds, Yuma Nora, Minmae, Bronwyn, the Taken Girls, Yak Ampersand, Yak Brigade",['celesteville'],http://www.tapemountain.com,,training,large,160000,0,,2008-11-26 02:01:50,2001-01-01 00:00:00,199,1,Rock,[27],"[27, 12]",,173,en,Attribution-NonCommercial-ShareAlike 3.0 International,49,,2,,[],Ephrata Cloister
472,0,2008-11-26 02:06:07,,,0,137,,191,,[],Spirit Duplicator,8,Album,,,Tape Mountain,"<p>Head of the DIY Tape Mountain CD-R label, the only constant member of Celesteville, and contributor to about 20 other music projects in and around Portland, Jake Anderson is an inspiringly ambitious fellow. He has been recording and releasing his own music since the sixth-grade, and clearly still loves his 4-track.</p>
<p><a href=""http://tapemountain.com/cv.html"" target=""_blank""><strong>Celesteville</strong></a> is Jake&rsquo;s ultra lo-fi solo project as of late. According to him, Celesteville has elements of &ldquo;indie-pop, ethnoforgery-folk, skronk-noise, delay-pedal-workout-drone, universal-rock, language-master-abuse, suburban-garage-punk, four-track-manipulation, etc.&rdquo; (-via Tommy E, at <a href=""http://blog.wfmu.org/freeform/2008/08/playin-free-in.html"" target=""_blank""><em>WFMU's Beware of the Blog!</em></a>)</p>",0,2008-11-26 02:03:27,4,98,45.5234515,"Portland, OR",-122.6762071,,Celesteville,"Gang Wizard, the Minor Thirds, Yuma Nora, Minmae, Bronwyn, the Taken Girls, Yak Ampersand, Yak Brigade",['celesteville'],http://www.tapemountain.com,,training,large,160000,0,,2008-11-26 02:01:51,,67,0,Rock,"[27, 66]","[66, 27, 12]",,255,en,Attribution-NonCommercial-ShareAlike 3.0 International,21,,2,,[],Spirit Duplicator
473,0,2008-11-26 02:06:03,2009-01-07 00:00:00,,0,136,"<p>Ancient and musty sounds from Jake's days in grad school in California, this is easily the darkest record on Tape Mountain.</p>",349,,[],Kohoutek,12,Album,,,Tape Mountain,"<p>Head of the DIY Tape Mountain CD-R label, the only constant member of Celesteville, and contributor to about 20 other music projects in and around Portland, Jake Anderson is an inspiringly ambitious fellow. He has been recording and releasing his own music since the sixth-grade, and clearly still loves his 4-track.</p>
<p><a href=""http://tapemountain.com/cv.html"" target=""_blank""><strong>Celesteville</strong></a> is Jake&rsquo;s ultra lo-fi solo project as of late. According to him, Celesteville has elements of &ldquo;indie-pop, ethnoforgery-folk, skronk-noise, delay-pedal-workout-drone, universal-rock, language-master-abuse, suburban-garage-punk, four-track-manipulation, etc.&rdquo; (-via Tommy E, at <a href=""http://blog.wfmu.org/freeform/2008/08/playin-free-in.html"" target=""_blank""><em>WFMU's Beware of the Blog!</em></a>)</p>",0,2008-11-26 02:03:27,4,98,45.5234515,"Portland, OR",-122.6762071,,Celesteville,"Gang Wizard, the Minor Thirds, Yuma Nora, Minmae, Bronwyn, the Taken Girls, Yak Ampersand, Yak Brigade",['celesteville'],http://www.tapemountain.com,,training,large,128000,0,,2008-11-26 02:01:53,,176,0,Rock,"[27, 66]","[66, 27, 12]",,258,en,Attribution-NonCommercial-ShareAlike 3.0 International,39,,2,,[],Victoria 1
474,0,2008-11-26 02:05:59,2002-01-01 00:00:00,,0,135,"<p>Live and uneasy on stages in Portland, Seattle, and Bellingham, earlier in 2002.</p>
<p>Seven songs: one live at KPSU with Sean <a href=""http://www.minmae.com/"">(Minmae)</a> and Grace <a href=""http://www.roseforbohdan.tk/"">(Rose for Bohdan)</a>, four more in the Kelly Haus basement with Sean, and two live in the great state of Washington with Rob and Mark from Hale Zukas. (-via <a href=""http://www.tapemountain.com/vastandsad.html"" target=""_blank"">Jake's Tape Mountain</a> site)</p>",1775,,[],Vast and Sad,7,Album,,,Tape Mountain,"<p>Head of the DIY Tape Mountain CD-R label, the only constant member of Celesteville, and contributor to about 20 other music projects in and around Portland, Jake Anderson is an inspiringly ambitious fellow. He has been recording and releasing his own music since the sixth-grade, and clearly still loves his 4-track.</p>
<p><a href=""http://tapemountain.com/cv.html"" target=""_blank""><strong>Celesteville</strong></a> is Jake&rsquo;s ultra lo-fi solo project as of late. According to him, Celesteville has elements of &ldquo;indie-pop, ethnoforgery-folk, skronk-noise, delay-pedal-workout-drone, universal-rock, language-master-abuse, suburban-garage-punk, four-track-manipulation, etc.&rdquo; (-via Tommy E, at <a href=""http://blog.wfmu.org/freeform/2008/08/playin-free-in.html"" target=""_blank""><em>WFMU's Beware of the Blog!</em></a>)</p>",0,2008-11-26 02:03:27,4,98,45.5234515,"Portland, OR",-122.6762071,,Celesteville,"Gang Wizard, the Minor Thirds, Yuma Nora, Minmae, Bronwyn, the Taken Girls, Yak Ampersand, Yak Brigade",['celesteville'],http://www.tapemountain.com,,training,large,160000,0,,2008-11-26 02:01:55,2008-11-26 00:00:00,187,0,Rock,"[25, 27]","[25, 27, 12]",,452,en,Attribution-NonCommercial-ShareAlike 3.0 International,139,,2,,[],Your Leather Jacket (Kelly Haus)
475,0,2008-11-26 02:05:49,2009-01-07 00:00:00,,0,133,"<p>Part II of Jake's <em>A House on Stilts</em> trilogy: ""The difficult album recorded just after returning to Oregon. Some moments of transcendental pop beauty, some moments of my heart falling out through my feet and clattering. Like throwing a handful of seeds onto your garden, but you're not sure if the seeds are geraniums or cockleburrs."" (-via <a href=""http://www.tapemountain.com/cv.html"" target=""_blank"">Jake's Celesteville</a> page)</p>",2680,,[],Lingua Ignota,12,Album,,,Tape Mountain,"<p>Head of the DIY Tape Mountain CD-R label, the only constant member of Celesteville, and contributor to about 20 other music projects in and around Portland, Jake Anderson is an inspiringly ambitious fellow. He has been recording and releasing his own music since the sixth-grade, and clearly still loves his 4-track.</p>
<p><a href=""http://tapemountain.com/cv.html"" target=""_blank""><strong>Celesteville</strong></a> is Jake&rsquo;s ultra lo-fi solo project as of late. According to him, Celesteville has elements of &ldquo;indie-pop, ethnoforgery-folk, skronk-noise, delay-pedal-workout-drone, universal-rock, language-master-abuse, suburban-garage-punk, four-track-manipulation, etc.&rdquo; (-via Tommy E, at <a href=""http://blog.wfmu.org/freeform/2008/08/playin-free-in.html"" target=""_blank""><em>WFMU's Beware of the Blog!</em></a>)</p>",0,2008-11-26 02:03:27,4,98,45.5234515,"Portland, OR",-122.6762071,,Celesteville,"Gang Wizard, the Minor Thirds, Yuma Nora, Minmae, Bronwyn, the Taken Girls, Yak Ampersand, Yak Brigade",['celesteville'],http://www.tapemountain.com,,training,large,160000,0,,2008-11-26 02:01:56,2001-01-01 00:00:00,128,0,Rock,[27],"[27, 12]",,271,en,Attribution-NonCommercial-ShareAlike 3.0 International,62,,3,,[],Buddy Alan In Reno
476,0,2008-11-26 02:06:07,,,0,137,,191,,[],Spirit Duplicator,8,Album,,,Tape Mountain,"<p>Head of the DIY Tape Mountain CD-R label, the only constant member of Celesteville, and contributor to about 20 other music projects in and around Portland, Jake Anderson is an inspiringly ambitious fellow. He has been recording and releasing his own music since the sixth-grade, and clearly still loves his 4-track.</p>
<p><a href=""http://tapemountain.com/cv.html"" target=""_blank""><strong>Celesteville</strong></a> is Jake&rsquo;s ultra lo-fi solo project as of late. According to him, Celesteville has elements of &ldquo;indie-pop, ethnoforgery-folk, skronk-noise, delay-pedal-workout-drone, universal-rock, language-master-abuse, suburban-garage-punk, four-track-manipulation, etc.&rdquo; (-via Tommy E, at <a href=""http://blog.wfmu.org/freeform/2008/08/playin-free-in.html"" target=""_blank""><em>WFMU's Beware of the Blog!</em></a>)</p>",0,2008-11-26 02:03:27,4,98,45.5234515,"Portland, OR",-122.6762071,,Celesteville,"Gang Wizard, the Minor Thirds, Yuma Nora, Minmae, Bronwyn, the Taken Girls, Yak Ampersand, Yak Brigade",['celesteville'],http://www.tapemountain.com,,training,large,160000,0,,2008-11-26 02:01:58,,231,0,Rock,"[27, 66]","[66, 27, 12]",,264,en,Attribution-NonCommercial-ShareAlike 3.0 International,29,,3,,[],Leftward Glance
477,0,2008-11-26 02:05:59,2002-01-01 00:00:00,,0,135,"<p>Live and uneasy on stages in Portland, Seattle, and Bellingham, earlier in 2002.</p>
<p>Seven songs: one live at KPSU with Sean <a href=""http://www.minmae.com/"">(Minmae)</a> and Grace <a href=""http://www.roseforbohdan.tk/"">(Rose for Bohdan)</a>, four more in the Kelly Haus basement with Sean, and two live in the great state of Washington with Rob and Mark from Hale Zukas. (-via <a href=""http://www.tapemountain.com/vastandsad.html"" target=""_blank"">Jake's Tape Mountain</a> site)</p>",1775,,[],Vast and Sad,7,Album,,,Tape Mountain,"<p>Head of the DIY Tape Mountain CD-R label, the only constant member of Celesteville, and contributor to about 20 other music projects in and around Portland, Jake Anderson is an inspiringly ambitious fellow. He has been recording and releasing his own music since the sixth-grade, and clearly still loves his 4-track.</p>
<p><a href=""http://tapemountain.com/cv.html"" target=""_blank""><strong>Celesteville</strong></a> is Jake&rsquo;s ultra lo-fi solo project as of late. According to him, Celesteville has elements of &ldquo;indie-pop, ethnoforgery-folk, skronk-noise, delay-pedal-workout-drone, universal-rock, language-master-abuse, suburban-garage-punk, four-track-manipulation, etc.&rdquo; (-via Tommy E, at <a href=""http://blog.wfmu.org/freeform/2008/08/playin-free-in.html"" target=""_blank""><em>WFMU's Beware of the Blog!</em></a>)</p>",0,2008-11-26 02:03:27,4,98,45.5234515,"Portland, OR",-122.6762071,,Celesteville,"Gang Wizard, the Minor Thirds, Yuma Nora, Minmae, Bronwyn, the Taken Girls, Yak Ampersand, Yak Brigade",['celesteville'],http://www.tapemountain.com,,training,large,160000,0,,2008-11-26 02:02:01,2008-11-26 00:00:00,177,0,Rock,"[25, 27]","[25, 27, 12]",,468,en,Attribution-NonCommercial-ShareAlike 3.0 International,118,,3,,[],Let's Climb a Mossy Hill (Kelly Haus)
478,0,2008-11-26 02:05:58,2009-01-07 00:00:00,,0,134,<p>One half of what was to be the album <em>Spirit Duplicator</em>.</p>,907,,[],Birdlike Movements,9,Album,,,Tape Mountain,"<p>Head of the DIY Tape Mountain CD-R label, the only constant member of Celesteville, and contributor to about 20 other music projects in and around Portland, Jake Anderson is an inspiringly ambitious fellow. He has been recording and releasing his own music since the sixth-grade, and clearly still loves his 4-track.</p>
<p><a href=""http://tapemountain.com/cv.html"" target=""_blank""><strong>Celesteville</strong></a> is Jake&rsquo;s ultra lo-fi solo project as of late. According to him, Celesteville has elements of &ldquo;indie-pop, ethnoforgery-folk, skronk-noise, delay-pedal-workout-drone, universal-rock, language-master-abuse, suburban-garage-punk, four-track-manipulation, etc.&rdquo; (-via Tommy E, at <a href=""http://blog.wfmu.org/freeform/2008/08/playin-free-in.html"" target=""_blank""><em>WFMU's Beware of the Blog!</em></a>)</p>",0,2008-11-26 02:03:27,4,98,45.5234515,"Portland, OR",-122.6762071,,Celesteville,"Gang Wizard, the Minor Thirds, Yuma Nora, Minmae, Bronwyn, the Taken Girls, Yak Ampersand, Yak Brigade",['celesteville'],http://www.tapemountain.com,,training,large,160000,0,,2008-11-26 02:02:02,,104,0,Rock,"[27, 66]","[66, 27, 12]",,401,en,Attribution-NonCommercial-ShareAlike 3.0 International,60,,3,,[],Recessional
479,0,2008-11-26 02:06:03,2009-01-07 00:00:00,,0,136,"<p>Ancient and musty sounds from Jake's days in grad school in California, this is easily the darkest record on Tape Mountain.</p>",349,,[],Kohoutek,12,Album,,,Tape Mountain,"<p>Head of the DIY Tape Mountain CD-R label, the only constant member of Celesteville, and contributor to about 20 other music projects in and around Portland, Jake Anderson is an inspiringly ambitious fellow. He has been recording and releasing his own music since the sixth-grade, and clearly still loves his 4-track.</p>
<p><a href=""http://tapemountain.com/cv.html"" target=""_blank""><strong>Celesteville</strong></a> is Jake&rsquo;s ultra lo-fi solo project as of late. According to him, Celesteville has elements of &ldquo;indie-pop, ethnoforgery-folk, skronk-noise, delay-pedal-workout-drone, universal-rock, language-master-abuse, suburban-garage-punk, four-track-manipulation, etc.&rdquo; (-via Tommy E, at <a href=""http://blog.wfmu.org/freeform/2008/08/playin-free-in.html"" target=""_blank""><em>WFMU's Beware of the Blog!</em></a>)</p>",0,2008-11-26 02:03:27,4,98,45.5234515,"Portland, OR",-122.6762071,,Celesteville,"Gang Wizard, the Minor Thirds, Yuma Nora, Minmae, Bronwyn, the Taken Girls, Yak Ampersand, Yak Brigade",['celesteville'],http://www.tapemountain.com,,training,large,128000,0,,2008-11-26 02:02:03,,261,0,Rock,"[27, 66]","[66, 27, 12]",,590,en,Attribution-NonCommercial-ShareAlike 3.0 International,27,,3,,[],White Shoulders
480,0,2008-11-26 02:05:59,2002-01-01 00:00:00,,0,135,"<p>Live and uneasy on stages in Portland, Seattle, and Bellingham, earlier in 2002.</p>
<p>Seven songs: one live at KPSU with Sean <a href=""http://www.minmae.com/"">(Minmae)</a> and Grace <a href=""http://www.roseforbohdan.tk/"">(Rose for Bohdan)</a>, four more in the Kelly Haus basement with Sean, and two live in the great state of Washington with Rob and Mark from Hale Zukas. (-via <a href=""http://www.tapemountain.com/vastandsad.html"" target=""_blank"">Jake's Tape Mountain</a> site)</p>",1775,,[],Vast and Sad,7,Album,,,Tape Mountain,"<p>Head of the DIY Tape Mountain CD-R label, the only constant member of Celesteville, and contributor to about 20 other music projects in and around Portland, Jake Anderson is an inspiringly ambitious fellow. He has been recording and releasing his own music since the sixth-grade, and clearly still loves his 4-track.</p>
<p><a href=""http://tapemountain.com/cv.html"" target=""_blank""><strong>Celesteville</strong></a> is Jake&rsquo;s ultra lo-fi solo project as of late. According to him, Celesteville has elements of &ldquo;indie-pop, ethnoforgery-folk, skronk-noise, delay-pedal-workout-drone, universal-rock, language-master-abuse, suburban-garage-punk, four-track-manipulation, etc.&rdquo; (-via Tommy E, at <a href=""http://blog.wfmu.org/freeform/2008/08/playin-free-in.html"" target=""_blank""><em>WFMU's Beware of the Blog!</em></a>)</p>",0,2008-11-26 02:03:27,4,98,45.5234515,"Portland, OR",-122.6762071,,Celesteville,"Gang Wizard, the Minor Thirds, Yuma Nora, Minmae, Bronwyn, the Taken Girls, Yak Ampersand, Yak Brigade",['celesteville'],http://www.tapemountain.com,,training,large,160000,0,,2008-11-26 02:02:06,2008-11-26 00:00:00,58,0,Rock,"[25, 27]","[25, 27, 12]",,678,en,Attribution-NonCommercial-ShareAlike 3.0 International,149,,4,,[],Appear to Be (Kelly Haus)
481,0,2008-11-26 02:06:03,2009-01-07 00:00:00,,0,136,"<p>Ancient and musty sounds from Jake's days in grad school in California, this is easily the darkest record on Tape Mountain.</p>",349,,[],Kohoutek,12,Album,,,Tape Mountain,"<p>Head of the DIY Tape Mountain CD-R label, the only constant member of Celesteville, and contributor to about 20 other music projects in and around Portland, Jake Anderson is an inspiringly ambitious fellow. He has been recording and releasing his own music since the sixth-grade, and clearly still loves his 4-track.</p>
<p><a href=""http://tapemountain.com/cv.html"" target=""_blank""><strong>Celesteville</strong></a> is Jake&rsquo;s ultra lo-fi solo project as of late. According to him, Celesteville has elements of &ldquo;indie-pop, ethnoforgery-folk, skronk-noise, delay-pedal-workout-drone, universal-rock, language-master-abuse, suburban-garage-punk, four-track-manipulation, etc.&rdquo; (-via Tommy E, at <a href=""http://blog.wfmu.org/freeform/2008/08/playin-free-in.html"" target=""_blank""><em>WFMU's Beware of the Blog!</em></a>)</p>",0,2008-11-26 02:03:27,4,98,45.5234515,"Portland, OR",-122.6762071,,Celesteville,"Gang Wizard, the Minor Thirds, Yuma Nora, Minmae, Bronwyn, the Taken Girls, Yak Ampersand, Yak Brigade",['celesteville'],http://www.tapemountain.com,,training,large,128000,0,,2008-11-26 02:02:07,,126,0,Rock,"[27, 66]","[66, 27, 12]",,888,en,Attribution-NonCommercial-ShareAlike 3.0 International,22,,4,,[],Council Bluffs
482,0,2008-11-26 02:06:07,,,0,137,,191,,[],Spirit Duplicator,8,Album,,,Tape Mountain,"<p>Head of the DIY Tape Mountain CD-R label, the only constant member of Celesteville, and contributor to about 20 other music projects in and around Portland, Jake Anderson is an inspiringly ambitious fellow. He has been recording and releasing his own music since the sixth-grade, and clearly still loves his 4-track.</p>
<p><a href=""http://tapemountain.com/cv.html"" target=""_blank""><strong>Celesteville</strong></a> is Jake&rsquo;s ultra lo-fi solo project as of late. According to him, Celesteville has elements of &ldquo;indie-pop, ethnoforgery-folk, skronk-noise, delay-pedal-workout-drone, universal-rock, language-master-abuse, suburban-garage-punk, four-track-manipulation, etc.&rdquo; (-via Tommy E, at <a href=""http://blog.wfmu.org/freeform/2008/08/playin-free-in.html"" target=""_blank""><em>WFMU's Beware of the Blog!</em></a>)</p>",0,2008-11-26 02:03:27,4,98,45.5234515,"Portland, OR",-122.6762071,,Celesteville,"Gang Wizard, the Minor Thirds, Yuma Nora, Minmae, Bronwyn, the Taken Girls, Yak Ampersand, Yak Brigade",['celesteville'],http://www.tapemountain.com,,training,large,160000,0,,2008-11-26 02:02:08,,119,0,Rock,"[27, 66]","[66, 27, 12]",,258,en,Attribution-NonCommercial-ShareAlike 3.0 International,14,,4,,[],Hall Blvd.
483,0,2008-11-26 02:05:58,2009-01-07 00:00:00,,0,134,<p>One half of what was to be the album <em>Spirit Duplicator</em>.</p>,907,,[],Birdlike Movements,9,Album,,,Tape Mountain,"<p>Head of the DIY Tape Mountain CD-R label, the only constant member of Celesteville, and contributor to about 20 other music projects in and around Portland, Jake Anderson is an inspiringly ambitious fellow. He has been recording and releasing his own music since the sixth-grade, and clearly still loves his 4-track.</p>
<p><a href=""http://tapemountain.com/cv.html"" target=""_blank""><strong>Celesteville</strong></a> is Jake&rsquo;s ultra lo-fi solo project as of late. According to him, Celesteville has elements of &ldquo;indie-pop, ethnoforgery-folk, skronk-noise, delay-pedal-workout-drone, universal-rock, language-master-abuse, suburban-garage-punk, four-track-manipulation, etc.&rdquo; (-via Tommy E, at <a href=""http://blog.wfmu.org/freeform/2008/08/playin-free-in.html"" target=""_blank""><em>WFMU's Beware of the Blog!</em></a>)</p>",0,2008-11-26 02:03:27,4,98,45.5234515,"Portland, OR",-122.6762071,,Celesteville,"Gang Wizard, the Minor Thirds, Yuma Nora, Minmae, Bronwyn, the Taken Girls, Yak Ampersand, Yak Brigade",['celesteville'],http://www.tapemountain.com,,training,large,160000,0,,2008-11-26 02:02:10,,115,0,Rock,"[27, 66]","[66, 27, 12]",,351,en,Attribution-NonCommercial-ShareAlike 3.0 International,83,,4,,[],Magnolias Milan
484,0,2008-11-26 02:05:49,2009-01-07 00:00:00,,0,133,"<p>Part II of Jake's <em>A House on Stilts</em> trilogy: ""The difficult album recorded just after returning to Oregon. Some moments of transcendental pop beauty, some moments of my heart falling out through my feet and clattering. Like throwing a handful of seeds onto your garden, but you're not sure if the seeds are geraniums or cockleburrs."" (-via <a href=""http://www.tapemountain.com/cv.html"" target=""_blank"">Jake's Celesteville</a> page)</p>",2680,,[],Lingua Ignota,12,Album,,,Tape Mountain,"<p>Head of the DIY Tape Mountain CD-R label, the only constant member of Celesteville, and contributor to about 20 other music projects in and around Portland, Jake Anderson is an inspiringly ambitious fellow. He has been recording and releasing his own music since the sixth-grade, and clearly still loves his 4-track.</p>
<p><a href=""http://tapemountain.com/cv.html"" target=""_blank""><strong>Celesteville</strong></a> is Jake&rsquo;s ultra lo-fi solo project as of late. According to him, Celesteville has elements of &ldquo;indie-pop, ethnoforgery-folk, skronk-noise, delay-pedal-workout-drone, universal-rock, language-master-abuse, suburban-garage-punk, four-track-manipulation, etc.&rdquo; (-via Tommy E, at <a href=""http://blog.wfmu.org/freeform/2008/08/playin-free-in.html"" target=""_blank""><em>WFMU's Beware of the Blog!</em></a>)</p>",0,2008-11-26 02:03:27,4,98,45.5234515,"Portland, OR",-122.6762071,,Celesteville,"Gang Wizard, the Minor Thirds, Yuma Nora, Minmae, Bronwyn, the Taken Girls, Yak Ampersand, Yak Brigade",['celesteville'],http://www.tapemountain.com,,training,large,160000,0,,2008-11-26 02:02:11,2001-01-01 00:00:00,138,0,Rock,[27],"[27, 12]",,259,en,Attribution-NonCommercial-ShareAlike 3.0 International,36,,4,,[],One Rose Among Many
485,0,2008-11-26 02:05:59,2002-01-01 00:00:00,,0,135,"<p>Live and uneasy on stages in Portland, Seattle, and Bellingham, earlier in 2002.</p>
<p>Seven songs: one live at KPSU with Sean <a href=""http://www.minmae.com/"">(Minmae)</a> and Grace <a href=""http://www.roseforbohdan.tk/"">(Rose for Bohdan)</a>, four more in the Kelly Haus basement with Sean, and two live in the great state of Washington with Rob and Mark from Hale Zukas. (-via <a href=""http://www.tapemountain.com/vastandsad.html"" target=""_blank"">Jake's Tape Mountain</a> site)</p>",1775,,[],Vast and Sad,7,Album,,,Tape Mountain,"<p>Head of the DIY Tape Mountain CD-R label, the only constant member of Celesteville, and contributor to about 20 other music projects in and around Portland, Jake Anderson is an inspiringly ambitious fellow. He has been recording and releasing his own music since the sixth-grade, and clearly still loves his 4-track.</p>
<p><a href=""http://tapemountain.com/cv.html"" target=""_blank""><strong>Celesteville</strong></a> is Jake&rsquo;s ultra lo-fi solo project as of late. According to him, Celesteville has elements of &ldquo;indie-pop, ethnoforgery-folk, skronk-noise, delay-pedal-workout-drone, universal-rock, language-master-abuse, suburban-garage-punk, four-track-manipulation, etc.&rdquo; (-via Tommy E, at <a href=""http://blog.wfmu.org/freeform/2008/08/playin-free-in.html"" target=""_blank""><em>WFMU's Beware of the Blog!</em></a>)</p>",0,2008-11-26 02:03:27,4,98,45.5234515,"Portland, OR",-122.6762071,,Celesteville,"Gang Wizard, the Minor Thirds, Yuma Nora, Minmae, Bronwyn, the Taken Girls, Yak Ampersand, Yak Brigade",['celesteville'],http://www.tapemountain.com,,training,large,160000,0,,2008-11-26 02:02:13,2008-11-26 00:00:00,213,0,Rock,"[25, 27]","[25, 27, 12]",,418,en,Attribution-NonCommercial-ShareAlike 3.0 International,116,,5,,[],Asterism (Kelly Haus)
486,0,2008-11-26 02:06:03,2009-01-07 00:00:00,,0,136,"<p>Ancient and musty sounds from Jake's days in grad school in California, this is easily the darkest record on Tape Mountain.</p>",349,,[],Kohoutek,12,Album,,,Tape Mountain,"<p>Head of the DIY Tape Mountain CD-R label, the only constant member of Celesteville, and contributor to about 20 other music projects in and around Portland, Jake Anderson is an inspiringly ambitious fellow. He has been recording and releasing his own music since the sixth-grade, and clearly still loves his 4-track.</p>
<p><a href=""http://tapemountain.com/cv.html"" target=""_blank""><strong>Celesteville</strong></a> is Jake&rsquo;s ultra lo-fi solo project as of late. According to him, Celesteville has elements of &ldquo;indie-pop, ethnoforgery-folk, skronk-noise, delay-pedal-workout-drone, universal-rock, language-master-abuse, suburban-garage-punk, four-track-manipulation, etc.&rdquo; (-via Tommy E, at <a href=""http://blog.wfmu.org/freeform/2008/08/playin-free-in.html"" target=""_blank""><em>WFMU's Beware of the Blog!</em></a>)</p>",0,2008-11-26 02:03:27,4,98,45.5234515,"Portland, OR",-122.6762071,,Celesteville,"Gang Wizard, the Minor Thirds, Yuma Nora, Minmae, Bronwyn, the Taken Girls, Yak Ampersand, Yak Brigade",['celesteville'],http://www.tapemountain.com,,training,large,128000,0,,2008-11-26 02:02:16,,170,0,Rock,"[27, 66]","[66, 27, 12]",,344,en,Attribution-NonCommercial-ShareAlike 3.0 International,29,,5,,[],Avoid
487,0,2008-11-26 02:05:49,2009-01-07 00:00:00,,0,133,"<p>Part II of Jake's <em>A House on Stilts</em> trilogy: ""The difficult album recorded just after returning to Oregon. Some moments of transcendental pop beauty, some moments of my heart falling out through my feet and clattering. Like throwing a handful of seeds onto your garden, but you're not sure if the seeds are geraniums or cockleburrs."" (-via <a href=""http://www.tapemountain.com/cv.html"" target=""_blank"">Jake's Celesteville</a> page)</p>",2680,,[],Lingua Ignota,12,Album,,,Tape Mountain,"<p>Head of the DIY Tape Mountain CD-R label, the only constant member of Celesteville, and contributor to about 20 other music projects in and around Portland, Jake Anderson is an inspiringly ambitious fellow. He has been recording and releasing his own music since the sixth-grade, and clearly still loves his 4-track.</p>
<p><a href=""http://tapemountain.com/cv.html"" target=""_blank""><strong>Celesteville</strong></a> is Jake&rsquo;s ultra lo-fi solo project as of late. According to him, Celesteville has elements of &ldquo;indie-pop, ethnoforgery-folk, skronk-noise, delay-pedal-workout-drone, universal-rock, language-master-abuse, suburban-garage-punk, four-track-manipulation, etc.&rdquo; (-via Tommy E, at <a href=""http://blog.wfmu.org/freeform/2008/08/playin-free-in.html"" target=""_blank""><em>WFMU's Beware of the Blog!</em></a>)</p>",0,2008-11-26 02:03:27,4,98,45.5234515,"Portland, OR",-122.6762071,,Celesteville,"Gang Wizard, the Minor Thirds, Yuma Nora, Minmae, Bronwyn, the Taken Girls, Yak Ampersand, Yak Brigade",['celesteville'],http://www.tapemountain.com,,training,large,160000,0,,2008-11-26 02:02:17,2001-01-01 00:00:00,118,0,Rock,[27],"[27, 12]",,1661,en,Attribution-NonCommercial-ShareAlike 3.0 International,38,,5,,[],For Christie 7/4
489,0,2008-11-26 02:06:07,,,0,137,,191,,[],Spirit Duplicator,8,Album,,,Tape Mountain,"<p>Head of the DIY Tape Mountain CD-R label, the only constant member of Celesteville, and contributor to about 20 other music projects in and around Portland, Jake Anderson is an inspiringly ambitious fellow. He has been recording and releasing his own music since the sixth-grade, and clearly still loves his 4-track.</p>
<p><a href=""http://tapemountain.com/cv.html"" target=""_blank""><strong>Celesteville</strong></a> is Jake&rsquo;s ultra lo-fi solo project as of late. According to him, Celesteville has elements of &ldquo;indie-pop, ethnoforgery-folk, skronk-noise, delay-pedal-workout-drone, universal-rock, language-master-abuse, suburban-garage-punk, four-track-manipulation, etc.&rdquo; (-via Tommy E, at <a href=""http://blog.wfmu.org/freeform/2008/08/playin-free-in.html"" target=""_blank""><em>WFMU's Beware of the Blog!</em></a>)</p>",0,2008-11-26 02:03:27,4,98,45.5234515,"Portland, OR",-122.6762071,,Celesteville,"Gang Wizard, the Minor Thirds, Yuma Nora, Minmae, Bronwyn, the Taken Girls, Yak Ampersand, Yak Brigade",['celesteville'],http://www.tapemountain.com,,training,large,160000,0,,2008-11-26 02:02:19,,110,0,Rock,"[27, 66]","[66, 27, 12]",,1234,en,Attribution-NonCommercial-ShareAlike 3.0 International,22,,5,,[],Nevertheless
490,0,2008-11-26 02:05:58,2009-01-07 00:00:00,,0,134,<p>One half of what was to be the album <em>Spirit Duplicator</em>.</p>,907,,[],Birdlike Movements,9,Album,,,Tape Mountain,"<p>Head of the DIY Tape Mountain CD-R label, the only constant member of Celesteville, and contributor to about 20 other music projects in and around Portland, Jake Anderson is an inspiringly ambitious fellow. He has been recording and releasing his own music since the sixth-grade, and clearly still loves his 4-track.</p>
<p><a href=""http://tapemountain.com/cv.html"" target=""_blank""><strong>Celesteville</strong></a> is Jake&rsquo;s ultra lo-fi solo project as of late. According to him, Celesteville has elements of &ldquo;indie-pop, ethnoforgery-folk, skronk-noise, delay-pedal-workout-drone, universal-rock, language-master-abuse, suburban-garage-punk, four-track-manipulation, etc.&rdquo; (-via Tommy E, at <a href=""http://blog.wfmu.org/freeform/2008/08/playin-free-in.html"" target=""_blank""><em>WFMU's Beware of the Blog!</em></a>)</p>",0,2008-11-26 02:03:27,4,98,45.5234515,"Portland, OR",-122.6762071,,Celesteville,"Gang Wizard, the Minor Thirds, Yuma Nora, Minmae, Bronwyn, the Taken Girls, Yak Ampersand, Yak Brigade",['celesteville'],http://www.tapemountain.com,,training,large,160000,0,,2008-11-26 02:02:22,,210,0,Rock,"[27, 66]","[66, 27, 12]",,1291,en,Attribution-NonCommercial-ShareAlike 3.0 International,218,,5,,[],Vast and Sad
491,0,2008-11-26 02:06:03,2009-01-07 00:00:00,,0,136,"<p>Ancient and musty sounds from Jake's days in grad school in California, this is easily the darkest record on Tape Mountain.</p>",349,,[],Kohoutek,12,Album,,,Tape Mountain,"<p>Head of the DIY Tape Mountain CD-R label, the only constant member of Celesteville, and contributor to about 20 other music projects in and around Portland, Jake Anderson is an inspiringly ambitious fellow. He has been recording and releasing his own music since the sixth-grade, and clearly still loves his 4-track.</p>
<p><a href=""http://tapemountain.com/cv.html"" target=""_blank""><strong>Celesteville</strong></a> is Jake&rsquo;s ultra lo-fi solo project as of late. According to him, Celesteville has elements of &ldquo;indie-pop, ethnoforgery-folk, skronk-noise, delay-pedal-workout-drone, universal-rock, language-master-abuse, suburban-garage-punk, four-track-manipulation, etc.&rdquo; (-via Tommy E, at <a href=""http://blog.wfmu.org/freeform/2008/08/playin-free-in.html"" target=""_blank""><em>WFMU's Beware of the Blog!</em></a>)</p>",0,2008-11-26 02:03:27,4,98,45.5234515,"Portland, OR",-122.6762071,,Celesteville,"Gang Wizard, the Minor Thirds, Yuma Nora, Minmae, Bronwyn, the Taken Girls, Yak Ampersand, Yak Brigade",['celesteville'],http://www.tapemountain.com,,training,large,128000,0,,2008-11-26 02:02:24,,349,0,Rock,"[27, 66]","[66, 27, 12]",,1382,en,Attribution-NonCommercial-ShareAlike 3.0 International,17,,6,,[],For To Pour
492,0,2008-11-26 02:05:58,2009-01-07 00:00:00,,0,134,<p>One half of what was to be the album <em>Spirit Duplicator</em>.</p>,907,,[],Birdlike Movements,9,Album,,,Tape Mountain,"<p>Head of the DIY Tape Mountain CD-R label, the only constant member of Celesteville, and contributor to about 20 other music projects in and around Portland, Jake Anderson is an inspiringly ambitious fellow. He has been recording and releasing his own music since the sixth-grade, and clearly still loves his 4-track.</p>
<p><a href=""http://tapemountain.com/cv.html"" target=""_blank""><strong>Celesteville</strong></a> is Jake&rsquo;s ultra lo-fi solo project as of late. According to him, Celesteville has elements of &ldquo;indie-pop, ethnoforgery-folk, skronk-noise, delay-pedal-workout-drone, universal-rock, language-master-abuse, suburban-garage-punk, four-track-manipulation, etc.&rdquo; (-via Tommy E, at <a href=""http://blog.wfmu.org/freeform/2008/08/playin-free-in.html"" target=""_blank""><em>WFMU's Beware of the Blog!</em></a>)</p>",0,2008-11-26 02:03:27,4,98,45.5234515,"Portland, OR",-122.6762071,,Celesteville,"Gang Wizard, the Minor Thirds, Yuma Nora, Minmae, Bronwyn, the Taken Girls, Yak Ampersand, Yak Brigade",['celesteville'],http://www.tapemountain.com,,training,large,160000,0,,2008-11-26 02:02:26,,161,0,Rock,"[27, 66]","[66, 27, 12]",,373,en,Attribution-NonCommercial-ShareAlike 3.0 International,95,,6,,[],I Can't Hear the Birds Sing
493,0,2008-11-26 02:05:49,2009-01-07 00:00:00,,0,133,"<p>Part II of Jake's <em>A House on Stilts</em> trilogy: ""The difficult album recorded just after returning to Oregon. Some moments of transcendental pop beauty, some moments of my heart falling out through my feet and clattering. Like throwing a handful of seeds onto your garden, but you're not sure if the seeds are geraniums or cockleburrs."" (-via <a href=""http://www.tapemountain.com/cv.html"" target=""_blank"">Jake's Celesteville</a> page)</p>",2680,,[],Lingua Ignota,12,Album,,,Tape Mountain,"<p>Head of the DIY Tape Mountain CD-R label, the only constant member of Celesteville, and contributor to about 20 other music projects in and around Portland, Jake Anderson is an inspiringly ambitious fellow. He has been recording and releasing his own music since the sixth-grade, and clearly still loves his 4-track.</p>
<p><a href=""http://tapemountain.com/cv.html"" target=""_blank""><strong>Celesteville</strong></a> is Jake&rsquo;s ultra lo-fi solo project as of late. According to him, Celesteville has elements of &ldquo;indie-pop, ethnoforgery-folk, skronk-noise, delay-pedal-workout-drone, universal-rock, language-master-abuse, suburban-garage-punk, four-track-manipulation, etc.&rdquo; (-via Tommy E, at <a href=""http://blog.wfmu.org/freeform/2008/08/playin-free-in.html"" target=""_blank""><em>WFMU's Beware of the Blog!</em></a>)</p>",0,2008-11-26 02:03:27,4,98,45.5234515,"Portland, OR",-122.6762071,,Celesteville,"Gang Wizard, the Minor Thirds, Yuma Nora, Minmae, Bronwyn, the Taken Girls, Yak Ampersand, Yak Brigade",['celesteville'],http://www.tapemountain.com,,training,large,160000,0,,2008-11-26 02:02:29,2001-01-01 00:00:00,243,0,Rock,[27],"[27, 12]",,489,en,Attribution-NonCommercial-ShareAlike 3.0 International,85,,6,,[],In the Sky
495,0,2008-11-26 02:05:59,2002-01-01 00:00:00,,0,135,"<p>Live and uneasy on stages in Portland, Seattle, and Bellingham, earlier in 2002.</p>
<p>Seven songs: one live at KPSU with Sean <a href=""http://www.minmae.com/"">(Minmae)</a> and Grace <a href=""http://www.roseforbohdan.tk/"">(Rose for Bohdan)</a>, four more in the Kelly Haus basement with Sean, and two live in the great state of Washington with Rob and Mark from Hale Zukas. (-via <a href=""http://www.tapemountain.com/vastandsad.html"" target=""_blank"">Jake's Tape Mountain</a> site)</p>",1775,,[],Vast and Sad,7,Album,,,Tape Mountain,"<p>Head of the DIY Tape Mountain CD-R label, the only constant member of Celesteville, and contributor to about 20 other music projects in and around Portland, Jake Anderson is an inspiringly ambitious fellow. He has been recording and releasing his own music since the sixth-grade, and clearly still loves his 4-track.</p>
<p><a href=""http://tapemountain.com/cv.html"" target=""_blank""><strong>Celesteville</strong></a> is Jake&rsquo;s ultra lo-fi solo project as of late. According to him, Celesteville has elements of &ldquo;indie-pop, ethnoforgery-folk, skronk-noise, delay-pedal-workout-drone, universal-rock, language-master-abuse, suburban-garage-punk, four-track-manipulation, etc.&rdquo; (-via Tommy E, at <a href=""http://blog.wfmu.org/freeform/2008/08/playin-free-in.html"" target=""_blank""><em>WFMU's Beware of the Blog!</em></a>)</p>",0,2008-11-26 02:03:27,4,98,45.5234515,"Portland, OR",-122.6762071,,Celesteville,"Gang Wizard, the Minor Thirds, Yuma Nora, Minmae, Bronwyn, the Taken Girls, Yak Ampersand, Yak Brigade",['celesteville'],http://www.tapemountain.com,,training,large,160000,0,,2008-11-26 02:02:33,2008-11-26 00:00:00,899,0,Rock,"[25, 27]","[25, 27, 12]",,1743,en,Attribution-NonCommercial-ShareAlike 3.0 International,922,,6,,[],"Waterfall (Emerald City Coffee, Seattle)"
496,0,2008-11-26 02:06:07,,,0,137,,191,,[],Spirit Duplicator,8,Album,,,Tape Mountain,"<p>Head of the DIY Tape Mountain CD-R label, the only constant member of Celesteville, and contributor to about 20 other music projects in and around Portland, Jake Anderson is an inspiringly ambitious fellow. He has been recording and releasing his own music since the sixth-grade, and clearly still loves his 4-track.</p>
<p><a href=""http://tapemountain.com/cv.html"" target=""_blank""><strong>Celesteville</strong></a> is Jake&rsquo;s ultra lo-fi solo project as of late. According to him, Celesteville has elements of &ldquo;indie-pop, ethnoforgery-folk, skronk-noise, delay-pedal-workout-drone, universal-rock, language-master-abuse, suburban-garage-punk, four-track-manipulation, etc.&rdquo; (-via Tommy E, at <a href=""http://blog.wfmu.org/freeform/2008/08/playin-free-in.html"" target=""_blank""><em>WFMU's Beware of the Blog!</em></a>)</p>",0,2008-11-26 02:03:27,4,98,45.5234515,"Portland, OR",-122.6762071,,Celesteville,"Gang Wizard, the Minor Thirds, Yuma Nora, Minmae, Bronwyn, the Taken Girls, Yak Ampersand, Yak Brigade",['celesteville'],http://www.tapemountain.com,,training,large,160000,0,,2008-11-26 02:02:39,,173,0,Rock,"[27, 66]","[66, 27, 12]",,235,en,Attribution-NonCommercial-ShareAlike 3.0 International,23,,6,,[],Winged Ear
497,0,2008-11-26 02:06:03,2009-01-07 00:00:00,,0,136,"<p>Ancient and musty sounds from Jake's days in grad school in California, this is easily the darkest record on Tape Mountain.</p>",349,,[],Kohoutek,12,Album,,,Tape Mountain,"<p>Head of the DIY Tape Mountain CD-R label, the only constant member of Celesteville, and contributor to about 20 other music projects in and around Portland, Jake Anderson is an inspiringly ambitious fellow. He has been recording and releasing his own music since the sixth-grade, and clearly still loves his 4-track.</p>
<p><a href=""http://tapemountain.com/cv.html"" target=""_blank""><strong>Celesteville</strong></a> is Jake&rsquo;s ultra lo-fi solo project as of late. According to him, Celesteville has elements of &ldquo;indie-pop, ethnoforgery-folk, skronk-noise, delay-pedal-workout-drone, universal-rock, language-master-abuse, suburban-garage-punk, four-track-manipulation, etc.&rdquo; (-via Tommy E, at <a href=""http://blog.wfmu.org/freeform/2008/08/playin-free-in.html"" target=""_blank""><em>WFMU's Beware of the Blog!</em></a>)</p>",0,2008-11-26 02:03:27,4,98,45.5234515,"Portland, OR",-122.6762071,,Celesteville,"Gang Wizard, the Minor Thirds, Yuma Nora, Minmae, Bronwyn, the Taken Girls, Yak Ampersand, Yak Brigade",['celesteville'],http://www.tapemountain.com,,training,large,128000,0,,2008-11-26 02:02:40,,59,0,Rock,"[27, 66]","[66, 27, 12]",,254,en,Attribution-NonCommercial-ShareAlike 3.0 International,27,,7,,[],Appear To Be
498,0,2008-11-26 02:05:58,2009-01-07 00:00:00,,0,134,<p>One half of what was to be the album <em>Spirit Duplicator</em>.</p>,907,,[],Birdlike Movements,9,Album,,,Tape Mountain,"<p>Head of the DIY Tape Mountain CD-R label, the only constant member of Celesteville, and contributor to about 20 other music projects in and around Portland, Jake Anderson is an inspiringly ambitious fellow. He has been recording and releasing his own music since the sixth-grade, and clearly still loves his 4-track.</p>
<p><a href=""http://tapemountain.com/cv.html"" target=""_blank""><strong>Celesteville</strong></a> is Jake&rsquo;s ultra lo-fi solo project as of late. According to him, Celesteville has elements of &ldquo;indie-pop, ethnoforgery-folk, skronk-noise, delay-pedal-workout-drone, universal-rock, language-master-abuse, suburban-garage-punk, four-track-manipulation, etc.&rdquo; (-via Tommy E, at <a href=""http://blog.wfmu.org/freeform/2008/08/playin-free-in.html"" target=""_blank""><em>WFMU's Beware of the Blog!</em></a>)</p>",0,2008-11-26 02:03:27,4,98,45.5234515,"Portland, OR",-122.6762071,,Celesteville,"Gang Wizard, the Minor Thirds, Yuma Nora, Minmae, Bronwyn, the Taken Girls, Yak Ampersand, Yak Brigade",['celesteville'],http://www.tapemountain.com,,training,large,160000,0,,2008-11-26 02:02:41,,75,0,Rock,"[27, 66]","[66, 27, 12]",,943,en,Attribution-NonCommercial-ShareAlike 3.0 International,57,,7,,[],Birdlike Movements
500,0,2008-11-26 02:06:07,,,0,137,,191,,[],Spirit Duplicator,8,Album,,,Tape Mountain,"<p>Head of the DIY Tape Mountain CD-R label, the only constant member of Celesteville, and contributor to about 20 other music projects in and around Portland, Jake Anderson is an inspiringly ambitious fellow. He has been recording and releasing his own music since the sixth-grade, and clearly still loves his 4-track.</p>
<p><a href=""http://tapemountain.com/cv.html"" target=""_blank""><strong>Celesteville</strong></a> is Jake&rsquo;s ultra lo-fi solo project as of late. According to him, Celesteville has elements of &ldquo;indie-pop, ethnoforgery-folk, skronk-noise, delay-pedal-workout-drone, universal-rock, language-master-abuse, suburban-garage-punk, four-track-manipulation, etc.&rdquo; (-via Tommy E, at <a href=""http://blog.wfmu.org/freeform/2008/08/playin-free-in.html"" target=""_blank""><em>WFMU's Beware of the Blog!</em></a>)</p>",0,2008-11-26 02:03:27,4,98,45.5234515,"Portland, OR",-122.6762071,,Celesteville,"Gang Wizard, the Minor Thirds, Yuma Nora, Minmae, Bronwyn, the Taken Girls, Yak Ampersand, Yak Brigade",['celesteville'],http://www.tapemountain.com,,training,large,160000,0,,2008-11-26 02:02:45,,127,0,Rock,"[27, 66]","[66, 27, 12]",,188,en,Attribution-NonCommercial-ShareAlike 3.0 International,22,,7,,[],"Longview, WA"
501,0,2008-11-26 02:05:49,2009-01-07 00:00:00,,0,133,"<p>Part II of Jake's <em>A House on Stilts</em> trilogy: ""The difficult album recorded just after returning to Oregon. Some moments of transcendental pop beauty, some moments of my heart falling out through my feet and clattering. Like throwing a handful of seeds onto your garden, but you're not sure if the seeds are geraniums or cockleburrs."" (-via <a href=""http://www.tapemountain.com/cv.html"" target=""_blank"">Jake's Celesteville</a> page)</p>",2680,,[],Lingua Ignota,12,Album,,,Tape Mountain,"<p>Head of the DIY Tape Mountain CD-R label, the only constant member of Celesteville, and contributor to about 20 other music projects in and around Portland, Jake Anderson is an inspiringly ambitious fellow. He has been recording and releasing his own music since the sixth-grade, and clearly still loves his 4-track.</p>
<p><a href=""http://tapemountain.com/cv.html"" target=""_blank""><strong>Celesteville</strong></a> is Jake&rsquo;s ultra lo-fi solo project as of late. According to him, Celesteville has elements of &ldquo;indie-pop, ethnoforgery-folk, skronk-noise, delay-pedal-workout-drone, universal-rock, language-master-abuse, suburban-garage-punk, four-track-manipulation, etc.&rdquo; (-via Tommy E, at <a href=""http://blog.wfmu.org/freeform/2008/08/playin-free-in.html"" target=""_blank""><em>WFMU's Beware of the Blog!</em></a>)</p>",0,2008-11-26 02:03:27,4,98,45.5234515,"Portland, OR",-122.6762071,,Celesteville,"Gang Wizard, the Minor Thirds, Yuma Nora, Minmae, Bronwyn, the Taken Girls, Yak Ampersand, Yak Brigade",['celesteville'],http://www.tapemountain.com,,training,large,160000,0,,2008-11-26 02:02:46,2001-01-01 00:00:00,326,0,Rock,[27],"[27, 12]",,328,en,Attribution-NonCommercial-ShareAlike 3.0 International,39,,7,,[],Utmost House
502,0,2008-11-26 02:05:59,2002-01-01 00:00:00,,0,135,"<p>Live and uneasy on stages in Portland, Seattle, and Bellingham, earlier in 2002.</p>
<p>Seven songs: one live at KPSU with Sean <a href=""http://www.minmae.com/"">(Minmae)</a> and Grace <a href=""http://www.roseforbohdan.tk/"">(Rose for Bohdan)</a>, four more in the Kelly Haus basement with Sean, and two live in the great state of Washington with Rob and Mark from Hale Zukas. (-via <a href=""http://www.tapemountain.com/vastandsad.html"" target=""_blank"">Jake's Tape Mountain</a> site)</p>",1775,,[],Vast and Sad,7,Album,,,Tape Mountain,"<p>Head of the DIY Tape Mountain CD-R label, the only constant member of Celesteville, and contributor to about 20 other music projects in and around Portland, Jake Anderson is an inspiringly ambitious fellow. He has been recording and releasing his own music since the sixth-grade, and clearly still loves his 4-track.</p>
<p><a href=""http://tapemountain.com/cv.html"" target=""_blank""><strong>Celesteville</strong></a> is Jake&rsquo;s ultra lo-fi solo project as of late. According to him, Celesteville has elements of &ldquo;indie-pop, ethnoforgery-folk, skronk-noise, delay-pedal-workout-drone, universal-rock, language-master-abuse, suburban-garage-punk, four-track-manipulation, etc.&rdquo; (-via Tommy E, at <a href=""http://blog.wfmu.org/freeform/2008/08/playin-free-in.html"" target=""_blank""><em>WFMU's Beware of the Blog!</em></a>)</p>",0,2008-11-26 02:03:27,4,98,45.5234515,"Portland, OR",-122.6762071,,Celesteville,"Gang Wizard, the Minor Thirds, Yuma Nora, Minmae, Bronwyn, the Taken Girls, Yak Ampersand, Yak Brigade",['celesteville'],http://www.tapemountain.com,,training,large,160000,0,,2008-11-26 02:02:50,2008-11-26 00:00:00,780,0,Rock,"[25, 27]","[25, 27, 12]",,740,en,Attribution-NonCommercial-ShareAlike 3.0 International,175,,7,,[],"Vast and Sad (Showoff Gallery, Bellingham)"
503,0,2008-11-26 02:06:07,,,0,137,,191,,[],Spirit Duplicator,8,Album,,,Tape Mountain,"<p>Head of the DIY Tape Mountain CD-R label, the only constant member of Celesteville, and contributor to about 20 other music projects in and around Portland, Jake Anderson is an inspiringly ambitious fellow. He has been recording and releasing his own music since the sixth-grade, and clearly still loves his 4-track.</p>
<p><a href=""http://tapemountain.com/cv.html"" target=""_blank""><strong>Celesteville</strong></a> is Jake&rsquo;s ultra lo-fi solo project as of late. According to him, Celesteville has elements of &ldquo;indie-pop, ethnoforgery-folk, skronk-noise, delay-pedal-workout-drone, universal-rock, language-master-abuse, suburban-garage-punk, four-track-manipulation, etc.&rdquo; (-via Tommy E, at <a href=""http://blog.wfmu.org/freeform/2008/08/playin-free-in.html"" target=""_blank""><em>WFMU's Beware of the Blog!</em></a>)</p>",0,2008-11-26 02:03:27,4,98,45.5234515,"Portland, OR",-122.6762071,,Celesteville,"Gang Wizard, the Minor Thirds, Yuma Nora, Minmae, Bronwyn, the Taken Girls, Yak Ampersand, Yak Brigade",['celesteville'],http://www.tapemountain.com,,training,large,160000,0,,2008-11-26 02:02:56,,296,1,Rock,"[27, 66]","[66, 27, 12]",,387,en,Attribution-NonCommercial-ShareAlike 3.0 International,25,,8,,[],Carted Off
504,0,2008-11-26 02:06:03,2009-01-07 00:00:00,,0,136,"<p>Ancient and musty sounds from Jake's days in grad school in California, this is easily the darkest record on Tape Mountain.</p>",349,,[],Kohoutek,12,Album,,,Tape Mountain,"<p>Head of the DIY Tape Mountain CD-R label, the only constant member of Celesteville, and contributor to about 20 other music projects in and around Portland, Jake Anderson is an inspiringly ambitious fellow. He has been recording and releasing his own music since the sixth-grade, and clearly still loves his 4-track.</p>
<p><a href=""http://tapemountain.com/cv.html"" target=""_blank""><strong>Celesteville</strong></a> is Jake&rsquo;s ultra lo-fi solo project as of late. According to him, Celesteville has elements of &ldquo;indie-pop, ethnoforgery-folk, skronk-noise, delay-pedal-workout-drone, universal-rock, language-master-abuse, suburban-garage-punk, four-track-manipulation, etc.&rdquo; (-via Tommy E, at <a href=""http://blog.wfmu.org/freeform/2008/08/playin-free-in.html"" target=""_blank""><em>WFMU's Beware of the Blog!</em></a>)</p>",0,2008-11-26 02:03:27,4,98,45.5234515,"Portland, OR",-122.6762071,,Celesteville,"Gang Wizard, the Minor Thirds, Yuma Nora, Minmae, Bronwyn, the Taken Girls, Yak Ampersand, Yak Brigade",['celesteville'],http://www.tapemountain.com,,training,large,128000,0,,2008-11-26 02:02:58,,242,0,Rock,"[27, 66]","[66, 27, 12]",,236,en,Attribution-NonCommercial-ShareAlike 3.0 International,29,,8,,[],Cry
506,0,2008-11-26 02:05:49,2009-01-07 00:00:00,,0,133,"<p>Part II of Jake's <em>A House on Stilts</em> trilogy: ""The difficult album recorded just after returning to Oregon. Some moments of transcendental pop beauty, some moments of my heart falling out through my feet and clattering. Like throwing a handful of seeds onto your garden, but you're not sure if the seeds are geraniums or cockleburrs."" (-via <a href=""http://www.tapemountain.com/cv.html"" target=""_blank"">Jake's Celesteville</a> page)</p>",2680,,[],Lingua Ignota,12,Album,,,Tape Mountain,"<p>Head of the DIY Tape Mountain CD-R label, the only constant member of Celesteville, and contributor to about 20 other music projects in and around Portland, Jake Anderson is an inspiringly ambitious fellow. He has been recording and releasing his own music since the sixth-grade, and clearly still loves his 4-track.</p>
<p><a href=""http://tapemountain.com/cv.html"" target=""_blank""><strong>Celesteville</strong></a> is Jake&rsquo;s ultra lo-fi solo project as of late. According to him, Celesteville has elements of &ldquo;indie-pop, ethnoforgery-folk, skronk-noise, delay-pedal-workout-drone, universal-rock, language-master-abuse, suburban-garage-punk, four-track-manipulation, etc.&rdquo; (-via Tommy E, at <a href=""http://blog.wfmu.org/freeform/2008/08/playin-free-in.html"" target=""_blank""><em>WFMU's Beware of the Blog!</em></a>)</p>",0,2008-11-26 02:03:27,4,98,45.5234515,"Portland, OR",-122.6762071,,Celesteville,"Gang Wizard, the Minor Thirds, Yuma Nora, Minmae, Bronwyn, the Taken Girls, Yak Ampersand, Yak Brigade",['celesteville'],http://www.tapemountain.com,,training,large,160000,0,,2008-11-26 02:03:01,2001-01-01 00:00:00,220,0,Rock,[27],"[27, 12]",,258,en,Attribution-NonCommercial-ShareAlike 3.0 International,42,,8,,[],Moths!!!
507,0,2008-11-26 02:05:58,2009-01-07 00:00:00,,0,134,<p>One half of what was to be the album <em>Spirit Duplicator</em>.</p>,907,,[],Birdlike Movements,9,Album,,,Tape Mountain,"<p>Head of the DIY Tape Mountain CD-R label, the only constant member of Celesteville, and contributor to about 20 other music projects in and around Portland, Jake Anderson is an inspiringly ambitious fellow. He has been recording and releasing his own music since the sixth-grade, and clearly still loves his 4-track.</p>
<p><a href=""http://tapemountain.com/cv.html"" target=""_blank""><strong>Celesteville</strong></a> is Jake&rsquo;s ultra lo-fi solo project as of late. According to him, Celesteville has elements of &ldquo;indie-pop, ethnoforgery-folk, skronk-noise, delay-pedal-workout-drone, universal-rock, language-master-abuse, suburban-garage-punk, four-track-manipulation, etc.&rdquo; (-via Tommy E, at <a href=""http://blog.wfmu.org/freeform/2008/08/playin-free-in.html"" target=""_blank""><em>WFMU's Beware of the Blog!</em></a>)</p>",0,2008-11-26 02:03:27,4,98,45.5234515,"Portland, OR",-122.6762071,,Celesteville,"Gang Wizard, the Minor Thirds, Yuma Nora, Minmae, Bronwyn, the Taken Girls, Yak Ampersand, Yak Brigade",['celesteville'],http://www.tapemountain.com,,training,large,160000,0,,2008-11-26 02:03:03,,201,0,Rock,"[27, 66]","[66, 27, 12]",,259,en,Attribution-NonCommercial-ShareAlike 3.0 International,71,,8,,[],Toasty Birds
508,0,2008-11-26 02:06:03,2009-01-07 00:00:00,,0,136,"<p>Ancient and musty sounds from Jake's days in grad school in California, this is easily the darkest record on Tape Mountain.</p>",349,,[],Kohoutek,12,Album,,,Tape Mountain,"<p>Head of the DIY Tape Mountain CD-R label, the only constant member of Celesteville, and contributor to about 20 other music projects in and around Portland, Jake Anderson is an inspiringly ambitious fellow. He has been recording and releasing his own music since the sixth-grade, and clearly still loves his 4-track.</p>
<p><a href=""http://tapemountain.com/cv.html"" target=""_blank""><strong>Celesteville</strong></a> is Jake&rsquo;s ultra lo-fi solo project as of late. According to him, Celesteville has elements of &ldquo;indie-pop, ethnoforgery-folk, skronk-noise, delay-pedal-workout-drone, universal-rock, language-master-abuse, suburban-garage-punk, four-track-manipulation, etc.&rdquo; (-via Tommy E, at <a href=""http://blog.wfmu.org/freeform/2008/08/playin-free-in.html"" target=""_blank""><em>WFMU's Beware of the Blog!</em></a>)</p>",0,2008-11-26 02:03:27,4,98,45.5234515,"Portland, OR",-122.6762071,,Celesteville,"Gang Wizard, the Minor Thirds, Yuma Nora, Minmae, Bronwyn, the Taken Girls, Yak Ampersand, Yak Brigade",['celesteville'],http://www.tapemountain.com,,training,large,128000,0,,2008-11-26 02:03:05,,235,0,Rock,"[27, 66]","[66, 27, 12]",,622,en,Attribution-NonCommercial-ShareAlike 3.0 International,14,,9,,[],5 In 1
509,0,2008-11-26 02:05:58,2009-01-07 00:00:00,,0,134,<p>One half of what was to be the album <em>Spirit Duplicator</em>.</p>,907,,[],Birdlike Movements,9,Album,,,Tape Mountain,"<p>Head of the DIY Tape Mountain CD-R label, the only constant member of Celesteville, and contributor to about 20 other music projects in and around Portland, Jake Anderson is an inspiringly ambitious fellow. He has been recording and releasing his own music since the sixth-grade, and clearly still loves his 4-track.</p>
<p><a href=""http://tapemountain.com/cv.html"" target=""_blank""><strong>Celesteville</strong></a> is Jake&rsquo;s ultra lo-fi solo project as of late. According to him, Celesteville has elements of &ldquo;indie-pop, ethnoforgery-folk, skronk-noise, delay-pedal-workout-drone, universal-rock, language-master-abuse, suburban-garage-punk, four-track-manipulation, etc.&rdquo; (-via Tommy E, at <a href=""http://blog.wfmu.org/freeform/2008/08/playin-free-in.html"" target=""_blank""><em>WFMU's Beware of the Blog!</em></a>)</p>",0,2008-11-26 02:03:27,4,98,45.5234515,"Portland, OR",-122.6762071,,Celesteville,"Gang Wizard, the Minor Thirds, Yuma Nora, Minmae, Bronwyn, the Taken Girls, Yak Ampersand, Yak Brigade",['celesteville'],http://www.tapemountain.com,,training,large,160000,0,,2008-11-26 02:03:08,,154,0,Rock,"[27, 66]","[66, 27, 12]",,419,en,Attribution-NonCommercial-ShareAlike 3.0 International,42,,9,,[],A Wren's Heart
510,0,2008-11-26 02:06:07,,,0,137,,191,,[],Spirit Duplicator,8,Album,,,Tape Mountain,"<p>Head of the DIY Tape Mountain CD-R label, the only constant member of Celesteville, and contributor to about 20 other music projects in and around Portland, Jake Anderson is an inspiringly ambitious fellow. He has been recording and releasing his own music since the sixth-grade, and clearly still loves his 4-track.</p>
<p><a href=""http://tapemountain.com/cv.html"" target=""_blank""><strong>Celesteville</strong></a> is Jake&rsquo;s ultra lo-fi solo project as of late. According to him, Celesteville has elements of &ldquo;indie-pop, ethnoforgery-folk, skronk-noise, delay-pedal-workout-drone, universal-rock, language-master-abuse, suburban-garage-punk, four-track-manipulation, etc.&rdquo; (-via Tommy E, at <a href=""http://blog.wfmu.org/freeform/2008/08/playin-free-in.html"" target=""_blank""><em>WFMU's Beware of the Blog!</em></a>)</p>",0,2008-11-26 02:03:27,4,98,45.5234515,"Portland, OR",-122.6762071,,Celesteville,"Gang Wizard, the Minor Thirds, Yuma Nora, Minmae, Bronwyn, the Taken Girls, Yak Ampersand, Yak Brigade",['celesteville'],http://www.tapemountain.com,,training,large,160000,0,,2008-11-26 02:03:10,,240,0,Rock,"[27, 66]","[66, 27, 12]",,292,en,Attribution-NonCommercial-ShareAlike 3.0 International,38,,9,,[],Sac City
511,0,2008-11-26 02:05:49,2009-01-07 00:00:00,,0,133,"<p>Part II of Jake's <em>A House on Stilts</em> trilogy: ""The difficult album recorded just after returning to Oregon. Some moments of transcendental pop beauty, some moments of my heart falling out through my feet and clattering. Like throwing a handful of seeds onto your garden, but you're not sure if the seeds are geraniums or cockleburrs."" (-via <a href=""http://www.tapemountain.com/cv.html"" target=""_blank"">Jake's Celesteville</a> page)</p>",2680,,[],Lingua Ignota,12,Album,,,Tape Mountain,"<p>Head of the DIY Tape Mountain CD-R label, the only constant member of Celesteville, and contributor to about 20 other music projects in and around Portland, Jake Anderson is an inspiringly ambitious fellow. He has been recording and releasing his own music since the sixth-grade, and clearly still loves his 4-track.</p>
<p><a href=""http://tapemountain.com/cv.html"" target=""_blank""><strong>Celesteville</strong></a> is Jake&rsquo;s ultra lo-fi solo project as of late. According to him, Celesteville has elements of &ldquo;indie-pop, ethnoforgery-folk, skronk-noise, delay-pedal-workout-drone, universal-rock, language-master-abuse, suburban-garage-punk, four-track-manipulation, etc.&rdquo; (-via Tommy E, at <a href=""http://blog.wfmu.org/freeform/2008/08/playin-free-in.html"" target=""_blank""><em>WFMU's Beware of the Blog!</em></a>)</p>",0,2008-11-26 02:03:27,4,98,45.5234515,"Portland, OR",-122.6762071,,Celesteville,"Gang Wizard, the Minor Thirds, Yuma Nora, Minmae, Bronwyn, the Taken Girls, Yak Ampersand, Yak Brigade",['celesteville'],http://www.tapemountain.com,,training,large,160000,0,,2008-11-26 02:03:13,2001-01-01 00:00:00,158,0,Rock,[27],"[27, 12]",,532,en,Attribution-NonCommercial-ShareAlike 3.0 International,39,,9,,[],Sharper &amp; Clearer
512,0,2008-11-26 02:05:49,2009-01-07 00:00:00,,0,133,"<p>Part II of Jake's <em>A House on Stilts</em> trilogy: ""The difficult album recorded just after returning to Oregon. Some moments of transcendental pop beauty, some moments of my heart falling out through my feet and clattering. Like throwing a handful of seeds onto your garden, but you're not sure if the seeds are geraniums or cockleburrs."" (-via <a href=""http://www.tapemountain.com/cv.html"" target=""_blank"">Jake's Celesteville</a> page)</p>",2680,,[],Lingua Ignota,12,Album,,,Tape Mountain,"<p>Head of the DIY Tape Mountain CD-R label, the only constant member of Celesteville, and contributor to about 20 other music projects in and around Portland, Jake Anderson is an inspiringly ambitious fellow. He has been recording and releasing his own music since the sixth-grade, and clearly still loves his 4-track.</p>
<p><a href=""http://tapemountain.com/cv.html"" target=""_blank""><strong>Celesteville</strong></a> is Jake&rsquo;s ultra lo-fi solo project as of late. According to him, Celesteville has elements of &ldquo;indie-pop, ethnoforgery-folk, skronk-noise, delay-pedal-workout-drone, universal-rock, language-master-abuse, suburban-garage-punk, four-track-manipulation, etc.&rdquo; (-via Tommy E, at <a href=""http://blog.wfmu.org/freeform/2008/08/playin-free-in.html"" target=""_blank""><em>WFMU's Beware of the Blog!</em></a>)</p>",0,2008-11-26 02:03:27,4,98,45.5234515,"Portland, OR",-122.6762071,,Celesteville,"Gang Wizard, the Minor Thirds, Yuma Nora, Minmae, Bronwyn, the Taken Girls, Yak Ampersand, Yak Brigade",['celesteville'],http://www.tapemountain.com,,training,medium,160000,0,,2008-11-26 02:03:14,2001-01-01 00:00:00,87,2,Rock,[27],"[27, 12]",,2401,en,Attribution-NonCommercial-ShareAlike 3.0 International,2002,,10,,[],""""""
513,0,2008-11-26 02:06:03,2009-01-07 00:00:00,,0,136,"<p>Ancient and musty sounds from Jake's days in grad school in California, this is easily the darkest record on Tape Mountain.</p>",349,,[],Kohoutek,12,Album,,,Tape Mountain,"<p>Head of the DIY Tape Mountain CD-R label, the only constant member of Celesteville, and contributor to about 20 other music projects in and around Portland, Jake Anderson is an inspiringly ambitious fellow. He has been recording and releasing his own music since the sixth-grade, and clearly still loves his 4-track.</p>
<p><a href=""http://tapemountain.com/cv.html"" target=""_blank""><strong>Celesteville</strong></a> is Jake&rsquo;s ultra lo-fi solo project as of late. According to him, Celesteville has elements of &ldquo;indie-pop, ethnoforgery-folk, skronk-noise, delay-pedal-workout-drone, universal-rock, language-master-abuse, suburban-garage-punk, four-track-manipulation, etc.&rdquo; (-via Tommy E, at <a href=""http://blog.wfmu.org/freeform/2008/08/playin-free-in.html"" target=""_blank""><em>WFMU's Beware of the Blog!</em></a>)</p>",0,2008-11-26 02:03:27,4,98,45.5234515,"Portland, OR",-122.6762071,,Celesteville,"Gang Wizard, the Minor Thirds, Yuma Nora, Minmae, Bronwyn, the Taken Girls, Yak Ampersand, Yak Brigade",['celesteville'],http://www.tapemountain.com,,training,large,128000,0,,2008-11-26 02:03:15,,242,0,Rock,"[27, 66]","[66, 27, 12]",,2818,en,Attribution-NonCommercial-ShareAlike 3.0 International,43,,10,,[],Victoria 2
514,0,2008-11-26 02:06:03,2009-01-07 00:00:00,,0,136,"<p>Ancient and musty sounds from Jake's days in grad school in California, this is easily the darkest record on Tape Mountain.</p>",349,,[],Kohoutek,12,Album,,,Tape Mountain,"<p>Head of the DIY Tape Mountain CD-R label, the only constant member of Celesteville, and contributor to about 20 other music projects in and around Portland, Jake Anderson is an inspiringly ambitious fellow. He has been recording and releasing his own music since the sixth-grade, and clearly still loves his 4-track.</p>
<p><a href=""http://tapemountain.com/cv.html"" target=""_blank""><strong>Celesteville</strong></a> is Jake&rsquo;s ultra lo-fi solo project as of late. According to him, Celesteville has elements of &ldquo;indie-pop, ethnoforgery-folk, skronk-noise, delay-pedal-workout-drone, universal-rock, language-master-abuse, suburban-garage-punk, four-track-manipulation, etc.&rdquo; (-via Tommy E, at <a href=""http://blog.wfmu.org/freeform/2008/08/playin-free-in.html"" target=""_blank""><em>WFMU's Beware of the Blog!</em></a>)</p>",0,2008-11-26 02:03:27,4,98,45.5234515,"Portland, OR",-122.6762071,,Celesteville,"Gang Wizard, the Minor Thirds, Yuma Nora, Minmae, Bronwyn, the Taken Girls, Yak Ampersand, Yak Brigade",['celesteville'],http://www.tapemountain.com,,training,large,128000,0,,2008-11-26 02:03:17,,178,0,Rock,"[27, 66]","[66, 27, 12]",,1137,en,Attribution-NonCommercial-ShareAlike 3.0 International,48,,11,,[],Four Doors
515,0,2008-11-26 02:05:49,2009-01-07 00:00:00,,0,133,"<p>Part II of Jake's <em>A House on Stilts</em> trilogy: ""The difficult album recorded just after returning to Oregon. Some moments of transcendental pop beauty, some moments of my heart falling out through my feet and clattering. Like throwing a handful of seeds onto your garden, but you're not sure if the seeds are geraniums or cockleburrs."" (-via <a href=""http://www.tapemountain.com/cv.html"" target=""_blank"">Jake's Celesteville</a> page)</p>",2680,,[],Lingua Ignota,12,Album,,,Tape Mountain,"<p>Head of the DIY Tape Mountain CD-R label, the only constant member of Celesteville, and contributor to about 20 other music projects in and around Portland, Jake Anderson is an inspiringly ambitious fellow. He has been recording and releasing his own music since the sixth-grade, and clearly still loves his 4-track.</p>
<p><a href=""http://tapemountain.com/cv.html"" target=""_blank""><strong>Celesteville</strong></a> is Jake&rsquo;s ultra lo-fi solo project as of late. According to him, Celesteville has elements of &ldquo;indie-pop, ethnoforgery-folk, skronk-noise, delay-pedal-workout-drone, universal-rock, language-master-abuse, suburban-garage-punk, four-track-manipulation, etc.&rdquo; (-via Tommy E, at <a href=""http://blog.wfmu.org/freeform/2008/08/playin-free-in.html"" target=""_blank""><em>WFMU's Beware of the Blog!</em></a>)</p>",0,2008-11-26 02:03:27,4,98,45.5234515,"Portland, OR",-122.6762071,,Celesteville,"Gang Wizard, the Minor Thirds, Yuma Nora, Minmae, Bronwyn, the Taken Girls, Yak Ampersand, Yak Brigade",['celesteville'],http://www.tapemountain.com,,training,large,160000,0,,2008-11-26 02:03:19,2001-01-01 00:00:00,146,0,Rock,[27],"[27, 12]",,460,en,Attribution-NonCommercial-ShareAlike 3.0 International,120,,11,,[],Let's Climb a Mossy Hill
516,0,2008-11-26 02:06:03,2009-01-07 00:00:00,,0,136,"<p>Ancient and musty sounds from Jake's days in grad school in California, this is easily the darkest record on Tape Mountain.</p>",349,,[],Kohoutek,12,Album,,,Tape Mountain,"<p>Head of the DIY Tape Mountain CD-R label, the only constant member of Celesteville, and contributor to about 20 other music projects in and around Portland, Jake Anderson is an inspiringly ambitious fellow. He has been recording and releasing his own music since the sixth-grade, and clearly still loves his 4-track.</p>
<p><a href=""http://tapemountain.com/cv.html"" target=""_blank""><strong>Celesteville</strong></a> is Jake&rsquo;s ultra lo-fi solo project as of late. According to him, Celesteville has elements of &ldquo;indie-pop, ethnoforgery-folk, skronk-noise, delay-pedal-workout-drone, universal-rock, language-master-abuse, suburban-garage-punk, four-track-manipulation, etc.&rdquo; (-via Tommy E, at <a href=""http://blog.wfmu.org/freeform/2008/08/playin-free-in.html"" target=""_blank""><em>WFMU's Beware of the Blog!</em></a>)</p>",0,2008-11-26 02:03:27,4,98,45.5234515,"Portland, OR",-122.6762071,,Celesteville,"Gang Wizard, the Minor Thirds, Yuma Nora, Minmae, Bronwyn, the Taken Girls, Yak Ampersand, Yak Brigade",['celesteville'],http://www.tapemountain.com,,training,large,128000,0,,2008-11-26 02:03:21,,465,0,Rock,"[27, 66]","[66, 27, 12]",,308,en,Attribution-NonCommercial-ShareAlike 3.0 International,29,,12,,[],Kohoutek
517,0,2008-11-26 02:05:49,2009-01-07 00:00:00,,0,133,"<p>Part II of Jake's <em>A House on Stilts</em> trilogy: ""The difficult album recorded just after returning to Oregon. Some moments of transcendental pop beauty, some moments of my heart falling out through my feet and clattering. Like throwing a handful of seeds onto your garden, but you're not sure if the seeds are geraniums or cockleburrs."" (-via <a href=""http://www.tapemountain.com/cv.html"" target=""_blank"">Jake's Celesteville</a> page)</p>",2680,,[],Lingua Ignota,12,Album,,,Tape Mountain,"<p>Head of the DIY Tape Mountain CD-R label, the only constant member of Celesteville, and contributor to about 20 other music projects in and around Portland, Jake Anderson is an inspiringly ambitious fellow. He has been recording and releasing his own music since the sixth-grade, and clearly still loves his 4-track.</p>
<p><a href=""http://tapemountain.com/cv.html"" target=""_blank""><strong>Celesteville</strong></a> is Jake&rsquo;s ultra lo-fi solo project as of late. According to him, Celesteville has elements of &ldquo;indie-pop, ethnoforgery-folk, skronk-noise, delay-pedal-workout-drone, universal-rock, language-master-abuse, suburban-garage-punk, four-track-manipulation, etc.&rdquo; (-via Tommy E, at <a href=""http://blog.wfmu.org/freeform/2008/08/playin-free-in.html"" target=""_blank""><em>WFMU's Beware of the Blog!</em></a>)</p>",0,2008-11-26 02:03:27,4,98,45.5234515,"Portland, OR",-122.6762071,,Celesteville,"Gang Wizard, the Minor Thirds, Yuma Nora, Minmae, Bronwyn, the Taken Girls, Yak Ampersand, Yak Brigade",['celesteville'],http://www.tapemountain.com,,training,large,160000,0,,2008-11-26 02:03:23,2001-01-01 00:00:00,301,0,Rock,[27],"[27, 12]",,543,en,Attribution-NonCommercial-ShareAlike 3.0 International,94,,12,,[],Narcotic Effect On Bees
520,0,2008-11-26 02:07:29,2009-01-08 00:00:00,,0,140,"<p>A ""somewhere-between-4-track-and-digital"" collaboration between Celesteville/Jake Anderson and Bellevue, WA-based Luv(sic).</p>",1420,,[],Sing Like Birds,12,Album,,,Tape Mountain,"<p>Head of the DIY Tape Mountain CD-R label, the only constant member of Celesteville, and contributor to about 20 other music projects in and around Portland, Jake Anderson is an inspiringly ambitious fellow. He has been recording and releasing his own music since the sixth-grade, and clearly still loves his 4-track.</p>
<p><a href=""http://tapemountain.com/cv.html"" target=""_blank""><strong>Celesteville</strong></a> is Jake&rsquo;s ultra lo-fi solo project as of late. According to him, Celesteville has elements of &ldquo;indie-pop, ethnoforgery-folk, skronk-noise, delay-pedal-workout-drone, universal-rock, language-master-abuse, suburban-garage-punk, four-track-manipulation, etc.&rdquo; (-via Tommy E, at <a href=""http://blog.wfmu.org/freeform/2008/08/playin-free-in.html"" target=""_blank""><em>WFMU's Beware of the Blog!</em></a>)</p>",0,2008-11-26 02:03:27,4,98,45.5234515,"Portland, OR",-122.6762071,,Celesteville,"Gang Wizard, the Minor Thirds, Yuma Nora, Minmae, Bronwyn, the Taken Girls, Yak Ampersand, Yak Brigade",['celesteville'],http://www.tapemountain.com,,training,large,160000,0,,2008-11-26 02:03:28,2001-01-01 00:00:00,181,0,Rock,[12],[12],,305,en,Attribution-NonCommercial-ShareAlike 3.0 International,65,,1,,[],Invisible Tape
521,0,2008-11-26 02:07:29,2009-01-08 00:00:00,,0,140,"<p>A ""somewhere-between-4-track-and-digital"" collaboration between Celesteville/Jake Anderson and Bellevue, WA-based Luv(sic).</p>",1420,,[],Sing Like Birds,12,Album,,,Tape Mountain,"<p>Head of the DIY Tape Mountain CD-R label, the only constant member of Celesteville, and contributor to about 20 other music projects in and around Portland, Jake Anderson is an inspiringly ambitious fellow. He has been recording and releasing his own music since the sixth-grade, and clearly still loves his 4-track.</p>
<p><a href=""http://tapemountain.com/cv.html"" target=""_blank""><strong>Celesteville</strong></a> is Jake&rsquo;s ultra lo-fi solo project as of late. According to him, Celesteville has elements of &ldquo;indie-pop, ethnoforgery-folk, skronk-noise, delay-pedal-workout-drone, universal-rock, language-master-abuse, suburban-garage-punk, four-track-manipulation, etc.&rdquo; (-via Tommy E, at <a href=""http://blog.wfmu.org/freeform/2008/08/playin-free-in.html"" target=""_blank""><em>WFMU's Beware of the Blog!</em></a>)</p>",0,2008-11-26 02:03:27,4,98,45.5234515,"Portland, OR",-122.6762071,,Celesteville,"Gang Wizard, the Minor Thirds, Yuma Nora, Minmae, Bronwyn, the Taken Girls, Yak Ampersand, Yak Brigade",['celesteville'],http://www.tapemountain.com,,training,large,160000,0,,2008-11-26 02:03:30,2001-01-01 00:00:00,143,0,Rock,[12],[12],,518,en,Attribution-NonCommercial-ShareAlike 3.0 International,172,,2,,[],A River Frozen In Place
522,0,2008-11-26 02:07:29,2009-01-08 00:00:00,,0,140,"<p>A ""somewhere-between-4-track-and-digital"" collaboration between Celesteville/Jake Anderson and Bellevue, WA-based Luv(sic).</p>",1420,,[],Sing Like Birds,12,Album,,,Tape Mountain,"<p>Head of the DIY Tape Mountain CD-R label, the only constant member of Celesteville, and contributor to about 20 other music projects in and around Portland, Jake Anderson is an inspiringly ambitious fellow. He has been recording and releasing his own music since the sixth-grade, and clearly still loves his 4-track.</p>
<p><a href=""http://tapemountain.com/cv.html"" target=""_blank""><strong>Celesteville</strong></a> is Jake&rsquo;s ultra lo-fi solo project as of late. According to him, Celesteville has elements of &ldquo;indie-pop, ethnoforgery-folk, skronk-noise, delay-pedal-workout-drone, universal-rock, language-master-abuse, suburban-garage-punk, four-track-manipulation, etc.&rdquo; (-via Tommy E, at <a href=""http://blog.wfmu.org/freeform/2008/08/playin-free-in.html"" target=""_blank""><em>WFMU's Beware of the Blog!</em></a>)</p>",0,2008-11-26 02:03:27,4,98,45.5234515,"Portland, OR",-122.6762071,,Celesteville,"Gang Wizard, the Minor Thirds, Yuma Nora, Minmae, Bronwyn, the Taken Girls, Yak Ampersand, Yak Brigade",['celesteville'],http://www.tapemountain.com,,training,large,160000,0,,2008-11-26 02:03:32,2001-01-01 00:00:00,127,0,Rock,[12],[12],,316,en,Attribution-NonCommercial-ShareAlike 3.0 International,50,,3,,[],End Over End
523,0,2008-11-26 02:07:29,2009-01-08 00:00:00,,0,140,"<p>A ""somewhere-between-4-track-and-digital"" collaboration between Celesteville/Jake Anderson and Bellevue, WA-based Luv(sic).</p>",1420,,[],Sing Like Birds,12,Album,,,Tape Mountain,"<p>Head of the DIY Tape Mountain CD-R label, the only constant member of Celesteville, and contributor to about 20 other music projects in and around Portland, Jake Anderson is an inspiringly ambitious fellow. He has been recording and releasing his own music since the sixth-grade, and clearly still loves his 4-track.</p>
<p><a href=""http://tapemountain.com/cv.html"" target=""_blank""><strong>Celesteville</strong></a> is Jake&rsquo;s ultra lo-fi solo project as of late. According to him, Celesteville has elements of &ldquo;indie-pop, ethnoforgery-folk, skronk-noise, delay-pedal-workout-drone, universal-rock, language-master-abuse, suburban-garage-punk, four-track-manipulation, etc.&rdquo; (-via Tommy E, at <a href=""http://blog.wfmu.org/freeform/2008/08/playin-free-in.html"" target=""_blank""><em>WFMU's Beware of the Blog!</em></a>)</p>",0,2008-11-26 02:03:27,4,98,45.5234515,"Portland, OR",-122.6762071,,Celesteville,"Gang Wizard, the Minor Thirds, Yuma Nora, Minmae, Bronwyn, the Taken Girls, Yak Ampersand, Yak Brigade",['celesteville'],http://www.tapemountain.com,,training,large,160000,0,,2008-11-26 02:03:33,2001-01-01 00:00:00,149,1,Rock,[12],[12],,535,en,Attribution-NonCommercial-ShareAlike 3.0 International,201,,4,,[],Black Is the Color of My True Love's Mail
524,0,2008-11-26 02:07:29,2009-01-08 00:00:00,,0,140,"<p>A ""somewhere-between-4-track-and-digital"" collaboration between Celesteville/Jake Anderson and Bellevue, WA-based Luv(sic).</p>",1420,,[],Sing Like Birds,12,Album,,,Tape Mountain,"<p>Head of the DIY Tape Mountain CD-R label, the only constant member of Celesteville, and contributor to about 20 other music projects in and around Portland, Jake Anderson is an inspiringly ambitious fellow. He has been recording and releasing his own music since the sixth-grade, and clearly still loves his 4-track.</p>
<p><a href=""http://tapemountain.com/cv.html"" target=""_blank""><strong>Celesteville</strong></a> is Jake&rsquo;s ultra lo-fi solo project as of late. According to him, Celesteville has elements of &ldquo;indie-pop, ethnoforgery-folk, skronk-noise, delay-pedal-workout-drone, universal-rock, language-master-abuse, suburban-garage-punk, four-track-manipulation, etc.&rdquo; (-via Tommy E, at <a href=""http://blog.wfmu.org/freeform/2008/08/playin-free-in.html"" target=""_blank""><em>WFMU's Beware of the Blog!</em></a>)</p>",0,2008-11-26 02:03:27,4,98,45.5234515,"Portland, OR",-122.6762071,,Celesteville,"Gang Wizard, the Minor Thirds, Yuma Nora, Minmae, Bronwyn, the Taken Girls, Yak Ampersand, Yak Brigade",['celesteville'],http://www.tapemountain.com,,training,large,160000,0,,2008-11-26 02:03:34,2001-01-01 00:00:00,137,0,Rock,[12],[12],,429,en,Attribution-NonCommercial-ShareAlike 3.0 International,190,,5,,[],I Didn't Think the Oracle Was Talking to Me
525,0,2008-11-26 02:07:29,2009-01-08 00:00:00,,0,140,"<p>A ""somewhere-between-4-track-and-digital"" collaboration between Celesteville/Jake Anderson and Bellevue, WA-based Luv(sic).</p>",1420,,[],Sing Like Birds,12,Album,,,Tape Mountain,"<p>Head of the DIY Tape Mountain CD-R label, the only constant member of Celesteville, and contributor to about 20 other music projects in and around Portland, Jake Anderson is an inspiringly ambitious fellow. He has been recording and releasing his own music since the sixth-grade, and clearly still loves his 4-track.</p>
<p><a href=""http://tapemountain.com/cv.html"" target=""_blank""><strong>Celesteville</strong></a> is Jake&rsquo;s ultra lo-fi solo project as of late. According to him, Celesteville has elements of &ldquo;indie-pop, ethnoforgery-folk, skronk-noise, delay-pedal-workout-drone, universal-rock, language-master-abuse, suburban-garage-punk, four-track-manipulation, etc.&rdquo; (-via Tommy E, at <a href=""http://blog.wfmu.org/freeform/2008/08/playin-free-in.html"" target=""_blank""><em>WFMU's Beware of the Blog!</em></a>)</p>",0,2008-11-26 02:03:27,4,98,45.5234515,"Portland, OR",-122.6762071,,Celesteville,"Gang Wizard, the Minor Thirds, Yuma Nora, Minmae, Bronwyn, the Taken Girls, Yak Ampersand, Yak Brigade",['celesteville'],http://www.tapemountain.com,,training,large,160000,0,,2008-11-26 02:03:37,2001-01-01 00:00:00,195,0,Rock,[12],[12],,415,en,Attribution-NonCommercial-ShareAlike 3.0 International,112,,6,,[],I Have Not Spoken All Day
526,0,2008-11-26 02:07:29,2009-01-08 00:00:00,,0,140,"<p>A ""somewhere-between-4-track-and-digital"" collaboration between Celesteville/Jake Anderson and Bellevue, WA-based Luv(sic).</p>",1420,,[],Sing Like Birds,12,Album,,,Tape Mountain,"<p>Head of the DIY Tape Mountain CD-R label, the only constant member of Celesteville, and contributor to about 20 other music projects in and around Portland, Jake Anderson is an inspiringly ambitious fellow. He has been recording and releasing his own music since the sixth-grade, and clearly still loves his 4-track.</p>
<p><a href=""http://tapemountain.com/cv.html"" target=""_blank""><strong>Celesteville</strong></a> is Jake&rsquo;s ultra lo-fi solo project as of late. According to him, Celesteville has elements of &ldquo;indie-pop, ethnoforgery-folk, skronk-noise, delay-pedal-workout-drone, universal-rock, language-master-abuse, suburban-garage-punk, four-track-manipulation, etc.&rdquo; (-via Tommy E, at <a href=""http://blog.wfmu.org/freeform/2008/08/playin-free-in.html"" target=""_blank""><em>WFMU's Beware of the Blog!</em></a>)</p>",0,2008-11-26 02:03:27,4,98,45.5234515,"Portland, OR",-122.6762071,,Celesteville,"Gang Wizard, the Minor Thirds, Yuma Nora, Minmae, Bronwyn, the Taken Girls, Yak Ampersand, Yak Brigade",['celesteville'],http://www.tapemountain.com,,training,large,160000,0,,2008-11-26 02:03:38,2001-01-01 00:00:00,189,0,Rock,[12],[12],,665,en,Attribution-NonCommercial-ShareAlike 3.0 International,171,,7,,[],Do Not Talk
527,0,2008-11-26 02:07:29,2009-01-08 00:00:00,,0,140,"<p>A ""somewhere-between-4-track-and-digital"" collaboration between Celesteville/Jake Anderson and Bellevue, WA-based Luv(sic).</p>",1420,,[],Sing Like Birds,12,Album,,,Tape Mountain,"<p>Head of the DIY Tape Mountain CD-R label, the only constant member of Celesteville, and contributor to about 20 other music projects in and around Portland, Jake Anderson is an inspiringly ambitious fellow. He has been recording and releasing his own music since the sixth-grade, and clearly still loves his 4-track.</p>
<p><a href=""http://tapemountain.com/cv.html"" target=""_blank""><strong>Celesteville</strong></a> is Jake&rsquo;s ultra lo-fi solo project as of late. According to him, Celesteville has elements of &ldquo;indie-pop, ethnoforgery-folk, skronk-noise, delay-pedal-workout-drone, universal-rock, language-master-abuse, suburban-garage-punk, four-track-manipulation, etc.&rdquo; (-via Tommy E, at <a href=""http://blog.wfmu.org/freeform/2008/08/playin-free-in.html"" target=""_blank""><em>WFMU's Beware of the Blog!</em></a>)</p>",0,2008-11-26 02:03:27,4,98,45.5234515,"Portland, OR",-122.6762071,,Celesteville,"Gang Wizard, the Minor Thirds, Yuma Nora, Minmae, Bronwyn, the Taken Girls, Yak Ampersand, Yak Brigade",['celesteville'],http://www.tapemountain.com,,training,large,160000,0,,2008-11-26 02:03:39,2001-01-01 00:00:00,133,0,Rock,[12],[12],,313,en,Attribution-NonCommercial-ShareAlike 3.0 International,85,,8,,[],For Jake Erdmann Et Al.
528,0,2008-11-26 02:07:29,2009-01-08 00:00:00,,0,140,"<p>A ""somewhere-between-4-track-and-digital"" collaboration between Celesteville/Jake Anderson and Bellevue, WA-based Luv(sic).</p>",1420,,[],Sing Like Birds,12,Album,,,Tape Mountain,"<p>Head of the DIY Tape Mountain CD-R label, the only constant member of Celesteville, and contributor to about 20 other music projects in and around Portland, Jake Anderson is an inspiringly ambitious fellow. He has been recording and releasing his own music since the sixth-grade, and clearly still loves his 4-track.</p>
<p><a href=""http://tapemountain.com/cv.html"" target=""_blank""><strong>Celesteville</strong></a> is Jake&rsquo;s ultra lo-fi solo project as of late. According to him, Celesteville has elements of &ldquo;indie-pop, ethnoforgery-folk, skronk-noise, delay-pedal-workout-drone, universal-rock, language-master-abuse, suburban-garage-punk, four-track-manipulation, etc.&rdquo; (-via Tommy E, at <a href=""http://blog.wfmu.org/freeform/2008/08/playin-free-in.html"" target=""_blank""><em>WFMU's Beware of the Blog!</em></a>)</p>",0,2008-11-26 02:03:27,4,98,45.5234515,"Portland, OR",-122.6762071,,Celesteville,"Gang Wizard, the Minor Thirds, Yuma Nora, Minmae, Bronwyn, the Taken Girls, Yak Ampersand, Yak Brigade",['celesteville'],http://www.tapemountain.com,,training,large,160000,0,,2008-11-26 02:03:42,2001-01-01 00:00:00,146,0,Rock,[12],[12],,384,en,Attribution-NonCommercial-ShareAlike 3.0 International,59,,9,,[],An Odd Number of Stairs
529,0,2008-11-26 02:07:29,2009-01-08 00:00:00,,0,140,"<p>A ""somewhere-between-4-track-and-digital"" collaboration between Celesteville/Jake Anderson and Bellevue, WA-based Luv(sic).</p>",1420,,[],Sing Like Birds,12,Album,,,Tape Mountain,"<p>Head of the DIY Tape Mountain CD-R label, the only constant member of Celesteville, and contributor to about 20 other music projects in and around Portland, Jake Anderson is an inspiringly ambitious fellow. He has been recording and releasing his own music since the sixth-grade, and clearly still loves his 4-track.</p>
<p><a href=""http://tapemountain.com/cv.html"" target=""_blank""><strong>Celesteville</strong></a> is Jake&rsquo;s ultra lo-fi solo project as of late. According to him, Celesteville has elements of &ldquo;indie-pop, ethnoforgery-folk, skronk-noise, delay-pedal-workout-drone, universal-rock, language-master-abuse, suburban-garage-punk, four-track-manipulation, etc.&rdquo; (-via Tommy E, at <a href=""http://blog.wfmu.org/freeform/2008/08/playin-free-in.html"" target=""_blank""><em>WFMU's Beware of the Blog!</em></a>)</p>",0,2008-11-26 02:03:27,4,98,45.5234515,"Portland, OR",-122.6762071,,Celesteville,"Gang Wizard, the Minor Thirds, Yuma Nora, Minmae, Bronwyn, the Taken Girls, Yak Ampersand, Yak Brigade",['celesteville'],http://www.tapemountain.com,,training,large,160000,0,,2008-11-26 02:03:43,2001-01-01 00:00:00,99,0,Rock,[12],[12],,734,en,Attribution-NonCommercial-ShareAlike 3.0 International,169,,10,,[],For the Dishroom at Meridian Park Hospital
530,0,2008-11-26 02:07:29,2009-01-08 00:00:00,,0,140,"<p>A ""somewhere-between-4-track-and-digital"" collaboration between Celesteville/Jake Anderson and Bellevue, WA-based Luv(sic).</p>",1420,,[],Sing Like Birds,12,Album,,,Tape Mountain,"<p>Head of the DIY Tape Mountain CD-R label, the only constant member of Celesteville, and contributor to about 20 other music projects in and around Portland, Jake Anderson is an inspiringly ambitious fellow. He has been recording and releasing his own music since the sixth-grade, and clearly still loves his 4-track.</p>
<p><a href=""http://tapemountain.com/cv.html"" target=""_blank""><strong>Celesteville</strong></a> is Jake&rsquo;s ultra lo-fi solo project as of late. According to him, Celesteville has elements of &ldquo;indie-pop, ethnoforgery-folk, skronk-noise, delay-pedal-workout-drone, universal-rock, language-master-abuse, suburban-garage-punk, four-track-manipulation, etc.&rdquo; (-via Tommy E, at <a href=""http://blog.wfmu.org/freeform/2008/08/playin-free-in.html"" target=""_blank""><em>WFMU's Beware of the Blog!</em></a>)</p>",0,2008-11-26 02:03:27,4,98,45.5234515,"Portland, OR",-122.6762071,,Celesteville,"Gang Wizard, the Minor Thirds, Yuma Nora, Minmae, Bronwyn, the Taken Girls, Yak Ampersand, Yak Brigade",['celesteville'],http://www.tapemountain.com,,training,large,160000,0,,2008-11-26 02:03:44,2001-01-01 00:00:00,169,0,Rock,[12],[12],,408,en,Attribution-NonCommercial-ShareAlike 3.0 International,58,,11,,[],White Satin Bed
531,0,2008-11-26 02:07:29,2009-01-08 00:00:00,,0,140,"<p>A ""somewhere-between-4-track-and-digital"" collaboration between Celesteville/Jake Anderson and Bellevue, WA-based Luv(sic).</p>",1420,,[],Sing Like Birds,12,Album,,,Tape Mountain,"<p>Head of the DIY Tape Mountain CD-R label, the only constant member of Celesteville, and contributor to about 20 other music projects in and around Portland, Jake Anderson is an inspiringly ambitious fellow. He has been recording and releasing his own music since the sixth-grade, and clearly still loves his 4-track.</p>
<p><a href=""http://tapemountain.com/cv.html"" target=""_blank""><strong>Celesteville</strong></a> is Jake&rsquo;s ultra lo-fi solo project as of late. According to him, Celesteville has elements of &ldquo;indie-pop, ethnoforgery-folk, skronk-noise, delay-pedal-workout-drone, universal-rock, language-master-abuse, suburban-garage-punk, four-track-manipulation, etc.&rdquo; (-via Tommy E, at <a href=""http://blog.wfmu.org/freeform/2008/08/playin-free-in.html"" target=""_blank""><em>WFMU's Beware of the Blog!</em></a>)</p>",0,2008-11-26 02:03:27,4,98,45.5234515,"Portland, OR",-122.6762071,,Celesteville,"Gang Wizard, the Minor Thirds, Yuma Nora, Minmae, Bronwyn, the Taken Girls, Yak Ampersand, Yak Brigade",['celesteville'],http://www.tapemountain.com,,training,large,160000,0,,2008-11-26 02:03:46,2001-01-01 00:00:00,211,0,Rock,[12],[12],,416,en,Attribution-NonCommercial-ShareAlike 3.0 International,109,,12,,[],"Night Air, Portland"
532,0,2008-11-26 02:07:45,2008-09-15 00:00:00,,1,141,"<p><span class=""heavyhead"">Pristine abstract electronic funk featuring Dan Jugle, Scott McGaughey, Harry Brenner, Cameron Brand, and Chris Kalis. McGaughey plays in the 18-piece <a href=""http://www.myspace.com/bronzechicago"">Bronze</a>. Brenner and Brand play in <a href=""http://www.myspace.com/killerwhalesmusic"">The Killer Whales</a>. Kalis co-runs</span> Chicago's <a href=""http://obeyyourbrain.com/"">Obey Your Brain</a> label along with Griffin/Blue Hawaii/Tombstone G of <a href=""http://obeyyourbrain.com/icydemons.php"">Icy Demons</a>  (formerly of Need New Body and Bablicon). Obey Your Brain's just getting started, but it sounds like they have neat stuff in store from all of these artists, including the Chandliers' debut album <em>The Thrush</em> this fall.</p>
<p> </p>
<p>released on Pickled Egg in the UK</p>",564,,[],The Thrush,2,Album,2004-01-01 00:00:00,,"Captcha Records (HBSP-2X), Pickled Egg (Europe)","<p><span style=""font-family:Verdana, Geneva, Arial;font-size:xx-small;"">Chandeliers drink the same Chicagoland water that hydrates fellow hyperrhythmic abstract electronic pop groups like Mahjongg and Lazer Crystal. This water turns the vibraphone of late-90s Chicago post-rock into a synth, and adds a phat trigger to every drum. Chandeliers' debut album <em>The Thrush</em> was recently released on Pickled Egg (UK), and on the group's own Obey Your Brain imprint (co-run by Griffin of Icy Demons, also home to Man Man and Need New Body). - Jason Sigal 2008</span></p>
<p><span style=""font-family:arial, sans-serif;font-size:13px;border-collapse:collapse;""><em>""A  cut from the lost Zapp album that was produced by Chris Carter, ‘Whip  the Gift’ is ethereal, mournful robo-soul at its ghost-in-the-shell  finest... it is surely a beauteous thing indeed. But it is not all  machine-grievance, the Chandeliers part of the EP also contains the  guaranteed boogie-splice euphoria of ‘Sugarscoop’ – which is not leaving  20JFG’s bone encrusted DJ box for the foreseeable future."" - <strong>20jazzfunkgreats music blog</strong>. </em></span></p>",1,2008-11-26 02:05:22,8,100,41.8781136,"Chicago, IL",-87.6297982,"Chris Kalis, Harry Brenner, Scott McGaughey, Brett Sova, Cameron Brand",Chandeliers,"Killer Whales, 
Michael Columbia
Mandate
Mr666
",['chandeliers'],thechandeliers.com,,training,large,256000,0,,2008-11-26 02:03:48,2008-04-14 00:00:00,168,2,Electronic,[15],[15],,533,en,Attribution-Noncommercial-Share Alike 3.0 United States,225,,5,,[],Big League
533,0,2008-11-26 02:07:45,2008-09-15 00:00:00,,1,141,"<p><span class=""heavyhead"">Pristine abstract electronic funk featuring Dan Jugle, Scott McGaughey, Harry Brenner, Cameron Brand, and Chris Kalis. McGaughey plays in the 18-piece <a href=""http://www.myspace.com/bronzechicago"">Bronze</a>. Brenner and Brand play in <a href=""http://www.myspace.com/killerwhalesmusic"">The Killer Whales</a>. Kalis co-runs</span> Chicago's <a href=""http://obeyyourbrain.com/"">Obey Your Brain</a> label along with Griffin/Blue Hawaii/Tombstone G of <a href=""http://obeyyourbrain.com/icydemons.php"">Icy Demons</a>  (formerly of Need New Body and Bablicon). Obey Your Brain's just getting started, but it sounds like they have neat stuff in store from all of these artists, including the Chandliers' debut album <em>The Thrush</em> this fall.</p>
<p> </p>
<p>released on Pickled Egg in the UK</p>",564,,[],The Thrush,2,Album,2004-01-01 00:00:00,,"Captcha Records (HBSP-2X), Pickled Egg (Europe)","<p><span style=""font-family:Verdana, Geneva, Arial;font-size:xx-small;"">Chandeliers drink the same Chicagoland water that hydrates fellow hyperrhythmic abstract electronic pop groups like Mahjongg and Lazer Crystal. This water turns the vibraphone of late-90s Chicago post-rock into a synth, and adds a phat trigger to every drum. Chandeliers' debut album <em>The Thrush</em> was recently released on Pickled Egg (UK), and on the group's own Obey Your Brain imprint (co-run by Griffin of Icy Demons, also home to Man Man and Need New Body). - Jason Sigal 2008</span></p>
<p><span style=""font-family:arial, sans-serif;font-size:13px;border-collapse:collapse;""><em>""A  cut from the lost Zapp album that was produced by Chris Carter, ‘Whip  the Gift’ is ethereal, mournful robo-soul at its ghost-in-the-shell  finest... it is surely a beauteous thing indeed. But it is not all  machine-grievance, the Chandeliers part of the EP also contains the  guaranteed boogie-splice euphoria of ‘Sugarscoop’ – which is not leaving  20JFG’s bone encrusted DJ box for the foreseeable future."" - <strong>20jazzfunkgreats music blog</strong>. </em></span></p>",1,2008-11-26 02:05:22,8,100,41.8781136,"Chicago, IL",-87.6297982,"Chris Kalis, Harry Brenner, Scott McGaughey, Brett Sova, Cameron Brand",Chandeliers,"Killer Whales, 
Michael Columbia
Mandate
Mr666
",['chandeliers'],thechandeliers.com,,training,large,256000,1,,2008-11-26 02:03:50,2008-04-14 00:00:00,191,4,Electronic,[15],[15],,1185,en,Attribution-Noncommercial-Share Alike 3.0 United States,341,,3,,[],Mango Tree
534,0,2008-11-26 02:07:50,2009-01-14 00:00:00,,2,142,"<p>Yes, that Charles Manson.&nbsp; Recorded by Manson in San Quentin in 2005 on a portable tape recorder.</p>
<p>artwork by Charles Manson.</p>",4681,,[],One Mind,16,Album,,,,"<p>Sure, there was some crazy and a mind-altering drug or two operative in the Tate murders, but there was also a method to Charlie's madness.&nbsp; Roman and Sharon had rented the house where the murders occurred from former Byrds producer, Terry Melcher.&nbsp; Dennis Wilson had introduced Manson and Melcher, trying to set up a record deal.&nbsp; Melcher declined, Manson became enraged, and we all know what happens next.</p>",0,2008-11-26 02:05:27,9,101,37.9402716,San Qunetin,-122.4875593,,Charles Manson,,['charles manson'],http://www.charliemanson.com/,,training,small,128000,0,,2008-11-26 02:03:52,2008-11-26 00:00:00,80,3,Folk,[17],[17],,1875,en,Attribution-Noncommercial-Share Alike 3.0 United States,614,,1,,[],I Can See You
535,0,2008-11-26 02:07:50,2009-01-14 00:00:00,,2,142,"<p>Yes, that Charles Manson.&nbsp; Recorded by Manson in San Quentin in 2005 on a portable tape recorder.</p>
<p>artwork by Charles Manson.</p>",4681,,[],One Mind,16,Album,,,,"<p>Sure, there was some crazy and a mind-altering drug or two operative in the Tate murders, but there was also a method to Charlie's madness.&nbsp; Roman and Sharon had rented the house where the murders occurred from former Byrds producer, Terry Melcher.&nbsp; Dennis Wilson had introduced Manson and Melcher, trying to set up a record deal.&nbsp; Melcher declined, Manson became enraged, and we all know what happens next.</p>",0,2008-11-26 02:05:27,9,101,37.9402716,San Qunetin,-122.4875593,,Charles Manson,,['charles manson'],http://www.charliemanson.com/,,training,medium,128000,1,,2008-11-26 02:03:54,2008-11-26 00:00:00,160,1,Folk,[17],[17],,954,en,Attribution-Noncommercial-Share Alike 3.0 United States,397,,2,,[],Angels Fear To Tread
536,0,2008-11-26 02:07:50,2009-01-14 00:00:00,,2,142,"<p>Yes, that Charles Manson.&nbsp; Recorded by Manson in San Quentin in 2005 on a portable tape recorder.</p>
<p>artwork by Charles Manson.</p>",4681,,[],One Mind,16,Album,,,,"<p>Sure, there was some crazy and a mind-altering drug or two operative in the Tate murders, but there was also a method to Charlie's madness.&nbsp; Roman and Sharon had rented the house where the murders occurred from former Byrds producer, Terry Melcher.&nbsp; Dennis Wilson had introduced Manson and Melcher, trying to set up a record deal.&nbsp; Melcher declined, Manson became enraged, and we all know what happens next.</p>",0,2008-11-26 02:05:27,9,101,37.9402716,San Qunetin,-122.4875593,,Charles Manson,,['charles manson'],http://www.charliemanson.com/,,training,medium,128000,0,,2008-11-26 02:03:55,2008-11-26 00:00:00,304,1,Folk,[17],[17],,843,en,Attribution-Noncommercial-Share Alike 3.0 United States,336,,3,,[],Riding On Your Fears
537,0,2008-11-26 02:07:50,2009-01-14 00:00:00,,2,142,"<p>Yes, that Charles Manson.&nbsp; Recorded by Manson in San Quentin in 2005 on a portable tape recorder.</p>
<p>artwork by Charles Manson.</p>",4681,,[],One Mind,16,Album,,,,"<p>Sure, there was some crazy and a mind-altering drug or two operative in the Tate murders, but there was also a method to Charlie's madness.&nbsp; Roman and Sharon had rented the house where the murders occurred from former Byrds producer, Terry Melcher.&nbsp; Dennis Wilson had introduced Manson and Melcher, trying to set up a record deal.&nbsp; Melcher declined, Manson became enraged, and we all know what happens next.</p>",0,2008-11-26 02:05:27,9,101,37.9402716,San Qunetin,-122.4875593,,Charles Manson,,['charles manson'],http://www.charliemanson.com/,,training,medium,128000,0,,2008-11-26 02:03:57,2008-11-26 00:00:00,406,0,Folk,[17],[17],,911,en,Attribution-Noncommercial-Share Alike 3.0 United States,367,,4,,[],I Don't Need Water Sprinklers In The Desert
538,0,2008-11-26 02:07:50,2009-01-14 00:00:00,,2,142,"<p>Yes, that Charles Manson.&nbsp; Recorded by Manson in San Quentin in 2005 on a portable tape recorder.</p>
<p>artwork by Charles Manson.</p>",4681,,[],One Mind,16,Album,,,,"<p>Sure, there was some crazy and a mind-altering drug or two operative in the Tate murders, but there was also a method to Charlie's madness.&nbsp; Roman and Sharon had rented the house where the murders occurred from former Byrds producer, Terry Melcher.&nbsp; Dennis Wilson had introduced Manson and Melcher, trying to set up a record deal.&nbsp; Melcher declined, Manson became enraged, and we all know what happens next.</p>",0,2008-11-26 02:05:27,9,101,37.9402716,San Qunetin,-122.4875593,,Charles Manson,,['charles manson'],http://www.charliemanson.com/,,training,large,128000,0,,2008-11-26 02:04:00,2008-11-26 00:00:00,204,0,Folk,[17],[17],,845,en,Attribution-Noncommercial-Share Alike 3.0 United States,223,,5,,[],Your Magic Motion
539,0,2008-11-26 02:07:50,2009-01-14 00:00:00,,2,142,"<p>Yes, that Charles Manson.&nbsp; Recorded by Manson in San Quentin in 2005 on a portable tape recorder.</p>
<p>artwork by Charles Manson.</p>",4681,,[],One Mind,16,Album,,,,"<p>Sure, there was some crazy and a mind-altering drug or two operative in the Tate murders, but there was also a method to Charlie's madness.&nbsp; Roman and Sharon had rented the house where the murders occurred from former Byrds producer, Terry Melcher.&nbsp; Dennis Wilson had introduced Manson and Melcher, trying to set up a record deal.&nbsp; Melcher declined, Manson became enraged, and we all know what happens next.</p>",0,2008-11-26 02:05:27,9,101,37.9402716,San Qunetin,-122.4875593,,Charles Manson,,['charles manson'],http://www.charliemanson.com/,,training,large,128000,0,,2008-11-26 02:04:02,2008-11-26 00:00:00,149,2,Folk,[17],[17],,675,en,Attribution-Noncommercial-Share Alike 3.0 United States,128,,6,,[],Whoever You Are
540,0,2008-11-26 02:07:50,2009-01-14 00:00:00,,2,142,"<p>Yes, that Charles Manson.&nbsp; Recorded by Manson in San Quentin in 2005 on a portable tape recorder.</p>
<p>artwork by Charles Manson.</p>",4681,,[],One Mind,16,Album,,,,"<p>Sure, there was some crazy and a mind-altering drug or two operative in the Tate murders, but there was also a method to Charlie's madness.&nbsp; Roman and Sharon had rented the house where the murders occurred from former Byrds producer, Terry Melcher.&nbsp; Dennis Wilson had introduced Manson and Melcher, trying to set up a record deal.&nbsp; Melcher declined, Manson became enraged, and we all know what happens next.</p>",0,2008-11-26 02:05:27,9,101,37.9402716,San Qunetin,-122.4875593,,Charles Manson,,['charles manson'],http://www.charliemanson.com/,,training,small,128000,0,,2008-11-26 02:04:03,2008-11-26 00:00:00,309,3,Folk,[17],[17],,1757,en,Attribution-Noncommercial-Share Alike 3.0 United States,835,,7,,[],The Black Pirate
541,0,2008-11-26 02:07:50,2009-01-14 00:00:00,,2,142,"<p>Yes, that Charles Manson.&nbsp; Recorded by Manson in San Quentin in 2005 on a portable tape recorder.</p>
<p>artwork by Charles Manson.</p>",4681,,[],One Mind,16,Album,,,,"<p>Sure, there was some crazy and a mind-altering drug or two operative in the Tate murders, but there was also a method to Charlie's madness.&nbsp; Roman and Sharon had rented the house where the murders occurred from former Byrds producer, Terry Melcher.&nbsp; Dennis Wilson had introduced Manson and Melcher, trying to set up a record deal.&nbsp; Melcher declined, Manson became enraged, and we all know what happens next.</p>",0,2008-11-26 02:05:27,9,101,37.9402716,San Qunetin,-122.4875593,,Charles Manson,,['charles manson'],http://www.charliemanson.com/,,training,large,128000,0,,2008-11-26 02:04:06,2008-11-26 00:00:00,370,1,Folk,[17],[17],,800,en,Attribution-Noncommercial-Share Alike 3.0 United States,113,,8,,[],So We Go Again
542,0,2008-11-26 02:07:50,2009-01-14 00:00:00,,2,142,"<p>Yes, that Charles Manson.&nbsp; Recorded by Manson in San Quentin in 2005 on a portable tape recorder.</p>
<p>artwork by Charles Manson.</p>",4681,,[],One Mind,16,Album,,,,"<p>Sure, there was some crazy and a mind-altering drug or two operative in the Tate murders, but there was also a method to Charlie's madness.&nbsp; Roman and Sharon had rented the house where the murders occurred from former Byrds producer, Terry Melcher.&nbsp; Dennis Wilson had introduced Manson and Melcher, trying to set up a record deal.&nbsp; Melcher declined, Manson became enraged, and we all know what happens next.</p>",0,2008-11-26 02:05:27,9,101,37.9402716,San Qunetin,-122.4875593,,Charles Manson,,['charles manson'],http://www.charliemanson.com/,,training,large,128000,0,,2008-11-26 02:04:08,2008-11-26 00:00:00,487,0,Folk,[17],[17],,738,en,Attribution-Noncommercial-Share Alike 3.0 United States,126,,9,,[],Self Is Eternal (What Our World Will Be)
543,0,2008-11-26 02:07:50,2009-01-14 00:00:00,,2,142,"<p>Yes, that Charles Manson.&nbsp; Recorded by Manson in San Quentin in 2005 on a portable tape recorder.</p>
<p>artwork by Charles Manson.</p>",4681,,[],One Mind,16,Album,,,,"<p>Sure, there was some crazy and a mind-altering drug or two operative in the Tate murders, but there was also a method to Charlie's madness.&nbsp; Roman and Sharon had rented the house where the murders occurred from former Byrds producer, Terry Melcher.&nbsp; Dennis Wilson had introduced Manson and Melcher, trying to set up a record deal.&nbsp; Melcher declined, Manson became enraged, and we all know what happens next.</p>",0,2008-11-26 02:05:27,9,101,37.9402716,San Qunetin,-122.4875593,,Charles Manson,,['charles manson'],http://www.charliemanson.com/,,training,large,128000,0,,2008-11-26 02:04:11,2008-11-26 00:00:00,103,0,Folk,[17],[17],,715,en,Attribution-Noncommercial-Share Alike 3.0 United States,88,,10,,[],Sometimes It Works Just Right
544,0,2008-11-26 02:07:50,2009-01-14 00:00:00,,2,142,"<p>Yes, that Charles Manson.&nbsp; Recorded by Manson in San Quentin in 2005 on a portable tape recorder.</p>
<p>artwork by Charles Manson.</p>",4681,,[],One Mind,16,Album,,,,"<p>Sure, there was some crazy and a mind-altering drug or two operative in the Tate murders, but there was also a method to Charlie's madness.&nbsp; Roman and Sharon had rented the house where the murders occurred from former Byrds producer, Terry Melcher.&nbsp; Dennis Wilson had introduced Manson and Melcher, trying to set up a record deal.&nbsp; Melcher declined, Manson became enraged, and we all know what happens next.</p>",0,2008-11-26 02:05:27,9,101,37.9402716,San Qunetin,-122.4875593,,Charles Manson,,['charles manson'],http://www.charliemanson.com/,,training,large,128000,0,,2008-11-26 02:04:12,2008-11-26 00:00:00,773,2,Folk,[17],[17],,855,en,Attribution-Noncommercial-Share Alike 3.0 United States,213,,11,,[],Sweet Words
545,0,2008-11-26 02:07:50,2009-01-14 00:00:00,,2,142,"<p>Yes, that Charles Manson.&nbsp; Recorded by Manson in San Quentin in 2005 on a portable tape recorder.</p>
<p>artwork by Charles Manson.</p>",4681,,[],One Mind,16,Album,,,,"<p>Sure, there was some crazy and a mind-altering drug or two operative in the Tate murders, but there was also a method to Charlie's madness.&nbsp; Roman and Sharon had rented the house where the murders occurred from former Byrds producer, Terry Melcher.&nbsp; Dennis Wilson had introduced Manson and Melcher, trying to set up a record deal.&nbsp; Melcher declined, Manson became enraged, and we all know what happens next.</p>",0,2008-11-26 02:05:27,9,101,37.9402716,San Qunetin,-122.4875593,,Charles Manson,,['charles manson'],http://www.charliemanson.com/,,training,large,128000,0,,2008-11-26 02:04:17,2008-11-26 00:00:00,242,0,Folk,[17],[17],,532,en,Attribution-Noncommercial-Share Alike 3.0 United States,64,,12,,[],Interpretations
546,0,2008-11-26 02:07:50,2009-01-14 00:00:00,,2,142,"<p>Yes, that Charles Manson.&nbsp; Recorded by Manson in San Quentin in 2005 on a portable tape recorder.</p>
<p>artwork by Charles Manson.</p>",4681,,[],One Mind,16,Album,,,,"<p>Sure, there was some crazy and a mind-altering drug or two operative in the Tate murders, but there was also a method to Charlie's madness.&nbsp; Roman and Sharon had rented the house where the murders occurred from former Byrds producer, Terry Melcher.&nbsp; Dennis Wilson had introduced Manson and Melcher, trying to set up a record deal.&nbsp; Melcher declined, Manson became enraged, and we all know what happens next.</p>",0,2008-11-26 02:05:27,9,101,37.9402716,San Qunetin,-122.4875593,,Charles Manson,,['charles manson'],http://www.charliemanson.com/,,training,small,128000,0,,2008-11-26 02:04:18,2008-11-26 00:00:00,319,1,Folk,[17],[17],,1826,en,Attribution-Noncommercial-Share Alike 3.0 United States,741,,13,,[],If You Have No One
547,0,2008-11-26 02:07:50,2009-01-14 00:00:00,,2,142,"<p>Yes, that Charles Manson.&nbsp; Recorded by Manson in San Quentin in 2005 on a portable tape recorder.</p>
<p>artwork by Charles Manson.</p>",4681,,[],One Mind,16,Album,,,,"<p>Sure, there was some crazy and a mind-altering drug or two operative in the Tate murders, but there was also a method to Charlie's madness.&nbsp; Roman and Sharon had rented the house where the murders occurred from former Byrds producer, Terry Melcher.&nbsp; Dennis Wilson had introduced Manson and Melcher, trying to set up a record deal.&nbsp; Melcher declined, Manson became enraged, and we all know what happens next.</p>",0,2008-11-26 02:05:27,9,101,37.9402716,San Qunetin,-122.4875593,,Charles Manson,,['charles manson'],http://www.charliemanson.com/,,training,large,128000,0,,2008-11-26 02:04:20,2008-11-26 00:00:00,248,0,Folk,[17],[17],,670,en,Attribution-Noncommercial-Share Alike 3.0 United States,100,,14,,[],I Keep On Wondering (Interrupted)
548,0,2008-11-26 02:07:50,2009-01-14 00:00:00,,2,142,"<p>Yes, that Charles Manson.&nbsp; Recorded by Manson in San Quentin in 2005 on a portable tape recorder.</p>
<p>artwork by Charles Manson.</p>",4681,,[],One Mind,16,Album,,,,"<p>Sure, there was some crazy and a mind-altering drug or two operative in the Tate murders, but there was also a method to Charlie's madness.&nbsp; Roman and Sharon had rented the house where the murders occurred from former Byrds producer, Terry Melcher.&nbsp; Dennis Wilson had introduced Manson and Melcher, trying to set up a record deal.&nbsp; Melcher declined, Manson became enraged, and we all know what happens next.</p>",0,2008-11-26 02:05:27,9,101,37.9402716,San Qunetin,-122.4875593,,Charles Manson,,['charles manson'],http://www.charliemanson.com/,,training,large,128000,0,,2008-11-26 02:04:23,2008-11-26 00:00:00,235,2,Folk,[17],[17],,536,en,Attribution-Noncommercial-Share Alike 3.0 United States,119,,15,,[],1967- Mac Brother
549,0,2008-11-26 02:07:50,2009-01-14 00:00:00,,2,142,"<p>Yes, that Charles Manson.&nbsp; Recorded by Manson in San Quentin in 2005 on a portable tape recorder.</p>
<p>artwork by Charles Manson.</p>",4681,,[],One Mind,16,Album,,,,"<p>Sure, there was some crazy and a mind-altering drug or two operative in the Tate murders, but there was also a method to Charlie's madness.&nbsp; Roman and Sharon had rented the house where the murders occurred from former Byrds producer, Terry Melcher.&nbsp; Dennis Wilson had introduced Manson and Melcher, trying to set up a record deal.&nbsp; Melcher declined, Manson became enraged, and we all know what happens next.</p>",0,2008-11-26 02:05:27,9,101,37.9402716,San Qunetin,-122.4875593,,Charles Manson,,['charles manson'],http://www.charliemanson.com/,,training,large,128000,0,,2008-11-26 02:04:24,2008-11-26 00:00:00,155,0,Folk,[17],[17],,939,en,Attribution-Noncommercial-Share Alike 3.0 United States,290,,16,,[],"Venice, CA"
550,0,2008-11-26 02:08:19,2009-01-08 00:00:00,,0,143,,2918,,[],Unreleased,6,Album,,,Ironmilitis,"<p>Bringing out some of the best in the multinational/transcontinental dj conversation vein, Chief Boima has electrified the e-waves recently with several <a id=""ohqz"" title=""mixetapes"" href=""http://ironmilitis.com/tapes.html"">mixtapes</a> featuring his patent mix of African coupe-decale, highlife, and relentless up-to-date-ness in the dj mix format. He's currently riding a dj residency at <a href=""http://www.littlebaobab.com/"">Little Baobab</a> in the Mission/Hill district as well as promoting his own monthly party: The Highlife. Also, he produces tracks under the collective moniker <a id=""tbvy"" title=""Banana Clipz"" href=""http://www.myspace.com/bananaclipzzz"">Banana Clipz</a> with Oro 11, Zurita, and Brooklyn's Uproot Andy. To top it off, he plays cello in the instrumental <a href=""http://www.beatenbythem.com/"">Beaten By Them,</a> whose newest record is available from Thrill Jockey. Catch him writing at <a title=""Sherbro Son"" href=""http://chiefboima.com/"">Sherbro Son</a> as well as <a id=""yb_j"" title=""Ghetto Bassquake"" href=""http://ghettobassquake.blogspot.com/"">Ghetto Bassquake</a>. (via Dylan Going at <a href=""http://blog.wfmu.org/freeform/2008/11/free-music-arch.html""><em>WFMU's Beware of the Blog!</em></a>)</p>
<p><a href=""http://flickr.com/photos/racingmix/1765087414/"">photo</a> via Flickr user <a href=""http://flickr.com/photos/racingmix/"">RACINGMIX</a> <a href=""http://creativecommons.org/licenses/by-nc-sa/2.0/deed.en"">Some Rights Reserved</a></p>",0,2008-11-26 02:05:56,0,102,37.7749295,"San Francisco, CA",-122.4194155,,Chief Boima,Beaten By Them,"['san francisco', 'chief boima']",http://chiefboima.com,,training,medium,320000,0,,2008-11-26 02:04:26,,272,5,Electronic,[15],[15],,2933,en,Attribution-NonCommercial-NoDerivatives (aka Music Sharing) 3.0 International,2632,,0,,[],Cello Duet No. 1
554,-1,,,,-1,147,,-1,,[],Crikey,-1,,1990-01-01 00:00:00,2011-01-01 00:00:00,,"<p>Songs written by: Nicky Cook</p>
<p>VOCALS, CAJON AND TABLA+ UKELELE</p>",2,2008-11-26 01:42:52,10,4,51.895927,Colchester England,0.891874,"Nicky Cook
",Nicky Cook,,"['instrumentals', 'experimental pop', 'post punk', 'experimental rock', 'soundtracks', 'lo fi', 'nicky', 'impro', 'cook', 'nicky andrews', 'ukelele', 'nicky cook', 'singer songwriter', 'tabla']",,,training,large,256000,0,,2008-11-26 02:04:41,2008-11-26 00:00:00,135,0,,"[76, 103]","[17, 10, 76, 103]",,1256,en,Attribution-NonCommercial-NoDerivatives (aka Music Sharing) 3.0 International,724,,1,,[],Disturbed
555,-1,,,,-1,147,,-1,,[],Crikey,-1,,1990-01-01 00:00:00,2011-01-01 00:00:00,,"<p>Songs written by: Nicky Cook</p>
<p>VOCALS, CAJON AND TABLA+ UKELELE</p>",2,2008-11-26 01:42:52,10,4,51.895927,Colchester England,0.891874,"Nicky Cook
",Nicky Cook,,"['instrumentals', 'experimental pop', 'post punk', 'experimental rock', 'soundtracks', 'lo fi', 'nicky', 'impro', 'cook', 'nicky andrews', 'ukelele', 'nicky cook', 'singer songwriter', 'tabla']",,,training,large,256000,0,,2008-11-26 02:04:43,2008-11-26 00:00:00,234,0,,"[76, 103]","[17, 10, 76, 103]",,193,en,Attribution-NonCommercial-NoDerivatives (aka Music Sharing) 3.0 International,140,,2,,[],Shaking
556,-1,,,,-1,147,,-1,,[],Crikey,-1,,1990-01-01 00:00:00,2011-01-01 00:00:00,,"<p>Songs written by: Nicky Cook</p>
<p>VOCALS, CAJON AND TABLA+ UKELELE</p>",2,2008-11-26 01:42:52,10,4,51.895927,Colchester England,0.891874,"Nicky Cook
",Nicky Cook,,"['instrumentals', 'experimental pop', 'post punk', 'experimental rock', 'soundtracks', 'lo fi', 'nicky', 'impro', 'cook', 'nicky andrews', 'ukelele', 'nicky cook', 'singer songwriter', 'tabla']",,,training,large,256000,0,,2008-11-26 02:04:47,2008-11-26 00:00:00,228,0,,"[76, 103]","[17, 10, 76, 103]",,211,en,Attribution-NonCommercial-NoDerivatives (aka Music Sharing) 3.0 International,124,,3,,[],The Applemen
557,-1,,,,-1,147,,-1,,[],Crikey,-1,,1990-01-01 00:00:00,2011-01-01 00:00:00,,"<p>Songs written by: Nicky Cook</p>
<p>VOCALS, CAJON AND TABLA+ UKELELE</p>",2,2008-11-26 01:42:52,10,4,51.895927,Colchester England,0.891874,"Nicky Cook
",Nicky Cook,,"['instrumentals', 'experimental pop', 'post punk', 'experimental rock', 'soundtracks', 'lo fi', 'nicky', 'impro', 'cook', 'nicky andrews', 'ukelele', 'nicky cook', 'singer songwriter', 'tabla']",,,training,large,256000,0,,2008-11-26 02:04:49,2008-11-26 00:00:00,178,0,,"[76, 103]","[17, 10, 76, 103]",,191,en,Attribution-NonCommercial-NoDerivatives (aka Music Sharing) 3.0 International,112,,4,,[],Waitin'
558,-1,,,,-1,147,,-1,,[],Crikey,-1,,1990-01-01 00:00:00,2011-01-01 00:00:00,,"<p>Songs written by: Nicky Cook</p>
<p>VOCALS, CAJON AND TABLA+ UKELELE</p>",2,2008-11-26 01:42:52,10,4,51.895927,Colchester England,0.891874,"Nicky Cook
",Nicky Cook,,"['instrumentals', 'experimental pop', 'post punk', 'experimental rock', 'soundtracks', 'lo fi', 'nicky', 'impro', 'cook', 'nicky andrews', 'ukelele', 'nicky cook', 'singer songwriter', 'tabla']",,,training,large,256000,0,,2008-11-26 02:04:53,2008-11-26 00:00:00,342,0,,"[76, 103]","[17, 10, 76, 103]",,285,en,Attribution-NonCommercial-NoDerivatives (aka Music Sharing) 3.0 International,199,,5,,[],Emotion
559,-1,,,,-1,147,,-1,,[],Crikey,-1,,1990-01-01 00:00:00,2011-01-01 00:00:00,,"<p>Songs written by: Nicky Cook</p>
<p>VOCALS, CAJON AND TABLA+ UKELELE</p>",2,2008-11-26 01:42:52,10,4,51.895927,Colchester England,0.891874,"Nicky Cook
",Nicky Cook,,"['instrumentals', 'experimental pop', 'post punk', 'experimental rock', 'soundtracks', 'lo fi', 'nicky', 'impro', 'cook', 'nicky andrews', 'ukelele', 'nicky cook', 'singer songwriter', 'tabla']",,,training,large,256000,0,,2008-11-26 02:04:57,2008-11-26 00:00:00,165,0,,"[76, 103]","[17, 10, 76, 103]",,186,en,Attribution-NonCommercial-NoDerivatives (aka Music Sharing) 3.0 International,104,,6,,[],Takeaway
560,-1,,,,-1,147,,-1,,[],Crikey,-1,,1990-01-01 00:00:00,2011-01-01 00:00:00,,"<p>Songs written by: Nicky Cook</p>
<p>VOCALS, CAJON AND TABLA+ UKELELE</p>",2,2008-11-26 01:42:52,10,4,51.895927,Colchester England,0.891874,"Nicky Cook
",Nicky Cook,,"['instrumentals', 'experimental pop', 'post punk', 'experimental rock', 'soundtracks', 'lo fi', 'nicky', 'impro', 'cook', 'nicky andrews', 'ukelele', 'nicky cook', 'singer songwriter', 'tabla']",,,training,large,256000,0,,2008-11-26 02:04:59,2008-11-26 00:00:00,157,0,,"[76, 103]","[17, 10, 76, 103]",,225,en,Attribution-NonCommercial-NoDerivatives (aka Music Sharing) 3.0 International,141,,7,,[],Serious
561,-1,,,,-1,147,,-1,,[],Crikey,-1,,1990-01-01 00:00:00,2011-01-01 00:00:00,,"<p>Songs written by: Nicky Cook</p>
<p>VOCALS, CAJON AND TABLA+ UKELELE</p>",2,2008-11-26 01:42:52,10,4,51.895927,Colchester England,0.891874,"Nicky Cook
",Nicky Cook,,"['instrumentals', 'experimental pop', 'post punk', 'experimental rock', 'soundtracks', 'lo fi', 'nicky', 'impro', 'cook', 'nicky andrews', 'ukelele', 'nicky cook', 'singer songwriter', 'tabla']",,,training,large,256000,0,,2008-11-26 02:05:02,2008-11-26 00:00:00,268,0,,"[76, 103]","[17, 10, 76, 103]",,302,en,Attribution-NonCommercial-NoDerivatives (aka Music Sharing) 3.0 International,233,,8,,[],Fairies
562,0,2008-11-26 02:08:59,2007-01-01 00:00:00,,0,148,,1733,,[],Cinwaves,11,Album,,,Floboto,"<p>Stone Roses &amp; Peter Gabriel meet the Cult &amp; Echo &amp; Bunnymen for a Cranberry/XTC cocktail and naked lunch. (-via <a href=""http://www.last.fm/music/cinwaves/+wiki"" target=""_blank"">last.fm</a>)</p>",0,2008-11-26 02:06:36,0,105,26.3184123,"Deerfield Beach, FL",-80.0997657,,Cinwaves,,['cinwaves'],http://www.cinwaves.com/,,test,large,256000,0,,2008-11-26 02:05:10,2007-01-01 00:00:00,69,0,Rock,[12],[12],,495,en,Attribution-NonCommercial-ShareAlike 3.0 International,127,,1,,[],Ex Lucky
563,0,2008-11-26 02:08:59,2007-01-01 00:00:00,,0,148,,1733,,[],Cinwaves,11,Album,,,Floboto,"<p>Stone Roses &amp; Peter Gabriel meet the Cult &amp; Echo &amp; Bunnymen for a Cranberry/XTC cocktail and naked lunch. (-via <a href=""http://www.last.fm/music/cinwaves/+wiki"" target=""_blank"">last.fm</a>)</p>",0,2008-11-26 02:06:36,0,105,26.3184123,"Deerfield Beach, FL",-80.0997657,,Cinwaves,,['cinwaves'],http://www.cinwaves.com/,,test,large,256000,0,,2008-11-26 02:05:11,2007-01-01 00:00:00,168,0,Rock,[12],[12],,311,en,Attribution-NonCommercial-ShareAlike 3.0 International,134,,2,,[],Dumb Me Down
564,0,2008-11-26 02:08:59,2007-01-01 00:00:00,,0,148,,1733,,[],Cinwaves,11,Album,,,Floboto,"<p>Stone Roses &amp; Peter Gabriel meet the Cult &amp; Echo &amp; Bunnymen for a Cranberry/XTC cocktail and naked lunch. (-via <a href=""http://www.last.fm/music/cinwaves/+wiki"" target=""_blank"">last.fm</a>)</p>",0,2008-11-26 02:06:36,0,105,26.3184123,"Deerfield Beach, FL",-80.0997657,,Cinwaves,,['cinwaves'],http://www.cinwaves.com/,,test,medium,256000,0,,2008-11-26 02:05:14,2007-01-01 00:00:00,141,4,Rock,[12],[12],,998,en,Attribution-NonCommercial-ShareAlike 3.0 International,467,,3,,[],The Sugar Society
565,0,2008-11-26 02:08:59,2007-01-01 00:00:00,,0,148,,1733,,[],Cinwaves,11,Album,,,Floboto,"<p>Stone Roses &amp; Peter Gabriel meet the Cult &amp; Echo &amp; Bunnymen for a Cranberry/XTC cocktail and naked lunch. (-via <a href=""http://www.last.fm/music/cinwaves/+wiki"" target=""_blank"">last.fm</a>)</p>",0,2008-11-26 02:06:36,0,105,26.3184123,"Deerfield Beach, FL",-80.0997657,,Cinwaves,,['cinwaves'],http://www.cinwaves.com/,,test,large,256000,0,,2008-11-26 02:05:16,2007-01-01 00:00:00,154,0,Rock,[12],[12],,577,en,Attribution-NonCommercial-ShareAlike 3.0 International,93,,4,,[],Sophia
566,0,2008-11-26 02:08:59,2007-01-01 00:00:00,,0,148,,1733,,[],Cinwaves,11,Album,,,Floboto,"<p>Stone Roses &amp; Peter Gabriel meet the Cult &amp; Echo &amp; Bunnymen for a Cranberry/XTC cocktail and naked lunch. (-via <a href=""http://www.last.fm/music/cinwaves/+wiki"" target=""_blank"">last.fm</a>)</p>",0,2008-11-26 02:06:36,0,105,26.3184123,"Deerfield Beach, FL",-80.0997657,,Cinwaves,,['cinwaves'],http://www.cinwaves.com/,,test,large,256000,0,,2008-11-26 02:05:18,2007-01-01 00:00:00,182,0,Rock,[12],[12],,707,en,Attribution-NonCommercial-ShareAlike 3.0 International,181,,5,,[],Jasmine
567,0,2008-11-26 02:08:59,2007-01-01 00:00:00,,0,148,,1733,,[],Cinwaves,11,Album,,,Floboto,"<p>Stone Roses &amp; Peter Gabriel meet the Cult &amp; Echo &amp; Bunnymen for a Cranberry/XTC cocktail and naked lunch. (-via <a href=""http://www.last.fm/music/cinwaves/+wiki"" target=""_blank"">last.fm</a>)</p>",0,2008-11-26 02:06:36,0,105,26.3184123,"Deerfield Beach, FL",-80.0997657,,Cinwaves,,['cinwaves'],http://www.cinwaves.com/,,test,large,256000,0,,2008-11-26 02:05:20,2007-01-01 00:00:00,130,0,Rock,[12],[12],,431,en,Attribution-NonCommercial-ShareAlike 3.0 International,183,,6,,[],Liberty's Bell
568,0,2008-11-26 02:08:59,2007-01-01 00:00:00,,0,148,,1733,,[],Cinwaves,11,Album,,,Floboto,"<p>Stone Roses &amp; Peter Gabriel meet the Cult &amp; Echo &amp; Bunnymen for a Cranberry/XTC cocktail and naked lunch. (-via <a href=""http://www.last.fm/music/cinwaves/+wiki"" target=""_blank"">last.fm</a>)</p>",0,2008-11-26 02:06:36,0,105,26.3184123,"Deerfield Beach, FL",-80.0997657,,Cinwaves,,['cinwaves'],http://www.cinwaves.com/,,test,large,256000,0,,2008-11-26 02:05:23,2007-01-01 00:00:00,147,0,Rock,[12],[12],,428,en,Attribution-NonCommercial-ShareAlike 3.0 International,110,,7,,[],Disconnect
569,0,2008-11-26 02:08:59,2007-01-01 00:00:00,,0,148,,1733,,[],Cinwaves,11,Album,,,Floboto,"<p>Stone Roses &amp; Peter Gabriel meet the Cult &amp; Echo &amp; Bunnymen for a Cranberry/XTC cocktail and naked lunch. (-via <a href=""http://www.last.fm/music/cinwaves/+wiki"" target=""_blank"">last.fm</a>)</p>",0,2008-11-26 02:06:36,0,105,26.3184123,"Deerfield Beach, FL",-80.0997657,,Cinwaves,,['cinwaves'],http://www.cinwaves.com/,,test,large,256000,0,,2008-11-26 02:05:25,2007-01-01 00:00:00,149,0,Rock,[12],[12],,553,en,Attribution-NonCommercial-ShareAlike 3.0 International,81,,8,,[],Shadow Law
570,0,2008-11-26 02:08:59,2007-01-01 00:00:00,,0,148,,1733,,[],Cinwaves,11,Album,,,Floboto,"<p>Stone Roses &amp; Peter Gabriel meet the Cult &amp; Echo &amp; Bunnymen for a Cranberry/XTC cocktail and naked lunch. (-via <a href=""http://www.last.fm/music/cinwaves/+wiki"" target=""_blank"">last.fm</a>)</p>",0,2008-11-26 02:06:36,0,105,26.3184123,"Deerfield Beach, FL",-80.0997657,,Cinwaves,,['cinwaves'],http://www.cinwaves.com/,,test,large,256000,0,,2008-11-26 02:05:27,2007-01-01 00:00:00,141,0,Rock,[12],[12],,410,en,Attribution-NonCommercial-ShareAlike 3.0 International,70,,9,,[],Old Route 13
571,0,2008-11-26 02:08:59,2007-01-01 00:00:00,,0,148,,1733,,[],Cinwaves,11,Album,,,Floboto,"<p>Stone Roses &amp; Peter Gabriel meet the Cult &amp; Echo &amp; Bunnymen for a Cranberry/XTC cocktail and naked lunch. (-via <a href=""http://www.last.fm/music/cinwaves/+wiki"" target=""_blank"">last.fm</a>)</p>",0,2008-11-26 02:06:36,0,105,26.3184123,"Deerfield Beach, FL",-80.0997657,,Cinwaves,,['cinwaves'],http://www.cinwaves.com/,,test,large,256000,0,,2008-11-26 02:05:30,2007-01-01 00:00:00,79,0,Rock,[12],[12],,404,en,Attribution-NonCommercial-ShareAlike 3.0 International,157,,10,,[],Medicine Chant
572,0,2008-11-26 02:08:59,2007-01-01 00:00:00,,0,148,,1733,,[],Cinwaves,11,Album,,,Floboto,"<p>Stone Roses &amp; Peter Gabriel meet the Cult &amp; Echo &amp; Bunnymen for a Cranberry/XTC cocktail and naked lunch. (-via <a href=""http://www.last.fm/music/cinwaves/+wiki"" target=""_blank"">last.fm</a>)</p>",0,2008-11-26 02:06:36,0,105,26.3184123,"Deerfield Beach, FL",-80.0997657,,Cinwaves,,['cinwaves'],http://www.cinwaves.com/,,test,large,256000,0,,2008-11-26 02:05:31,2007-01-01 00:00:00,178,0,Rock,[12],[12],,413,en,Attribution-NonCommercial-ShareAlike 3.0 International,147,,11,,[],Awaken
573,0,2008-11-26 02:09:21,2009-01-08 00:00:00,,0,149,"<p>Loud and ugly brawl rock hailing from the City of Brotherly Love. Clockcleaner is a three piece mixing a hateful stew of wiry hard rock suitable for beating friends and family. This is the band's second full length. (-via <a href=""http://www.loadrecords.com/bands/clockcleaner.html"" target=""_blank"">LoadRecords.com</a>)</p>",3169,,[],Babylon Rules,2,Album,2004-01-01 00:00:00,,Load Records,"<p>Clockcleaner is a punk band from Philadelphia, Pennsylvania named after a particular ""Hot Bag"" of heroin that was distributed in Philadelphia in the 1980's. The band consists of John Sharkey III on vocals/Guitar, Karen Horner on Bass, and Richie Charles Jr on drums. The trio has drawn comparisons to <span class=""mw-redirect"">The Birthday Party</span>, Big Black, Bauhaus, Flipper and even harsh noise band Whitehouse. Their influences include Cro-Mags, GG Allin, Sun Ra, Brainbombs, Neil Young, and the first Skrewdriver LP.</p>
<p>Formed in summer of 2003, Clockcleaner released an LP called The Hassler on the now defunct Philadelphia label <span class=""new"">Manic Ride Records</span>. The album echoed early 90s noise rock, with high pitch guitar sonics and a thumping bass sound. After touring for the EP original bassist R. Slegel left the band, and was replaced in the studio by John Sharkey. In Early 2006 they released a 7"" on Baltimore&rsquo;s Noise/Avant label Hit-Dat Records (Missing Dick b/w Crucifucks' cover By the Door). Soon to follow was their second LP, released on another Baltimore label, <span class=""new"">Reptilian Records</span>. The album was called <em>Nevermind</em> (a sarcastic ode to Nirvana&rsquo;s 1991 release). The record was allegedly recorded while Sharkey was under a state of bi-lateral amnesia from a car accident in summer of 2005. John Sharkey has insisted that the title was a joke to piss people off (He has even gone as far to call Nirvana ""dogshit"" in a Dusted Magazine interview in 2007).</p>
<p>""People think that record is like the Bible,"" says Sharkey via phone from his North Philadelphia home. ""Fuck that record. It's completely piss-poor. It did not stand the test of time. I can understand the mania that it caused, and I mean, it's good because hair metal sucked, but it almost caused another fuckin' trend that I have no concept of at all &ndash; alternative or modern rock. So, Nirvana were dogshit, and I thought it was funny to name our record Nevermind. I kind of wanted people to react like, 'What balls! Who the fuck are these assholes?'""</p>
<blockquote></blockquote>
<p>""Nevermind"" was a departure from their punk sound. Nevermind had more in common with many of the mid to late 90s SiltbreezeHarry Pussy and The Dead C. After the album was recorded Karen Horner became the permanent bassist. Her first show with Clockcleaner was opening for <span class=""mw-redirect"">The Melvins</span>. The album did well with many critics and in late 2006 the group signed to Load Records. <em>Babylon Rules</em> followed for the label. bands such as</p>
<p>The band toured extensively during the fall of 2007 in support of <em>Babylon Rules</em> in the US playing mainly with acts championed by the band, such as Mika Miko, The Lamps and The Homostupids. <em>(via http://en.wikipedia.org/wiki/Clockcleaner)</em></p>",0,2008-11-26 02:06:57,11,106,,,,"John Sharkey, Karen Horner, Richard H. Charles jr.",Clockcleaner,,"['philadelphia', 'clockcleaner']",http://www.myspace.com/clockcleaner,http://en.wikipedia.org/wiki/Clockcleaner,training,medium,190833,0,Clockcleaner,2008-11-26 02:05:34,2007-10-17 00:00:00,394,5,Rock,[25],"[25, 12]",,1150,en,Attribution-NonCommercial-ShareAlike 3.0 International,751,,3,,[],When My Ship Comes In
574,0,2008-11-26 02:09:21,2009-01-08 00:00:00,,0,149,"<p>Loud and ugly brawl rock hailing from the City of Brotherly Love. Clockcleaner is a three piece mixing a hateful stew of wiry hard rock suitable for beating friends and family. This is the band's second full length. (-via <a href=""http://www.loadrecords.com/bands/clockcleaner.html"" target=""_blank"">LoadRecords.com</a>)</p>",3169,,[],Babylon Rules,2,Album,2004-01-01 00:00:00,,Load Records,"<p>Clockcleaner is a punk band from Philadelphia, Pennsylvania named after a particular ""Hot Bag"" of heroin that was distributed in Philadelphia in the 1980's. The band consists of John Sharkey III on vocals/Guitar, Karen Horner on Bass, and Richie Charles Jr on drums. The trio has drawn comparisons to <span class=""mw-redirect"">The Birthday Party</span>, Big Black, Bauhaus, Flipper and even harsh noise band Whitehouse. Their influences include Cro-Mags, GG Allin, Sun Ra, Brainbombs, Neil Young, and the first Skrewdriver LP.</p>
<p>Formed in summer of 2003, Clockcleaner released an LP called The Hassler on the now defunct Philadelphia label <span class=""new"">Manic Ride Records</span>. The album echoed early 90s noise rock, with high pitch guitar sonics and a thumping bass sound. After touring for the EP original bassist R. Slegel left the band, and was replaced in the studio by John Sharkey. In Early 2006 they released a 7"" on Baltimore&rsquo;s Noise/Avant label Hit-Dat Records (Missing Dick b/w Crucifucks' cover By the Door). Soon to follow was their second LP, released on another Baltimore label, <span class=""new"">Reptilian Records</span>. The album was called <em>Nevermind</em> (a sarcastic ode to Nirvana&rsquo;s 1991 release). The record was allegedly recorded while Sharkey was under a state of bi-lateral amnesia from a car accident in summer of 2005. John Sharkey has insisted that the title was a joke to piss people off (He has even gone as far to call Nirvana ""dogshit"" in a Dusted Magazine interview in 2007).</p>
<p>""People think that record is like the Bible,"" says Sharkey via phone from his North Philadelphia home. ""Fuck that record. It's completely piss-poor. It did not stand the test of time. I can understand the mania that it caused, and I mean, it's good because hair metal sucked, but it almost caused another fuckin' trend that I have no concept of at all &ndash; alternative or modern rock. So, Nirvana were dogshit, and I thought it was funny to name our record Nevermind. I kind of wanted people to react like, 'What balls! Who the fuck are these assholes?'""</p>
<blockquote></blockquote>
<p>""Nevermind"" was a departure from their punk sound. Nevermind had more in common with many of the mid to late 90s SiltbreezeHarry Pussy and The Dead C. After the album was recorded Karen Horner became the permanent bassist. Her first show with Clockcleaner was opening for <span class=""mw-redirect"">The Melvins</span>. The album did well with many critics and in late 2006 the group signed to Load Records. <em>Babylon Rules</em> followed for the label. bands such as</p>
<p>The band toured extensively during the fall of 2007 in support of <em>Babylon Rules</em> in the US playing mainly with acts championed by the band, such as Mika Miko, The Lamps and The Homostupids. <em>(via http://en.wikipedia.org/wiki/Clockcleaner)</em></p>",0,2008-11-26 02:06:57,11,106,,,,"John Sharkey, Karen Horner, Richard H. Charles jr.",Clockcleaner,,"['philadelphia', 'clockcleaner']",http://www.myspace.com/clockcleaner,http://en.wikipedia.org/wiki/Clockcleaner,training,small,219522,0,Clockcleaner,2008-11-26 02:05:38,2007-10-17 00:00:00,267,11,Rock,[25],"[25, 12]",,3169,en,Attribution-NonCommercial-ShareAlike 3.0 International,2617,,4,,[],Caliente Queen
575,0,2008-11-26 02:09:27,2009-01-16 00:00:00,,0,150,"<p>Unreleased mp3s from Clyde Rourke of The Loto Ball Show, Rok/Paper/Disco, and beatsynthetic.</p>",395,,[],unreleased Clyde Rourke mp3s,4,Single Tracks,,,,,0,2008-11-26 02:07:04,0,107,41.8781136,"Chicago, IL",-87.6297982,,Clyde Rourke,"The Loto Ball Show, Rok/Paper/Disco",['clyde rourke'],,,training,large,320000,0,Clyde,2008-11-26 02:05:41,,342,0,Rock,[12],[12],,350,en,Attribution-Noncommercial-Share Alike 3.0 United States,96,,0,,[],Shining the Diamond
576,0,2008-11-26 02:09:27,2009-01-16 00:00:00,,0,150,"<p>Unreleased mp3s from Clyde Rourke of The Loto Ball Show, Rok/Paper/Disco, and beatsynthetic.</p>",395,,[],unreleased Clyde Rourke mp3s,4,Single Tracks,,,,,0,2008-11-26 02:07:04,0,107,41.8781136,"Chicago, IL",-87.6297982,,Clyde Rourke,"The Loto Ball Show, Rok/Paper/Disco",['clyde rourke'],,,training,large,160000,0,"Clyde ""The Jackal"" Rourke",2008-11-26 02:05:46,,265,1,Rock,[12],[12],,715,en,Attribution-Noncommercial-Share Alike 3.0 United States,200,,0,,[],Shot At the Post Office
577,0,2008-11-26 02:09:27,2009-01-16 00:00:00,,0,150,"<p>Unreleased mp3s from Clyde Rourke of The Loto Ball Show, Rok/Paper/Disco, and beatsynthetic.</p>",395,,[],unreleased Clyde Rourke mp3s,4,Single Tracks,,,,,0,2008-11-26 02:07:04,0,107,41.8781136,"Chicago, IL",-87.6297982,,Clyde Rourke,"The Loto Ball Show, Rok/Paper/Disco",['clyde rourke'],,,training,large,320000,0,,2008-11-26 02:05:48,,130,1,Rock,[12],[12],,251,en,Attribution-Noncommercial-Share Alike 3.0 United States,55,,0,,[],It Got in The Way
578,0,2008-11-26 02:09:27,2009-01-16 00:00:00,,0,150,"<p>Unreleased mp3s from Clyde Rourke of The Loto Ball Show, Rok/Paper/Disco, and beatsynthetic.</p>",395,,[],unreleased Clyde Rourke mp3s,4,Single Tracks,,,,,0,2008-11-26 02:07:04,0,107,41.8781136,"Chicago, IL",-87.6297982,,Clyde Rourke,"The Loto Ball Show, Rok/Paper/Disco",['clyde rourke'],,,training,large,320000,0,,2008-11-26 02:05:51,,241,0,Rock,[12],[12],,314,en,Attribution-Noncommercial-Share Alike 3.0 United States,43,,0,,[],tan man
579,0,2008-11-26 02:09:40,2008-01-01 00:00:00,,0,151,<p>2 tracks off of the self-titled full-length debut from Chicago's loudest band.</p>,807,,[],CoCoComa,0,Album,,,"Goner, Shit Sandwich, Covert POP!","<p>Three-piece garage punk with Bill Roe on drums/vox, Lisa Roe on guitar, and Mike Fitzpatrick on bass/farfisa organ. Fitzpatrick used to play in The White+Outs. He leads another great local punk band, <a href=""http://www.myspace.com/headachecity"">Headache City</a>, which now sports Lisa on drums. Adding another dimension to the Headache City connection, former HC keyboardist Norah Uhtley released CoCoComa's debut 7'' on her great all-vinyl label, <a href=""http://www.shitsandwichrecords.com/"">Shit Sandwich</a> (M.O.T.O., Final Solutions, The Marked Men) back in 2006. CoCoComa followed up with a&nbsp; 10-nugget full-length released by <a href=""http://goner-records.com/"">Goner Records</a> last year. Bill says CoCoComa have a new batch of songs ready to record this winter. (-via Jason Sigal at <a href=""http://blog.wfmu.org/freeform/2008/07/chicagoland-fre.html"" target=""_blank""><em>WFMU's Beware of the Blog</em></a>)</p>
<p><a href=""http://flickr.com/photos/snebtorlife/1415055852/"" target=""_blank"">photo</a> by Flickr user <a href=""http://flickr.com/photos/snebtorlife/"" target=""_blank"">snebtor</a></p>",0,2008-11-26 02:07:16,2,108,41.8781136,"Chicago, IL",-87.6297982,"Bill Roe on drums/vox
Lisa Roe on guitar
Mike Fitzpatrick on bass/farfisa organ",CoCoComa,"The White+Outs, Headache City",['cococoma'],,,training,large,256000,0,,2008-11-26 02:05:54,2007-12-11 00:00:00,143,2,Rock,[25],"[25, 12]",,525,en,Attribution-Noncommercial-No Derivative Works 3.0 United States,460,,5,,[],(Tryin' To) Read My Mind
580,0,2008-11-26 02:09:40,2008-01-01 00:00:00,,0,151,<p>2 tracks off of the self-titled full-length debut from Chicago's loudest band.</p>,807,,[],CoCoComa,0,Album,,,"Goner, Shit Sandwich, Covert POP!","<p>Three-piece garage punk with Bill Roe on drums/vox, Lisa Roe on guitar, and Mike Fitzpatrick on bass/farfisa organ. Fitzpatrick used to play in The White+Outs. He leads another great local punk band, <a href=""http://www.myspace.com/headachecity"">Headache City</a>, which now sports Lisa on drums. Adding another dimension to the Headache City connection, former HC keyboardist Norah Uhtley released CoCoComa's debut 7'' on her great all-vinyl label, <a href=""http://www.shitsandwichrecords.com/"">Shit Sandwich</a> (M.O.T.O., Final Solutions, The Marked Men) back in 2006. CoCoComa followed up with a&nbsp; 10-nugget full-length released by <a href=""http://goner-records.com/"">Goner Records</a> last year. Bill says CoCoComa have a new batch of songs ready to record this winter. (-via Jason Sigal at <a href=""http://blog.wfmu.org/freeform/2008/07/chicagoland-fre.html"" target=""_blank""><em>WFMU's Beware of the Blog</em></a>)</p>
<p><a href=""http://flickr.com/photos/snebtorlife/1415055852/"" target=""_blank"">photo</a> by Flickr user <a href=""http://flickr.com/photos/snebtorlife/"" target=""_blank"">snebtor</a></p>",0,2008-11-26 02:07:16,2,108,41.8781136,"Chicago, IL",-87.6297982,"Bill Roe on drums/vox
Lisa Roe on guitar
Mike Fitzpatrick on bass/farfisa organ",CoCoComa,"The White+Outs, Headache City",['cococoma'],,,training,large,256000,1,,2008-11-26 02:05:56,2007-12-11 00:00:00,183,0,Rock,[25],"[25, 12]",,405,en,Attribution-Noncommercial-No Derivative Works 3.0 United States,349,,6,,[],Premonition
583,0,2008-11-26 02:09:49,2009-01-08 00:00:00,,0,154,"<p>In 2003, WFMU DJ Billy Jam produced a non-profit compilation to benefit several Pro-PEACE organizations in opposition to the Iraq war. And now that this war is officially over (<a id=""erzn"" title=""source"" href=""http://www.nytimes-se.com/"">source</a>), we'd like to share a few tracks with you.</p>
<p><em>WAR (If It Feels Good, Do It) </em>released on <a id=""u4hs"" title=""Hip Hop Slam"" href=""http://www.hiphopslam.com/"">Hip Hop Slam</a> in 2003. The comp also features Steinski, Fakts One, and Azeem. And check out the archive of their 2007 performance live on <a id=""ixri"" title=""KFJC"" href=""http://www.hiphopslam.com/war/kfjc.html"">KFJC</a>.</p>",1941,,[],"WAR (If It Feels Good, Do It!)",4,Album,2003-01-01 00:00:00,,Hip Hop Slam,"<p><span style=""font-family: Verdana,Arial,Helvetica,sans-serif;"">A hip hop axis comprised of DJs and producers from  				the Bay Area, New York, Japan, Ireland and Baltimore. Their mission:  				to hijack the air waves and Internet stream in an attempt broadcast  				their message of mental revolution to the world. (Rob Fatal, KSSU)<br /></span></p>",0,2008-11-26 02:07:25,1,111,37.7749295,"San Francisco, CA",-122.4194155,"DJ Pone, Shing02, DJ ALF, DJ DnZ, Billy Jam, Dawgisht, Timi D, Froggy",DJ's of Mass Destruction,,['djs of mass destruction'],http://www.hiphopslam.com/war/,,validation,medium,256000,0,,2008-11-26 02:06:04,2003-01-01 00:00:00,134,0,Hip-Hop,[21],[21],,1223,en,Attribution-NonCommercial-ShareAlike 3.0 International,536,,2,,[],"WAR (If It Feels Good, Do It!)"
584,0,2008-11-26 02:09:49,2009-01-08 00:00:00,,0,154,"<p>In 2003, WFMU DJ Billy Jam produced a non-profit compilation to benefit several Pro-PEACE organizations in opposition to the Iraq war. And now that this war is officially over (<a id=""erzn"" title=""source"" href=""http://www.nytimes-se.com/"">source</a>), we'd like to share a few tracks with you.</p>
<p><em>WAR (If It Feels Good, Do It) </em>released on <a id=""u4hs"" title=""Hip Hop Slam"" href=""http://www.hiphopslam.com/"">Hip Hop Slam</a> in 2003. The comp also features Steinski, Fakts One, and Azeem. And check out the archive of their 2007 performance live on <a id=""ixri"" title=""KFJC"" href=""http://www.hiphopslam.com/war/kfjc.html"">KFJC</a>.</p>",1941,,[],"WAR (If It Feels Good, Do It!)",4,Album,2003-01-01 00:00:00,,Hip Hop Slam,"<p><span style=""font-family: Verdana,Arial,Helvetica,sans-serif;"">A hip hop axis comprised of DJs and producers from  				the Bay Area, New York, Japan, Ireland and Baltimore. Their mission:  				to hijack the air waves and Internet stream in an attempt broadcast  				their message of mental revolution to the world. (Rob Fatal, KSSU)<br /></span></p>",0,2008-11-26 02:07:25,1,111,37.7749295,"San Francisco, CA",-122.4194155,"DJ Pone, Shing02, DJ ALF, DJ DnZ, Billy Jam, Dawgisht, Timi D, Froggy",DJ's of Mass Destruction,,['djs of mass destruction'],http://www.hiphopslam.com/war/,,validation,medium,256000,0,,2008-11-26 02:06:07,2003-01-01 00:00:00,228,2,Hip-Hop,[21],[21],,1091,en,Attribution-NonCommercial-ShareAlike 3.0 International,858,,10,,[],Liberate The Children (Live)
585,0,2008-11-26 02:09:49,2009-01-08 00:00:00,,0,154,"<p>In 2003, WFMU DJ Billy Jam produced a non-profit compilation to benefit several Pro-PEACE organizations in opposition to the Iraq war. And now that this war is officially over (<a id=""erzn"" title=""source"" href=""http://www.nytimes-se.com/"">source</a>), we'd like to share a few tracks with you.</p>
<p><em>WAR (If It Feels Good, Do It) </em>released on <a id=""u4hs"" title=""Hip Hop Slam"" href=""http://www.hiphopslam.com/"">Hip Hop Slam</a> in 2003. The comp also features Steinski, Fakts One, and Azeem. And check out the archive of their 2007 performance live on <a id=""ixri"" title=""KFJC"" href=""http://www.hiphopslam.com/war/kfjc.html"">KFJC</a>.</p>",1941,,[],"WAR (If It Feels Good, Do It!)",4,Album,2003-01-01 00:00:00,,Hip Hop Slam,"<p><span style=""font-family: Verdana,Arial,Helvetica,sans-serif;"">A hip hop axis comprised of DJs and producers from  				the Bay Area, New York, Japan, Ireland and Baltimore. Their mission:  				to hijack the air waves and Internet stream in an attempt broadcast  				their message of mental revolution to the world. (Rob Fatal, KSSU)<br /></span></p>",0,2008-11-26 02:07:25,1,111,37.7749295,"San Francisco, CA",-122.4194155,"DJ Pone, Shing02, DJ ALF, DJ DnZ, Billy Jam, Dawgisht, Timi D, Froggy",DJ's of Mass Destruction,,['djs of mass destruction'],http://www.hiphopslam.com/war/,,validation,medium,256000,0,,2008-11-26 02:06:09,2003-01-01 00:00:00,122,2,Hip-Hop,[21],[21],,895,en,Attribution-NonCommercial-ShareAlike 3.0 International,330,,14,,[],Weapons? What Weapons of Mass Destruction? (Live)
586,0,2008-11-26 02:09:49,2009-01-08 00:00:00,,0,154,"<p>In 2003, WFMU DJ Billy Jam produced a non-profit compilation to benefit several Pro-PEACE organizations in opposition to the Iraq war. And now that this war is officially over (<a id=""erzn"" title=""source"" href=""http://www.nytimes-se.com/"">source</a>), we'd like to share a few tracks with you.</p>
<p><em>WAR (If It Feels Good, Do It) </em>released on <a id=""u4hs"" title=""Hip Hop Slam"" href=""http://www.hiphopslam.com/"">Hip Hop Slam</a> in 2003. The comp also features Steinski, Fakts One, and Azeem. And check out the archive of their 2007 performance live on <a id=""ixri"" title=""KFJC"" href=""http://www.hiphopslam.com/war/kfjc.html"">KFJC</a>.</p>",1941,,[],"WAR (If It Feels Good, Do It!)",4,Album,2003-01-01 00:00:00,,Hip Hop Slam,"<p><span style=""font-family: Verdana,Arial,Helvetica,sans-serif;"">A hip hop axis comprised of DJs and producers from  				the Bay Area, New York, Japan, Ireland and Baltimore. Their mission:  				to hijack the air waves and Internet stream in an attempt broadcast  				their message of mental revolution to the world. (Rob Fatal, KSSU)<br /></span></p>",0,2008-11-26 02:07:25,1,111,37.7749295,"San Francisco, CA",-122.4194155,"DJ Pone, Shing02, DJ ALF, DJ DnZ, Billy Jam, Dawgisht, Timi D, Froggy",DJ's of Mass Destruction,,['djs of mass destruction'],http://www.hiphopslam.com/war/,,validation,large,256000,0,,2008-11-26 02:06:10,2003-01-01 00:00:00,121,0,Hip-Hop,[21],[21],,679,en,Attribution-NonCommercial-ShareAlike 3.0 International,227,,23,,[],War Is What They Got (Epilogue)
587,0,2008-11-26 02:09:56,2009-01-08 00:00:00,,0,155,<p>The band's debut release on the UK label Upset! the Rhythm.</p>,383,Weasel Walter,[],"Puppy, Kitty or Both",2,Album,2004-01-01 00:00:00,,Upset! the Rhythm,"<p>Death Sentence: Panda! have a playful and unique sound. Their music draws heavily on traditional Chinese and Korean folk music, ragtime, New Orleans-style marching bands and hardcore punk. Cropped and impulsive pop songs bubble over with exuberance, forever underpinned by the group's unusual instrumentation of pitch-shifted clarinet, flute, xylophone and drums. Add to this mix Kim West's impassioned and oft-spooked vocal and Death Sentence: Panda! come into their own. (Upset the Rhythm)</p>",0,2008-11-26 02:07:33,7,112,37.7749295,"San Francisco, CA",-122.4194155,"Kim West, Paul Costuros, Chris Dixon",Death Sentence: Panda!,,"['san francisco', 'death sentence panda']",http://www.myspace.com/deathdentencepanda,,training,large,192000,0,,2008-11-26 02:06:12,2005-05-02 00:00:00,99,1,Experimental,[1],"[1, 38]",,274,en,Attribution-NonCommercial-NoDerivatives (aka Music Sharing) 3.0 International,218,,1,,[],A+ Cannibal
588,1,2008-11-26 02:09:58,2009-01-08 00:00:00,,0,156,<p>Third release from the SF-based skronk rawkers.</p>,529,Philip Manley,[],Insects Awaken,1,Album,2004-01-01 00:00:00,,Upset! the Rhythm,"<p>Death Sentence: Panda! have a playful and unique sound. Their music draws heavily on traditional Chinese and Korean folk music, ragtime, New Orleans-style marching bands and hardcore punk. Cropped and impulsive pop songs bubble over with exuberance, forever underpinned by the group's unusual instrumentation of pitch-shifted clarinet, flute, xylophone and drums. Add to this mix Kim West's impassioned and oft-spooked vocal and Death Sentence: Panda! come into their own. (Upset the Rhythm)</p>",0,2008-11-26 02:07:33,7,112,37.7749295,"San Francisco, CA",-122.4194155,"Kim West, Paul Costuros, Chris Dixon",Death Sentence: Panda!,,"['san francisco', 'death sentence panda']",http://www.myspace.com/deathdentencepanda,,training,large,128000,0,,2008-11-26 02:06:14,2008-09-29 00:00:00,72,3,Experimental,[1],"[1, 38]",,604,en,Attribution-Noncommercial-No Derivative Works 3.0 United States,530,,3,,[],Exit Villager
589,0,2008-11-26 02:09:56,2009-01-08 00:00:00,,0,155,<p>The band's debut release on the UK label Upset! the Rhythm.</p>,383,Weasel Walter,[],"Puppy, Kitty or Both",2,Album,2004-01-01 00:00:00,,Upset! the Rhythm,"<p>Death Sentence: Panda! have a playful and unique sound. Their music draws heavily on traditional Chinese and Korean folk music, ragtime, New Orleans-style marching bands and hardcore punk. Cropped and impulsive pop songs bubble over with exuberance, forever underpinned by the group's unusual instrumentation of pitch-shifted clarinet, flute, xylophone and drums. Add to this mix Kim West's impassioned and oft-spooked vocal and Death Sentence: Panda! come into their own. (Upset the Rhythm)</p>",0,2008-11-26 02:07:33,7,112,37.7749295,"San Francisco, CA",-122.4194155,"Kim West, Paul Costuros, Chris Dixon",Death Sentence: Panda!,,"['san francisco', 'death sentence panda']",http://www.myspace.com/deathdentencepanda,,training,large,192000,0,,2008-11-26 02:06:15,2005-05-02 00:00:00,49,2,Experimental,[1],"[1, 38]",,227,en,Attribution-NonCommercial-NoDerivatives (aka Music Sharing) 3.0 International,166,,7,,[],A Time To Bear Arms
590,2,2008-11-26 02:10:00,2009-01-08 00:00:00,,3,157,"<p>Another Bliss Blood collab, this time featuring 1920s-40s style Delta Blues with Marty Bartolomeo on   piano and Mark Deffenbaugh on steel guitar.</p>",11035,,[],Finally Here,4,Album,,,,"<p>Blues band formed by Bliss Blood (of the Moonlighters, Pain Teens) to resurrect forgotten blues music from the early 20th century. Delta and Classic vocal blues with guitar, banjo, piano, harmonica, steel guitar, and vocals. (myspace)</p>",0,2008-11-26 02:07:36,5,113,40.65,"Brooklyn, NY",-73.95,"Bliss Blood: vocals, tenor guitar
Marty Bartolomeo: piano
Mark Deffenbaugh: steel guitar",Delta Dreambox,,['delta dreambox'],blissblood.com,,training,medium,160000,0,,2008-11-26 02:06:16,2006-01-01 00:00:00,131,8,Jazz,[37],"[4, 37]",,4397,en,Attribution-NonCommercial-ShareAlike 3.0 International,2914,,1,,[],Stuck
591,2,2008-11-26 02:10:00,2009-01-08 00:00:00,,3,157,"<p>Another Bliss Blood collab, this time featuring 1920s-40s style Delta Blues with Marty Bartolomeo on   piano and Mark Deffenbaugh on steel guitar.</p>",11035,,[],Finally Here,4,Album,,,,"<p>Blues band formed by Bliss Blood (of the Moonlighters, Pain Teens) to resurrect forgotten blues music from the early 20th century. Delta and Classic vocal blues with guitar, banjo, piano, harmonica, steel guitar, and vocals. (myspace)</p>",0,2008-11-26 02:07:36,5,113,40.65,"Brooklyn, NY",-73.95,"Bliss Blood: vocals, tenor guitar
Marty Bartolomeo: piano
Mark Deffenbaugh: steel guitar",Delta Dreambox,,['delta dreambox'],blissblood.com,,training,medium,160000,0,,2008-11-26 02:06:18,2006-01-01 00:00:00,228,7,Jazz,[37],"[4, 37]",,3731,en,Attribution-NonCommercial-ShareAlike 3.0 International,2624,,2,,[],Without A Sound
592,2,2008-11-26 02:10:00,2009-01-08 00:00:00,,3,157,"<p>Another Bliss Blood collab, this time featuring 1920s-40s style Delta Blues with Marty Bartolomeo on   piano and Mark Deffenbaugh on steel guitar.</p>",11035,,[],Finally Here,4,Album,,,,"<p>Blues band formed by Bliss Blood (of the Moonlighters, Pain Teens) to resurrect forgotten blues music from the early 20th century. Delta and Classic vocal blues with guitar, banjo, piano, harmonica, steel guitar, and vocals. (myspace)</p>",0,2008-11-26 02:07:36,5,113,40.65,"Brooklyn, NY",-73.95,"Bliss Blood: vocals, tenor guitar
Marty Bartolomeo: piano
Mark Deffenbaugh: steel guitar",Delta Dreambox,,['delta dreambox'],blissblood.com,,training,medium,160000,0,,2008-11-26 02:06:20,2006-01-01 00:00:00,206,10,Jazz,[37],"[4, 37]",,3963,en,Attribution-NonCommercial-ShareAlike 3.0 International,2465,,3,,[],Song X
593,2,2008-11-26 02:10:00,2009-01-08 00:00:00,,3,157,"<p>Another Bliss Blood collab, this time featuring 1920s-40s style Delta Blues with Marty Bartolomeo on   piano and Mark Deffenbaugh on steel guitar.</p>",11035,,[],Finally Here,4,Album,,,,"<p>Blues band formed by Bliss Blood (of the Moonlighters, Pain Teens) to resurrect forgotten blues music from the early 20th century. Delta and Classic vocal blues with guitar, banjo, piano, harmonica, steel guitar, and vocals. (myspace)</p>",0,2008-11-26 02:07:36,5,113,40.65,"Brooklyn, NY",-73.95,"Bliss Blood: vocals, tenor guitar
Marty Bartolomeo: piano
Mark Deffenbaugh: steel guitar",Delta Dreambox,,['delta dreambox'],blissblood.com,,training,medium,160000,0,,2008-11-26 02:06:21,2006-01-01 00:00:00,189,10,Jazz,[37],"[4, 37]",,4806,en,Attribution-NonCommercial-ShareAlike 3.0 International,3092,,4,,[],Finally Here
601,0,2009-01-07 09:05:50,2005-03-05 00:00:00,,0,1695,"<p><span style=""font-family: Arial; font-size: x-small;""><span style=""font-size: x-small;"">Third VHF release by trio ""From Quagmire.""&nbsp; A mix of collage and roughly-styled human performance full of dramatic contrast. Most tracks house Dorothy Geller's (a.k.a. Dora Bleu) voice and pointillistic nylon string guitar in a thick embrace of droning sound. Much of the CD was recorded in the UK, where guests Helena Espvall-Santoleri (Cello), Sharon Krauss (Whistle and Clarinet) and Simon Wickham-Smith (Electronics) added their substantial input to the record.<br /></span></span></p>",76,,[],Habitats In the Wound,1,Album,,,"Museum Fire, VHf","<p>I am a woman and I am a musician, and I am something distinctly separate, that is neither of those, but something combinatory of those two and many other aspects. I am not a &lsquo;womyn born womyn&rsquo; except in the imaginings brought by a set of purely social acts that are sometimes amidst the multiple nows becoming a body.<br /> Nor am I a musician who sings for the &lsquo;soul&rsquo; or some unspeakable emotion. I noise, in my quiet way, to speak the twisted and skewed, fully utterable at the moment we dare to say what has been feared or forbidden.<br /> As this neither woman nor musician, or both at once, I find my better self against fixity and commodity, loathing the marketing of the intimacy of personal space, a demand for the performer&rsquo;s sexuality or personality, the gaze that coats living, changing, morphing tissue and fluid with the suffocating synthetics of expectation, projection, and other desires that form the violent refuse disowned by the normal world. (Trauma is not for oggling.) <br /><br /> I cannot just yet call music &ldquo;work.&rdquo; For &ldquo;work&rdquo; in the corporate US is only ever mechanical reproduction. Only productivity is rewarded: (how many &ldquo;records have you sold?&rdquo;) When I view music as work, in this everywhere definition, it loses its intimacy, and becomes something empty and exhausting.<br /> Nor can I easily call music &ldquo;property.&rdquo; For property involves nervously guarding, and desiring isolation. I have never dreamed of a cash cow or a Mercedes. I do not wish to join the propertied class, so that someday I turn and look upon a bandmate as a &ldquo;marketable&rdquo; bringer of &lsquo;cool&rsquo; or &lsquo;cred.&rsquo; <br /><br /> Yet it is not adequate for music to be free of charge, or to self-sacrifice in the process.  <br /><br /> Why should this worker-of-a-different-kind barely live? In this era, the life-sacrifice of a cultural worker can only endorse the very structure of exploitation and de-humanization pushed into, forward, around and within the de-humanizing world of multinational capital. The capitalist accumulators have to starve musicians, writers and thinkers to survive, because if they did not, the entire fabric of culture would be different, less tolerant of US security and less afraid. To allow ourselves to be starved willingly, bolstered by the fantasy of the &lsquo;starving artist,&rsquo; is to collude with the plans of the agents of exploitation who right now stalk the globe with tanks and missiles. <br /><br />The anti-war demonstrators have broken a silence that has postured as US patriotism since September 11th. There are many silences to be broken. Silence breakers in the realm of the word, and in the structures of sound, are being starved, censored, and humiliated daily. Funding is steadily being cut off, intellectual projects are being gutted, major labels increasingly circulate more cheap-to-produce stock repetitions, recycled from backlogs of unpaid artist recordings, loading these de-skilling trances into the places most of us must traverse to eat, socialize and live. <br /><br /> The brutal mass murder taking place in the invasion of Iraq, strategic assassinations, reliance on unpaid domestic labour, the inability to provide the basic necessities of life (healthcare, adequate incomes and housing for all people) and the de-humanizing gestures of those who offer sexual desire, or approval, in return for free music, all these things are direct descendants of a multinational capitalist regime which does not hesitate to manipulate nationalism and national identity for its agenda. The very structures of this regime demand maximum labour while returning minimum, if any, subsistence to its subjects. In many cases it prefers to exterminate those whose labours it is not in a position to benefit from. Though I describe here diverse and unequal forms of violence, varying in intensity, these acts, events, instances are related. Mass death and destruction in Iraq is symptomatic of a regime that values neither life nor labour. <br /><br /> Now is the time to recognize the connection between dissatisfactions, revoltions, and violence, it is not the time to diminish or dismiss any of them. <br /><br />What will characterize the &rsquo;freedom&rsquo; or the &rsquo;not-war&rsquo; beckoned, if the violence and repression that drench those other practices, and form these very concepts, is ignored? <br /><br /> 6 November 2003 (and still relevant)</p>
<p>(-via Dora's <a href=""http://www.myspace.com/dorableu"" target=""_blank"">Myspace</a> page)</p>
<p><a href=""http://www.flickr.com/photos/stevenleah/2454920099/"" target=""_blank"">photo</a> via Flickr user <a href=""http://www.flickr.com/photos/stevenleah/"" target=""_blank"">steven'leah</a></p>",0,2008-11-26 02:08:29,1,122,,,,,Dora Bleu,"From Quagmire, Axa Hour of Dora Bleu",['dora bleu'],http://www.myspace.com/dorableu,,validation,large,128000,0,,2008-11-26 02:07:07,2008-11-26 00:00:00,432,0,Folk,[17],[17],,372,en,Attribution-NonCommercial-ShareAlike 3.0 International,76,,1,,[],Ingrate
602,0,2009-01-07 08:52:30,2007-12-04 00:00:00,,0,1692,"<p>Originally recorded under the band name ""Axa Hour of Dora Bleu."" A re-crystallizing of the sound of Dorothy Geller, formerly of From Quagmire (VHF Records) and Laconic Chamber (Camera Obscura.) Dorothy (Voice, Guitar and Songwriting) is joined here by Brooke Crouser (Jackie O&rsquo; Motherfucker) on Piano, electric guitar and vibes; Alex Ste-Onge (Feu Therese, Et Sans, Shalabi Effect) on Upright Bass; Justin Evans (Rivers and Mountains, Et Sans, Shalabi Effect) on Rhodes and Electronics and Francis Amirault (Le Sentier Lumineeux, Cian Ethrie) on Percusssion. (-via <a href=""http://www.museumfire.com/dorableu.htm"" target=""_blank"">MuseumFire.com</a>)</p>",1019,,[],Clones of Eros,2,Album,,,"Museum Fire, VHf","<p>I am a woman and I am a musician, and I am something distinctly separate, that is neither of those, but something combinatory of those two and many other aspects. I am not a &lsquo;womyn born womyn&rsquo; except in the imaginings brought by a set of purely social acts that are sometimes amidst the multiple nows becoming a body.<br /> Nor am I a musician who sings for the &lsquo;soul&rsquo; or some unspeakable emotion. I noise, in my quiet way, to speak the twisted and skewed, fully utterable at the moment we dare to say what has been feared or forbidden.<br /> As this neither woman nor musician, or both at once, I find my better self against fixity and commodity, loathing the marketing of the intimacy of personal space, a demand for the performer&rsquo;s sexuality or personality, the gaze that coats living, changing, morphing tissue and fluid with the suffocating synthetics of expectation, projection, and other desires that form the violent refuse disowned by the normal world. (Trauma is not for oggling.) <br /><br /> I cannot just yet call music &ldquo;work.&rdquo; For &ldquo;work&rdquo; in the corporate US is only ever mechanical reproduction. Only productivity is rewarded: (how many &ldquo;records have you sold?&rdquo;) When I view music as work, in this everywhere definition, it loses its intimacy, and becomes something empty and exhausting.<br /> Nor can I easily call music &ldquo;property.&rdquo; For property involves nervously guarding, and desiring isolation. I have never dreamed of a cash cow or a Mercedes. I do not wish to join the propertied class, so that someday I turn and look upon a bandmate as a &ldquo;marketable&rdquo; bringer of &lsquo;cool&rsquo; or &lsquo;cred.&rsquo; <br /><br /> Yet it is not adequate for music to be free of charge, or to self-sacrifice in the process.  <br /><br /> Why should this worker-of-a-different-kind barely live? In this era, the life-sacrifice of a cultural worker can only endorse the very structure of exploitation and de-humanization pushed into, forward, around and within the de-humanizing world of multinational capital. The capitalist accumulators have to starve musicians, writers and thinkers to survive, because if they did not, the entire fabric of culture would be different, less tolerant of US security and less afraid. To allow ourselves to be starved willingly, bolstered by the fantasy of the &lsquo;starving artist,&rsquo; is to collude with the plans of the agents of exploitation who right now stalk the globe with tanks and missiles. <br /><br />The anti-war demonstrators have broken a silence that has postured as US patriotism since September 11th. There are many silences to be broken. Silence breakers in the realm of the word, and in the structures of sound, are being starved, censored, and humiliated daily. Funding is steadily being cut off, intellectual projects are being gutted, major labels increasingly circulate more cheap-to-produce stock repetitions, recycled from backlogs of unpaid artist recordings, loading these de-skilling trances into the places most of us must traverse to eat, socialize and live. <br /><br /> The brutal mass murder taking place in the invasion of Iraq, strategic assassinations, reliance on unpaid domestic labour, the inability to provide the basic necessities of life (healthcare, adequate incomes and housing for all people) and the de-humanizing gestures of those who offer sexual desire, or approval, in return for free music, all these things are direct descendants of a multinational capitalist regime which does not hesitate to manipulate nationalism and national identity for its agenda. The very structures of this regime demand maximum labour while returning minimum, if any, subsistence to its subjects. In many cases it prefers to exterminate those whose labours it is not in a position to benefit from. Though I describe here diverse and unequal forms of violence, varying in intensity, these acts, events, instances are related. Mass death and destruction in Iraq is symptomatic of a regime that values neither life nor labour. <br /><br /> Now is the time to recognize the connection between dissatisfactions, revoltions, and violence, it is not the time to diminish or dismiss any of them. <br /><br />What will characterize the &rsquo;freedom&rsquo; or the &rsquo;not-war&rsquo; beckoned, if the violence and repression that drench those other practices, and form these very concepts, is ignored? <br /><br /> 6 November 2003 (and still relevant)</p>
<p>(-via Dora's <a href=""http://www.myspace.com/dorableu"" target=""_blank"">Myspace</a> page)</p>
<p><a href=""http://www.flickr.com/photos/stevenleah/2454920099/"" target=""_blank"">photo</a> via Flickr user <a href=""http://www.flickr.com/photos/stevenleah/"" target=""_blank"">steven'leah</a></p>",0,2008-11-26 02:08:29,1,122,,,,,Dora Bleu,"From Quagmire, Axa Hour of Dora Bleu",['dora bleu'],http://www.myspace.com/dorableu,,validation,small,160000,0,,2008-11-26 02:07:10,2008-11-26 00:00:00,445,0,Folk,[17],[17],,1262,en,Attribution-NonCommercial-ShareAlike 3.0 International,660,,3,,[],Disappearing
603,0,2009-01-07 08:52:30,2007-12-04 00:00:00,,0,1692,"<p>Originally recorded under the band name ""Axa Hour of Dora Bleu."" A re-crystallizing of the sound of Dorothy Geller, formerly of From Quagmire (VHF Records) and Laconic Chamber (Camera Obscura.) Dorothy (Voice, Guitar and Songwriting) is joined here by Brooke Crouser (Jackie O&rsquo; Motherfucker) on Piano, electric guitar and vibes; Alex Ste-Onge (Feu Therese, Et Sans, Shalabi Effect) on Upright Bass; Justin Evans (Rivers and Mountains, Et Sans, Shalabi Effect) on Rhodes and Electronics and Francis Amirault (Le Sentier Lumineeux, Cian Ethrie) on Percusssion. (-via <a href=""http://www.museumfire.com/dorableu.htm"" target=""_blank"">MuseumFire.com</a>)</p>",1019,,[],Clones of Eros,2,Album,,,"Museum Fire, VHf","<p>I am a woman and I am a musician, and I am something distinctly separate, that is neither of those, but something combinatory of those two and many other aspects. I am not a &lsquo;womyn born womyn&rsquo; except in the imaginings brought by a set of purely social acts that are sometimes amidst the multiple nows becoming a body.<br /> Nor am I a musician who sings for the &lsquo;soul&rsquo; or some unspeakable emotion. I noise, in my quiet way, to speak the twisted and skewed, fully utterable at the moment we dare to say what has been feared or forbidden.<br /> As this neither woman nor musician, or both at once, I find my better self against fixity and commodity, loathing the marketing of the intimacy of personal space, a demand for the performer&rsquo;s sexuality or personality, the gaze that coats living, changing, morphing tissue and fluid with the suffocating synthetics of expectation, projection, and other desires that form the violent refuse disowned by the normal world. (Trauma is not for oggling.) <br /><br /> I cannot just yet call music &ldquo;work.&rdquo; For &ldquo;work&rdquo; in the corporate US is only ever mechanical reproduction. Only productivity is rewarded: (how many &ldquo;records have you sold?&rdquo;) When I view music as work, in this everywhere definition, it loses its intimacy, and becomes something empty and exhausting.<br /> Nor can I easily call music &ldquo;property.&rdquo; For property involves nervously guarding, and desiring isolation. I have never dreamed of a cash cow or a Mercedes. I do not wish to join the propertied class, so that someday I turn and look upon a bandmate as a &ldquo;marketable&rdquo; bringer of &lsquo;cool&rsquo; or &lsquo;cred.&rsquo; <br /><br /> Yet it is not adequate for music to be free of charge, or to self-sacrifice in the process.  <br /><br /> Why should this worker-of-a-different-kind barely live? In this era, the life-sacrifice of a cultural worker can only endorse the very structure of exploitation and de-humanization pushed into, forward, around and within the de-humanizing world of multinational capital. The capitalist accumulators have to starve musicians, writers and thinkers to survive, because if they did not, the entire fabric of culture would be different, less tolerant of US security and less afraid. To allow ourselves to be starved willingly, bolstered by the fantasy of the &lsquo;starving artist,&rsquo; is to collude with the plans of the agents of exploitation who right now stalk the globe with tanks and missiles. <br /><br />The anti-war demonstrators have broken a silence that has postured as US patriotism since September 11th. There are many silences to be broken. Silence breakers in the realm of the word, and in the structures of sound, are being starved, censored, and humiliated daily. Funding is steadily being cut off, intellectual projects are being gutted, major labels increasingly circulate more cheap-to-produce stock repetitions, recycled from backlogs of unpaid artist recordings, loading these de-skilling trances into the places most of us must traverse to eat, socialize and live. <br /><br /> The brutal mass murder taking place in the invasion of Iraq, strategic assassinations, reliance on unpaid domestic labour, the inability to provide the basic necessities of life (healthcare, adequate incomes and housing for all people) and the de-humanizing gestures of those who offer sexual desire, or approval, in return for free music, all these things are direct descendants of a multinational capitalist regime which does not hesitate to manipulate nationalism and national identity for its agenda. The very structures of this regime demand maximum labour while returning minimum, if any, subsistence to its subjects. In many cases it prefers to exterminate those whose labours it is not in a position to benefit from. Though I describe here diverse and unequal forms of violence, varying in intensity, these acts, events, instances are related. Mass death and destruction in Iraq is symptomatic of a regime that values neither life nor labour. <br /><br /> Now is the time to recognize the connection between dissatisfactions, revoltions, and violence, it is not the time to diminish or dismiss any of them. <br /><br />What will characterize the &rsquo;freedom&rsquo; or the &rsquo;not-war&rsquo; beckoned, if the violence and repression that drench those other practices, and form these very concepts, is ignored? <br /><br /> 6 November 2003 (and still relevant)</p>
<p>(-via Dora's <a href=""http://www.myspace.com/dorableu"" target=""_blank"">Myspace</a> page)</p>
<p><a href=""http://www.flickr.com/photos/stevenleah/2454920099/"" target=""_blank"">photo</a> via Flickr user <a href=""http://www.flickr.com/photos/stevenleah/"" target=""_blank"">steven'leah</a></p>",0,2008-11-26 02:08:29,1,122,,,,,Dora Bleu,"From Quagmire, Axa Hour of Dora Bleu",['dora bleu'],http://www.myspace.com/dorableu,,validation,medium,128000,0,Dorothy Geller,2008-11-26 02:07:13,2008-11-26 00:00:00,439,0,Folk,[17],[17],,843,en,Attribution-NonCommercial-ShareAlike 3.0 International,359,,0,,[],Lover of Nightmares
604,0,2008-11-26 02:10:56,2008-01-01 00:00:00,,0,168,"<p>12 December 2007 is a live recording of Dorothy Geller (From Quagmire) alias Dora Bleu and Alexandre St-Onge (Shalabi Effect, et Sans) taken in Montreal at Zoobizarre on that date. Several of the songs are inspired by the film The Night Porter (1976). The live event itself was called ""Music on Dark Screens."" St-Onge's dark, minimal and lush double bass is a perfect compliment to Geller's unconventional and minimal song structures. The songs and sounds refract each element together like an interplay between cracked and broken mirrors. The lyrics to the songs, like the film, make explicit that the violence of political reality interweaves with emotional, personal and psychic life, demonstrating the total inseparability of the world and self and sexuality. Recommended for people who saturate and submerge themselves in their listening. (-via <a href=""http://www.ikuisuus.net/index1.htm"" target=""_blank"">Ikuisuus.net</a>)</p>",352,,[],12 December 2007,1,Live Performance,,,"Museum Fire, VHf","<p>I am a woman and I am a musician, and I am something distinctly separate, that is neither of those, but something combinatory of those two and many other aspects. I am not a &lsquo;womyn born womyn&rsquo; except in the imaginings brought by a set of purely social acts that are sometimes amidst the multiple nows becoming a body.<br /> Nor am I a musician who sings for the &lsquo;soul&rsquo; or some unspeakabl